ISO-10303-21;
HEADER;
FILE_DESCRIPTION (( 'STEP AP214' ),
    '1' );
FILE_NAME ('FDMC8327L.STEP',
    '2021-08-04T06:16:54',
    ( '' ),
    ( '' ),
    'SwSTEP 2.0',
    'SolidWorks 2018',
    '' );
FILE_SCHEMA (( 'AUTOMOTIVE_DESIGN' ));
ENDSEC;

DATA;
#1 = PLANE ( 'NONE',  #8038 ) ;
#2 = ORIENTED_EDGE ( 'NONE', *, *, #5777, .F. ) ;
#3 = FILL_AREA_STYLE_COLOUR ( '', #9375 ) ;
#4 = SURFACE_STYLE_FILL_AREA ( #10248 ) ;
#5 = FILL_AREA_STYLE_COLOUR ( '', #9610 ) ;
#6 = PLANE ( 'NONE',  #3007 ) ;
#7 = AXIS2_PLACEMENT_3D ( 'NONE', #3902, #10811, #4910 ) ;
#8 = PRESENTATION_LAYER_ASSIGNMENT (  '', '', ( #12205 ) ) ;
#9 = LINE ( 'NONE', #4226, #2665 ) ;
#10 = CARTESIAN_POINT ( 'NONE',  ( -0.1060883464570583357, -0.05000000000000000278, -0.0000000000000000000 ) ) ;
#11 = CARTESIAN_POINT ( 'NONE',  ( 0.0000000000000000000, -0.05000000000000000278, -1.416874574924349872 ) ) ;
#12 = VERTEX_POINT ( 'NONE', #12288 ) ;
#14 = CARTESIAN_POINT ( 'NONE',  ( 0.8149999999999995026, -0.05000000000000000278, 1.375493264616636679 ) ) ;
#13 = SURFACE_STYLE_FILL_AREA ( #639 ) ;
#15 = ORIENTED_EDGE ( 'NONE', *, *, #2280, .F. ) ;
#16 =( NAMED_UNIT ( * ) PLANE_ANGLE_UNIT ( ) SI_UNIT ( $, .RADIAN. ) );
#17 = STYLED_ITEM ( 'NONE', ( #902 ), #383 ) ;
#18 = FILL_AREA_STYLE ('',( #5002 ) ) ;
#19 = DIRECTION ( 'NONE',  ( 0.0000000000000000000, 0.0000000000000000000, 1.000000000000000000 ) ) ;
#20 = CARTESIAN_POINT ( 'NONE',  ( 0.1650000000000009237, -0.05000000000000000278, -1.199999999999999289 ) ) ;
#21 = VERTEX_POINT ( 'NONE', #8020 ) ;
#22 = SURFACE_SIDE_STYLE ('',( #12314 ) ) ;
#23 = EDGE_CURVE ( 'NONE', #3465, #11645, #7239, .T. ) ;
#24 = EDGE_CURVE ( 'NONE', #12559, #11358, #6780, .T. ) ;
#25 = VERTEX_POINT ( 'NONE', #191 ) ;
#26 = PRESENTATION_LAYER_ASSIGNMENT (  '', '', ( #12227 ) ) ;
#27 = UNCERTAINTY_MEASURE_WITH_UNIT (LENGTH_MEASURE( 1.000000000000000082E-05 ), #12404, 'distance_accuracy_value', 'NONE');
#28 = SURFACE_STYLE_USAGE ( .BOTH. , #5978 ) ;
#29 = FILL_AREA_STYLE_COLOUR ( '', #9547 ) ;
#30 = VECTOR ( 'NONE', #4281, 1000.000000000000000 ) ;
#31 = ORIENTED_EDGE ( 'NONE', *, *, #3134, .F. ) ;
#32 = VERTEX_POINT ( 'NONE', #415 ) ;
#33 = DIRECTION ( 'NONE',  ( 0.0000000000000000000, 0.0000000000000000000, -1.000000000000000000 ) ) ;
#34 = ADVANCED_FACE ( 'NONE', ( #6308 ), #11030, .F. ) ;
#35 = EDGE_LOOP ( 'NONE', ( #9853, #4333, #5262, #4947 ) ) ;
#36 =( NAMED_UNIT ( * ) SI_UNIT ( $, .STERADIAN. ) SOLID_ANGLE_UNIT ( ) );
#37 = AXIS2_PLACEMENT_3D ( 'NONE', #1040, #11200, #10957 ) ;
#39 =( NAMED_UNIT ( * ) SI_UNIT ( $, .STERADIAN. ) SOLID_ANGLE_UNIT ( ) );
#38 = FACE_OUTER_BOUND ( 'NONE', #8548, .T. ) ;
#40 = MECHANICAL_DESIGN_GEOMETRIC_PRESENTATION_REPRESENTATION (  '', ( #10914 ), #702 ) ;
#41 =( GEOMETRIC_REPRESENTATION_CONTEXT ( 3 ) GLOBAL_UNCERTAINTY_ASSIGNED_CONTEXT ( ( #1250 ) ) GLOBAL_UNIT_ASSIGNED_CONTEXT ( ( #4067, #688, #3576 ) ) REPRESENTATION_CONTEXT ( 'NONE', 'WORKASPACE' ) );
#42 = DIRECTION ( 'NONE',  ( -1.000000000000000000, 0.0000000000000000000, -0.0000000000000000000 ) ) ;
#43 = EDGE_CURVE ( 'NONE', #2506, #1453, #2903, .T. ) ;
#44 = UNCERTAINTY_MEASURE_WITH_UNIT (LENGTH_MEASURE( 1.000000000000000082E-05 ), #8957, 'distance_accuracy_value', 'NONE');
#45 = PLANE ( 'NONE',  #1286 ) ;
#46 =( NAMED_UNIT ( * ) PLANE_ANGLE_UNIT ( ) SI_UNIT ( $, .RADIAN. ) );
#47 = PLANE ( 'NONE',  #11994 ) ;
#48 = STYLED_ITEM ( 'NONE', ( #5853 ), #34 ) ;
#49 = DIRECTION ( 'NONE',  ( -0.0000000000000000000, 0.0000000000000000000, 1.000000000000000000 ) ) ;
#50 = PRESENTATION_LAYER_ASSIGNMENT (  '', '', ( #11576 ) ) ;
#51 = CARTESIAN_POINT ( 'NONE',  ( 1.389381878823499061, 0.7190808995376545276, -1.191219160478733219 ) ) ;
#52 = FILL_AREA_STYLE ('',( #11913 ) ) ;
#53 = VECTOR ( 'NONE', #9175, 1000.000000000000000 ) ;
#54 = ORIENTED_EDGE ( 'NONE', *, *, #12417, .T. ) ;
#55 =( LENGTH_UNIT ( ) NAMED_UNIT ( * ) SI_UNIT ( .MILLI., .METRE. ) );
#56 = VECTOR ( 'NONE', #8171, 1000.000000000000000 ) ;
#57 = DIRECTION ( 'NONE',  ( -0.0000000000000000000, 0.0000000000000000000, 1.000000000000000000 ) ) ;
#58 = EDGE_CURVE ( 'NONE', #302, #10740, #3364, .T. ) ;
#59 = ORIENTED_EDGE ( 'NONE', *, *, #23, .F. ) ;
#60 =( LENGTH_UNIT ( ) NAMED_UNIT ( * ) SI_UNIT ( .MILLI., .METRE. ) );
#61 = PLANE ( 'NONE',  #4679 ) ;
#62 = MECHANICAL_DESIGN_GEOMETRIC_PRESENTATION_REPRESENTATION (  '', ( #10940 ), #734 ) ;
#63 = CARTESIAN_POINT ( 'NONE',  ( -0.4849999999999994316, -0.05000000000000000278, -1.277681107331943622 ) ) ;
#64 = PLANE ( 'NONE',  #3086 ) ;
#65 = ORIENTED_EDGE ( 'NONE', *, *, #1552, .F. ) ;
#66 = PRESENTATION_LAYER_ASSIGNMENT (  '', '', ( #11603 ) ) ;
#67 = CARTESIAN_POINT ( 'NONE',  ( -0.7399140984642225138, 0.0000000000000000000, 1.276162611327208873 ) ) ;
#68 = LINE ( 'NONE', #367, #4470 ) ;
#69 = FILL_AREA_STYLE ('',( #11872 ) ) ;
#70 = DIRECTION ( 'NONE',  ( 0.0000000000000000000, 0.0000000000000000000, -1.000000000000000000 ) ) ;
#71 = SURFACE_SIDE_STYLE ('',( #7814 ) ) ;
#72 = FACE_OUTER_BOUND ( 'NONE', #10511, .T. ) ;
#73 =( LENGTH_UNIT ( ) NAMED_UNIT ( * ) SI_UNIT ( .MILLI., .METRE. ) );
#74 = VERTEX_POINT ( 'NONE', #9381 ) ;
#75 = VECTOR ( 'NONE', #6807, 1000.000000000000000 ) ;
#76 = LINE ( 'NONE', #8511, #5085 ) ;
#77 = CARTESIAN_POINT ( 'NONE',  ( -0.4849999999999994316, 0.1000000000000000056, 0.0000000000000000000 ) ) ;
#78 = CARTESIAN_POINT ( 'NONE',  ( 0.0000000000000000000, 0.1000000000000000056, -1.416874574924349872 ) ) ;
#79 = CARTESIAN_POINT ( 'NONE',  ( 0.0000000000000000000, 0.1000000000000000056, -0.07500000000000017764 ) ) ;
#80 = CARTESIAN_POINT ( 'NONE',  ( 0.0000000000000000000, 0.1000000000000000056, -1.277681107331943622 ) ) ;
#81 = FACE_OUTER_BOUND ( 'NONE', #7873, .T. ) ;
#82 = VERTEX_POINT ( 'NONE', #10432 ) ;
#83 = PRESENTATION_STYLE_ASSIGNMENT (( #10265 ) ) ;
#84 = PRESENTATION_LAYER_ASSIGNMENT (  '', '', ( #12296 ) ) ;
#85 = ORIENTED_EDGE ( 'NONE', *, *, #6953, .T. ) ;
#86 = AXIS2_PLACEMENT_3D ( 'NONE', #9304, #3391, #10295 ) ;
#87 = EDGE_CURVE ( 'NONE', #7096, #154, #1985, .T. ) ;
#88 = ORIENTED_EDGE ( 'NONE', *, *, #10260, .F. ) ;
#89 = SURFACE_STYLE_FILL_AREA ( #11746 ) ;
#90 = ORIENTED_EDGE ( 'NONE', *, *, #4317, .F. ) ;
#91 = EDGE_CURVE ( 'NONE', #1221, #2397, #2600, .T. ) ;
#92 = UNCERTAINTY_MEASURE_WITH_UNIT (LENGTH_MEASURE( 1.000000000000000082E-05 ), #10124, 'distance_accuracy_value', 'NONE');
#93 =( LENGTH_UNIT ( ) NAMED_UNIT ( * ) SI_UNIT ( .MILLI., .METRE. ) );
#94 = VERTEX_POINT ( 'NONE', #9347 ) ;
#95 = VECTOR ( 'NONE', #3270, 1000.000000000000000 ) ;
#96 = DIRECTION ( 'NONE',  ( 0.0000000000000000000, 1.000000000000000000, -0.0000000000000000000 ) ) ;
#97 = FILL_AREA_STYLE_COLOUR ( '', #5884 ) ;
#98 =( NAMED_UNIT ( * ) PLANE_ANGLE_UNIT ( ) SI_UNIT ( $, .RADIAN. ) );
#99 = SURFACE_STYLE_FILL_AREA ( #5550 ) ;
#100 =( LENGTH_UNIT ( ) NAMED_UNIT ( * ) SI_UNIT ( .MILLI., .METRE. ) );
#101 = SURFACE_STYLE_USAGE ( .BOTH. , #6068 ) ;
#102 = VERTEX_POINT ( 'NONE', #1580 ) ;
#103 = ORIENTED_EDGE ( 'NONE', *, *, #5472, .T. ) ;
#104 = VECTOR ( 'NONE', #1008, 1000.000000000000000 ) ;
#105 = ORIENTED_EDGE ( 'NONE', *, *, #4328, .F. ) ;
#106 =( NAMED_UNIT ( * ) SI_UNIT ( $, .STERADIAN. ) SOLID_ANGLE_UNIT ( ) );
#107 = FILL_AREA_STYLE_COLOUR ( '', #4773 ) ;
#108 = FILL_AREA_STYLE_COLOUR ( '', #4977 ) ;
#109 = PRESENTATION_STYLE_ASSIGNMENT (( #8291 ) ) ;
#110 = FACE_OUTER_BOUND ( 'NONE', #2802, .T. ) ;
#111 = UNCERTAINTY_MEASURE_WITH_UNIT (LENGTH_MEASURE( 1.000000000000000082E-05 ), #11010, 'distance_accuracy_value', 'NONE');
#112 = VERTEX_POINT ( 'NONE', #3814 ) ;
#113 =( GEOMETRIC_REPRESENTATION_CONTEXT ( 3 ) GLOBAL_UNCERTAINTY_ASSIGNED_CONTEXT ( ( #427 ) ) GLOBAL_UNIT_ASSIGNED_CONTEXT ( ( #4255, #4162, #2214 ) ) REPRESENTATION_CONTEXT ( 'NONE', 'WORKASPACE' ) );
#114 = EDGE_CURVE ( 'NONE', #7402, #3722, #1198, .T. ) ;
#115 = FILL_AREA_STYLE ('',( #11978 ) ) ;
#116 = PRESENTATION_STYLE_ASSIGNMENT (( #3251 ) ) ;
#117 = AXIS2_PLACEMENT_3D ( 'NONE', #6262, #316, #7270 ) ;
#118 = VECTOR ( 'NONE', #5160, 999.9999999999998863 ) ;
#119 = EDGE_LOOP ( 'NONE', ( #11896, #5426, #3239, #9414 ) ) ;
#120 = EDGE_CURVE ( 'NONE', #11877, #9470, #1674, .T. ) ;
#121 = CARTESIAN_POINT ( 'NONE',  ( 0.0000000000000000000, 0.1000000000000000056, 0.07500000000000017764 ) ) ;
#122 = LINE ( 'NONE', #4958, #5436 ) ;
#123 = ADVANCED_FACE ( 'NONE', ( #884 ), #1, .T. ) ;
#124 = FILL_AREA_STYLE ('',( #5112 ) ) ;
#125 =( LENGTH_UNIT ( ) NAMED_UNIT ( * ) SI_UNIT ( .MILLI., .METRE. ) );
#126 = CARTESIAN_POINT ( 'NONE',  ( -1.134999999999999787, -0.05000000000000000278, 0.0000000000000000000 ) ) ;
#127 = CARTESIAN_POINT ( 'NONE',  ( -0.1549999999999993883, 0.1000000000000000056, 0.0000000000000000000 ) ) ;
#128 = AXIS2_PLACEMENT_3D ( 'NONE', #8343, #8282, #8255 ) ;
#129 = FACE_OUTER_BOUND ( 'NONE', #6796, .T. ) ;
#130 =( GEOMETRIC_REPRESENTATION_CONTEXT ( 3 ) GLOBAL_UNCERTAINTY_ASSIGNED_CONTEXT ( ( #4549 ) ) GLOBAL_UNIT_ASSIGNED_CONTEXT ( ( #7415, #1494, #8411 ) ) REPRESENTATION_CONTEXT ( 'NONE', 'WORKASPACE' ) );
#131 = ORIENTED_EDGE ( 'NONE', *, *, #533, .F. ) ;
#132 = EDGE_CURVE ( 'NONE', #153, #10173, #4978, .T. ) ;
#133 = AXIS2_PLACEMENT_3D ( 'NONE', #9797, #3899, #10808 ) ;
#134 =( LENGTH_UNIT ( ) NAMED_UNIT ( * ) SI_UNIT ( .MILLI., .METRE. ) );
#135 = FACE_OUTER_BOUND ( 'NONE', #10031, .T. ) ;
#136 = COLOUR_RGB ( '',1.000000000000000000, 1.000000000000000000, 1.000000000000000000 ) ;
#137 = VERTEX_POINT ( 'NONE', #601 ) ;
#138 = CARTESIAN_POINT ( 'NONE',  ( 0.5087622389318458005, 0.1000000000000000056, 0.0000000000000000000 ) ) ;
#139 = DIRECTION ( 'NONE',  ( 1.000000000000000000, -0.0000000000000000000, 0.0000000000000000000 ) ) ;
#140 = SURFACE_STYLE_FILL_AREA ( #8593 ) ;
#141 = PRESENTATION_STYLE_ASSIGNMENT (( #7170 ) ) ;
#142 = PRESENTATION_LAYER_ASSIGNMENT (  '', '', ( #11673 ) ) ;
#143 = EDGE_CURVE ( 'NONE', #4802, #10466, #4001, .T. ) ;
#144 = PRESENTATION_LAYER_ASSIGNMENT (  '', '', ( #820 ) ) ;
#145 = FILL_AREA_STYLE_COLOUR ( '', #9025 ) ;
#146 = CARTESIAN_POINT ( 'NONE',  ( 1.042656287931754022, -0.05000000000000000278, -0.3999999999999976907 ) ) ;
#147 = CARTESIAN_POINT ( 'NONE',  ( -1.507075080061872185, 0.0000000000000000000, 0.1031605786060936225 ) ) ;
#148 = ORIENTED_EDGE ( 'NONE', *, *, #6469, .T. ) ;
#149 = PRESENTATION_STYLE_ASSIGNMENT (( #12807 ) ) ;
#150 = LINE ( 'NONE', #5168, #5469 ) ;
#151 = SURFACE_STYLE_USAGE ( .BOTH. , #6114 ) ;
#152 = DIRECTION ( 'NONE',  ( 0.0000000000000000000, 0.0000000000000000000, -1.000000000000000000 ) ) ;
#153 = VERTEX_POINT ( 'NONE', #866 ) ;
#154 = VERTEX_POINT ( 'NONE', #5025 ) ;
#155 = CARTESIAN_POINT ( 'NONE',  ( -0.4849999999999994316, 0.1000000000000000056, -1.649999999999998579 ) ) ;
#156 = DIRECTION ( 'NONE',  ( 1.000000000000000000, 0.0000000000000000000, -0.0000000000000000000 ) ) ;
#157 = DIRECTION ( 'NONE',  ( 0.0000000000000000000, -1.000000000000000000, 0.0000000000000000000 ) ) ;
#158 = ORIENTED_EDGE ( 'NONE', *, *, #4805, .T. ) ;
#159 = SURFACE_STYLE_USAGE ( .BOTH. , #2947 ) ;
#160 = STYLED_ITEM ( 'NONE', ( #10312 ), #5487 ) ;
#161 = EDGE_CURVE ( 'NONE', #1484, #11179, #5560, .T. ) ;
#162 = PLANE ( 'NONE',  #226 ) ;
#163 = ORIENTED_EDGE ( 'NONE', *, *, #3862, .T. ) ;
#164 = FILL_AREA_STYLE_COLOUR ( '', #7729 ) ;
#165 = ADVANCED_FACE ( 'NONE', ( #919 ), #9432, .T. ) ;
#166 = ORIENTED_EDGE ( 'NONE', *, *, #836, .T. ) ;
#167 = VECTOR ( 'NONE', #204, 1000.000000000000000 ) ;
#168 = ORIENTED_EDGE ( 'NONE', *, *, #11161, .F. ) ;
#169 = DIRECTION ( 'NONE',  ( 0.0000000000000000000, 1.000000000000000000, 0.0000000000000000000 ) ) ;
#170 = PRESENTATION_LAYER_ASSIGNMENT (  '', '', ( #11710 ) ) ;
#171 = EDGE_LOOP ( 'NONE', ( #6754, #11705, #8307, #4233 ) ) ;
#172 = SURFACE_STYLE_FILL_AREA ( #2297 ) ;
#173 = UNCERTAINTY_MEASURE_WITH_UNIT (LENGTH_MEASURE( 1.000000000000000082E-05 ), #9463, 'distance_accuracy_value', 'NONE');
#174 = DIRECTION ( 'NONE',  ( 0.0000000000000000000, 1.000000000000000000, -0.0000000000000000000 ) ) ;
#175 = FACE_OUTER_BOUND ( 'NONE', #4413, .T. ) ;
#176 = DIRECTION ( 'NONE',  ( 1.000000000000000000, 0.0000000000000000000, 0.0000000000000000000 ) ) ;
#177 = ADVANCED_FACE ( 'NONE', ( #6784 ), #3257, .T. ) ;
#178 = PRESENTATION_LAYER_ASSIGNMENT (  '', '', ( #11720 ) ) ;
#179 = ORIENTED_EDGE ( 'NONE', *, *, #11627, .F. ) ;
#180 = EDGE_CURVE ( 'NONE', #12808, #7889, #9076, .T. ) ;
#181 = ADVANCED_FACE ( 'NONE', ( #6331 ), #10080, .T. ) ;
#182 =( GEOMETRIC_REPRESENTATION_CONTEXT ( 3 ) GLOBAL_UNCERTAINTY_ASSIGNED_CONTEXT ( ( #8309 ) ) GLOBAL_UNIT_ASSIGNED_CONTEXT ( ( #9394, #3484, #10403 ) ) REPRESENTATION_CONTEXT ( 'NONE', 'WORKASPACE' ) );
#183 = SURFACE_STYLE_USAGE ( .BOTH. , #1153 ) ;
#184 = CARTESIAN_POINT ( 'NONE',  ( -1.134999999999999787, 0.1000000000000000056, -1.500000000000000000 ) ) ;
#185 = FILL_AREA_STYLE ('',( #1255 ) ) ;
#186 = FILL_AREA_STYLE_COLOUR ( '', #1055 ) ;
#187 = ORIENTED_EDGE ( 'NONE', *, *, #12669, .F. ) ;
#188 = PRESENTATION_STYLE_ASSIGNMENT (( #6892 ) ) ;
#189 =( LENGTH_UNIT ( ) NAMED_UNIT ( * ) SI_UNIT ( .MILLI., .METRE. ) );
#190 = CARTESIAN_POINT ( 'NONE',  ( 0.0000000000000000000, -0.05000000000000000278, 1.649999999999999467 ) ) ;
#191 = CARTESIAN_POINT ( 'NONE',  ( -0.1060883464570583357, 0.1000000000000000056, 1.320000718934352335 ) ) ;
#192 = PRESENTATION_STYLE_ASSIGNMENT (( #1430 ) ) ;
#193 = FILL_AREA_STYLE_COLOUR ( '', #6278 ) ;
#194 = UNCERTAINTY_MEASURE_WITH_UNIT (LENGTH_MEASURE( 1.000000000000000082E-05 ), #1443, 'distance_accuracy_value', 'NONE');
#195 = CLOSED_SHELL ( 'NONE', ( #8102, #1897, #123, #7343, #11425, #8522, #6035, #10775, #6739, #2405, #9543, #9157, #8767, #10318, #5312, #1305, #1461, #7788, #1238, #559, #8652, #3404, #10397, #6093, #5938, #10269, #12702, #12013, #5882, #12271, #5977, #11537, #7168, #4831, #10523, #12396, #8398, #3643, #10704, #1438, #6175, #4064, #4890, #505, #5073, #4840, #10697, #455, #6119, #8258, #2295, #6372, #7065, #7413, #10455, #6820, #4697, #4459, #7738, #5121, #4175, #5996, #5175, #1385, #1369, #8955, #5427, #8078, #1564, #7222 ) ) ;
#196 =( NAMED_UNIT ( * ) PLANE_ANGLE_UNIT ( ) SI_UNIT ( $, .RADIAN. ) );
#197 = PRESENTATION_LAYER_ASSIGNMENT (  '', '', ( #12413 ) ) ;
#198 = AXIS2_PLACEMENT_3D ( 'NONE', #9584, #9532, #9498 ) ;
#199 =( NAMED_UNIT ( * ) SI_UNIT ( $, .STERADIAN. ) SOLID_ANGLE_UNIT ( ) );
#200 = PRESENTATION_STYLE_ASSIGNMENT (( #7036 ) ) ;
#201 = EDGE_CURVE ( 'NONE', #7824, #2252, #11436, .T. ) ;
#202 = ORIENTED_EDGE ( 'NONE', *, *, #7444, .F. ) ;
#203 = CYLINDRICAL_SURFACE ( 'NONE', #12527, 0.05593526370766899181 ) ;
#204 = DIRECTION ( 'NONE',  ( -0.0000000000000000000, -1.000000000000000000, -0.0000000000000000000 ) ) ;
#205 = DIRECTION ( 'NONE',  ( 0.0000000000000000000, 0.0000000000000000000, -1.000000000000000000 ) ) ;
#206 = DIRECTION ( 'NONE',  ( 0.0000000000000000000, 0.0000000000000000000, 1.000000000000000000 ) ) ;
#207 = PLANE ( 'NONE',  #4261 ) ;
#208 = PRESENTATION_LAYER_ASSIGNMENT (  '', '', ( #12421 ) ) ;
#209 = CARTESIAN_POINT ( 'NONE',  ( -0.7660883464570584778, 0.1000000000000000056, 0.0000000000000000000 ) ) ;
#210 = CARTESIAN_POINT ( 'NONE',  ( 1.134999999999999787, 0.1000000000000000056, 1.500000000000000000 ) ) ;
#211 = FILL_AREA_STYLE_COLOUR ( '', #4400 ) ;
#212 = LINE ( 'NONE', #7185, #2566 ) ;
#213 = ORIENTED_EDGE ( 'NONE', *, *, #3319, .T. ) ;
#214 = FACE_OUTER_BOUND ( 'NONE', #10947, .T. ) ;
#215 = LINE ( 'NONE', #2062, #12762 ) ;
#216 =( GEOMETRIC_REPRESENTATION_CONTEXT ( 3 ) GLOBAL_UNCERTAINTY_ASSIGNED_CONTEXT ( ( #928 ) ) GLOBAL_UNIT_ASSIGNED_CONTEXT ( ( #4873, #11758, #5842 ) ) REPRESENTATION_CONTEXT ( 'NONE', 'WORKASPACE' ) );
#217 = EDGE_CURVE ( 'NONE', #10951, #3197, #1044, .T. ) ;
#218 = FILL_AREA_STYLE ('',( #7140 ) ) ;
#219 = EDGE_CURVE ( 'NONE', #6334, #3866, #8663, .T. ) ;
#220 = DIRECTION ( 'NONE',  ( 0.0000000000000000000, -0.1908089953765452207, 0.9816271834476638647 ) ) ;
#221 = CIRCLE ( 'NONE', #10440, 0.05593526370766899181 ) ;
#222 = DIRECTION ( 'NONE',  ( 0.0000000000000000000, 0.0000000000000000000, -1.000000000000000000 ) ) ;
#223 = CARTESIAN_POINT ( 'NONE',  ( 0.1372400328159084637, 0.1000000000000000056, -0.0000000000000000000 ) ) ;
#224 = COLOUR_RGB ( '',1.000000000000000000, 1.000000000000000000, 1.000000000000000000 ) ;
#225 = VECTOR ( 'NONE', #10210, 1000.000000000000000 ) ;
#226 = AXIS2_PLACEMENT_3D ( 'NONE', #5198, #12080, #6171 ) ;
#227 = ORIENTED_EDGE ( 'NONE', *, *, #2611, .F. ) ;
#228 = LINE ( 'NONE', #3008, #12768 ) ;
#229 = VECTOR ( 'NONE', #12587, 1000.000000000000000 ) ;
#230 = CARTESIAN_POINT ( 'NONE',  ( 1.499999999999999556, 0.1499999999999999944, 1.359764889246170005 ) ) ;
#231 =( NAMED_UNIT ( * ) PLANE_ANGLE_UNIT ( ) SI_UNIT ( $, .RADIAN. ) );
#232 = FACE_OUTER_BOUND ( 'NONE', #11870, .T. ) ;
#233 = CARTESIAN_POINT ( 'NONE',  ( -0.7399140984642225138, 0.1000000000000000056, 1.276162611327208873 ) ) ;
#234 = VECTOR ( 'NONE', #5143, 1000.000000000000000 ) ;
#235 = CARTESIAN_POINT ( 'NONE',  ( -1.134999999999998010, 0.1000000000000000056, -0.3161628721251190655 ) ) ;
#236 = ORIENTED_EDGE ( 'NONE', *, *, #9528, .T. ) ;
#237 = CARTESIAN_POINT ( 'NONE',  ( 0.8149999999999995026, 0.1000000000000000056, 0.0000000000000000000 ) ) ;
#238 = ORIENTED_EDGE ( 'NONE', *, *, #8328, .F. ) ;
#239 = VECTOR ( 'NONE', #7833, 1000.000000000000000 ) ;
#240 = VERTEX_POINT ( 'NONE', #6116 ) ;
#241 = VECTOR ( 'NONE', #4394, 999.9999999999998863 ) ;
#243 = ORIENTED_EDGE ( 'NONE', *, *, #5647, .F. ) ;
#242 =( GEOMETRIC_REPRESENTATION_CONTEXT ( 3 ) GLOBAL_UNCERTAINTY_ASSIGNED_CONTEXT ( ( #9864 ) ) GLOBAL_UNIT_ASSIGNED_CONTEXT ( ( #8399, #2470, #9370 ) ) REPRESENTATION_CONTEXT ( 'NONE', 'WORKASPACE' ) );
#244 = DIRECTION ( 'NONE',  ( 1.000000000000000000, -0.0000000000000000000, 0.0000000000000000000 ) ) ;
#245 = AXIS2_PLACEMENT_3D ( 'NONE', #496, #2472, #7448 ) ;
#246 = LINE ( 'NONE', #6684, #5254 ) ;
#247 = LINE ( 'NONE', #11296, #2597 ) ;
#248 =( NAMED_UNIT ( * ) PLANE_ANGLE_UNIT ( ) SI_UNIT ( $, .RADIAN. ) );
#249 = COLOUR_RGB ( '',1.000000000000000000, 1.000000000000000000, 1.000000000000000000 ) ;
#250 = CIRCLE ( 'NONE', #10886, 0.05920802862897456276 ) ;
#251 = DIRECTION ( 'NONE',  ( 0.0000000000000000000, 0.0000000000000000000, 1.000000000000000000 ) ) ;
#252 = VERTEX_POINT ( 'NONE', #6042 ) ;
#253 = ORIENTED_EDGE ( 'NONE', *, *, #3387, .T. ) ;
#254 = COLOUR_RGB ( '',1.000000000000000000, 1.000000000000000000, 1.000000000000000000 ) ;
#255 = PRESENTATION_STYLE_ASSIGNMENT (( #12070 ) ) ;
#256 = VERTEX_POINT ( 'NONE', #6862 ) ;
#257 =( NAMED_UNIT ( * ) PLANE_ANGLE_UNIT ( ) SI_UNIT ( $, .RADIAN. ) );
#258 = SURFACE_STYLE_USAGE ( .BOTH. , #6219 ) ;
#259 = ORIENTED_EDGE ( 'NONE', *, *, #87, .F. ) ;
#260 = ORIENTED_EDGE ( 'NONE', *, *, #2668, .F. ) ;
#261 = CARTESIAN_POINT ( 'NONE',  ( 0.1650000000000009237, -0.05000000000000000278, 1.649999999999999467 ) ) ;
#262 =( LENGTH_UNIT ( ) NAMED_UNIT ( * ) SI_UNIT ( .MILLI., .METRE. ) );
#263 = UNCERTAINTY_MEASURE_WITH_UNIT (LENGTH_MEASURE( 1.000000000000000082E-05 ), #6805, 'distance_accuracy_value', 'NONE');
#264 = DIRECTION ( 'NONE',  ( 0.0000000000000000000, 0.0000000000000000000, -1.000000000000000000 ) ) ;
#265 = SURFACE_STYLE_USAGE ( .BOTH. , #6224 ) ;
#266 = CARTESIAN_POINT ( 'NONE',  ( -0.8149999999999995026, 0.1000000000000000056, 0.0000000000000000000 ) ) ;
#267 = CARTESIAN_POINT ( 'NONE',  ( -0.1060883464570583357, 0.0000000000000000000, 1.320000718934352335 ) ) ;
#268 = EDGE_CURVE ( 'NONE', #11837, #1973, #7087, .T. ) ;
#269 = EDGE_CURVE ( 'NONE', #11165, #8107, #4487, .T. ) ;
#270 = VERTEX_POINT ( 'NONE', #12030 ) ;
#271 = COLOUR_RGB ( '',1.000000000000000000, 1.000000000000000000, 1.000000000000000000 ) ;
#272 = VECTOR ( 'NONE', #8242, 1000.000000000000000 ) ;
#273 = EDGE_LOOP ( 'NONE', ( #8947, #3841, #3053, #12422 ) ) ;
#274 = VERTEX_POINT ( 'NONE', #8067 ) ;
#275 = ORIENTED_EDGE ( 'NONE', *, *, #12769, .F. ) ;
#276 = PRESENTATION_LAYER_ASSIGNMENT (  '', '', ( #11803 ) ) ;
#277 = CARTESIAN_POINT ( 'NONE',  ( -0.4949999999999992184, -0.05000000000000000278, 1.375493264616636679 ) ) ;
#278 = CARTESIAN_POINT ( 'NONE',  ( 0.0000000000000000000, -0.05000000000000000278, -0.2000076143446563315 ) ) ;
#279 = VECTOR ( 'NONE', #7771, 1000.000000000000000 ) ;
#280 = UNCERTAINTY_MEASURE_WITH_UNIT (LENGTH_MEASURE( 1.000000000000000082E-05 ), #6155, 'distance_accuracy_value', 'NONE');
#281 = CARTESIAN_POINT ( 'NONE',  ( 0.1650000000000009237, 0.0000000000000000000, -1.199999999999999289 ) ) ;
#282 = VERTEX_POINT ( 'NONE', #10596 ) ;
#283 =( NAMED_UNIT ( * ) SI_UNIT ( $, .STERADIAN. ) SOLID_ANGLE_UNIT ( ) );
#284 = SURFACE_STYLE_FILL_AREA ( #3396 ) ;
#285 = LINE ( 'NONE', #4995, #10520 ) ;
#286 = DIRECTION ( 'NONE',  ( 0.0000000000000000000, 0.0000000000000000000, 1.000000000000000000 ) ) ;
#287 = VERTEX_POINT ( 'NONE', #7322 ) ;
#288 = CARTESIAN_POINT ( 'NONE',  ( -0.4949999999999992184, -0.05000000000000000278, 0.0000000000000000000 ) ) ;
#290 = ORIENTED_EDGE ( 'NONE', *, *, #5880, .T. ) ;
#289 = DIRECTION ( 'NONE',  ( 0.1874275599918963364, -0.9642312064598242971, -0.1874275599918963642 ) ) ;
#291 = PRESENTATION_LAYER_ASSIGNMENT (  '', '', ( #11814 ) ) ;
#292 = PRESENTATION_LAYER_ASSIGNMENT (  '', '', ( #12477 ) ) ;
#293 = MECHANICAL_DESIGN_GEOMETRIC_PRESENTATION_REPRESENTATION (  '', ( #11155 ), #962 ) ;
#294 = DIRECTION ( 'NONE',  ( 0.0000000000000000000, 0.0000000000000000000, -1.000000000000000000 ) ) ;
#295 = EDGE_CURVE ( 'NONE', #3722, #3160, #8650, .T. ) ;
#296 = SURFACE_STYLE_FILL_AREA ( #524 ) ;
#297 = STYLED_ITEM ( 'NONE', ( #7550 ), #7890 ) ;
#298 = CARTESIAN_POINT ( 'NONE',  ( -0.4849999999999994316, 0.1000000000000000056, 0.0000000000000000000 ) ) ;
#299 = FACE_OUTER_BOUND ( 'NONE', #6388, .T. ) ;
#300 = EDGE_CURVE ( 'NONE', #7505, #4326, #9422, .T. ) ;
#301 = ORIENTED_EDGE ( 'NONE', *, *, #3010, .F. ) ;
#302 = VERTEX_POINT ( 'NONE', #3565 ) ;
#303 = LINE ( 'NONE', #7852, #10533 ) ;
#304 = FACE_OUTER_BOUND ( 'NONE', #12437, .T. ) ;
#305 =( LENGTH_UNIT ( ) NAMED_UNIT ( * ) SI_UNIT ( .MILLI., .METRE. ) );
#306 = CARTESIAN_POINT ( 'NONE',  ( 0.8189977282522473701, -0.05000000000000000278, -0.0000000000000000000 ) ) ;
#307 = APPLICATION_PROTOCOL_DEFINITION ( 'draft international standard', 'automotive_design', 1998, #6249 ) ;
#308 = DIRECTION ( 'NONE',  ( 0.0000000000000000000, 0.0000000000000000000, -1.000000000000000000 ) ) ;
#309 =( LENGTH_UNIT ( ) NAMED_UNIT ( * ) SI_UNIT ( .MILLI., .METRE. ) );
#310 = DIRECTION ( 'NONE',  ( 0.0000000000000000000, 0.0000000000000000000, -1.000000000000000000 ) ) ;
#311 = LINE ( 'NONE', #7881, #7611 ) ;
#312 = SURFACE_STYLE_USAGE ( .BOTH. , #6255 ) ;
#313 = EDGE_CURVE ( 'NONE', #8925, #8688, #11247, .T. ) ;
#314 = VECTOR ( 'NONE', #9326, 1000.000000000000000 ) ;
#315 = DIRECTION ( 'NONE',  ( -1.000000000000000000, 0.0000000000000000000, 0.0000000000000000000 ) ) ;
#316 = DIRECTION ( 'NONE',  ( 0.0000000000000000000, 0.0000000000000000000, -1.000000000000000000 ) ) ;
#317 = COLOUR_RGB ( '',1.000000000000000000, 1.000000000000000000, 1.000000000000000000 ) ;
#318 = ORIENTED_EDGE ( 'NONE', *, *, #2477, .F. ) ;
#319 = CYLINDRICAL_SURFACE ( 'NONE', #12048, 0.05920802862897456276 ) ;
#320 =( LENGTH_UNIT ( ) NAMED_UNIT ( * ) SI_UNIT ( .MILLI., .METRE. ) );
#321 = ORIENTED_EDGE ( 'NONE', *, *, #3199, .F. ) ;
#322 = SURFACE_SIDE_STYLE ('',( #1412 ) ) ;
#323 = DIRECTION ( 'NONE',  ( 0.0000000000000000000, 0.0000000000000000000, -1.000000000000000000 ) ) ;
#324 = ORIENTED_EDGE ( 'NONE', *, *, #6579, .F. ) ;
#325 = STYLED_ITEM ( 'NONE', ( #4902 ), #11425 ) ;
#326 = VERTEX_POINT ( 'NONE', #7238 ) ;
#327 = MECHANICAL_DESIGN_GEOMETRIC_PRESENTATION_REPRESENTATION (  '', ( #11191 ), #992 ) ;
#328 = DIRECTION ( 'NONE',  ( -1.000000000000000000, 0.0000000000000000000, 0.0000000000000000000 ) ) ;
#329 = DIRECTION ( 'NONE',  ( 0.0000000000000000000, 0.0000000000000000000, 1.000000000000000000 ) ) ;
#330 = CARTESIAN_POINT ( 'NONE',  ( -1.042656287931754022, 0.1000000000000000056, -0.3999999999999976907 ) ) ;
#331 = ORIENTED_EDGE ( 'NONE', *, *, #8214, .F. ) ;
#332 = CARTESIAN_POINT ( 'NONE',  ( 0.0000000000000000000, -0.05000000000000000278, -0.1031605786060936225 ) ) ;
#333 = ORIENTED_EDGE ( 'NONE', *, *, #8175, .F. ) ;
#334 = FACE_OUTER_BOUND ( 'NONE', #5923, .T. ) ;
#335 = SURFACE_STYLE_USAGE ( .BOTH. , #374 ) ;
#336 = VECTOR ( 'NONE', #451, 1000.000000000000000 ) ;
#337 = SURFACE_STYLE_USAGE ( .BOTH. , #6287 ) ;
#338 = DIRECTION ( 'NONE',  ( -1.000000000000000000, 0.0000000000000000000, 0.0000000000000000000 ) ) ;
#339 = ORIENTED_EDGE ( 'NONE', *, *, #10932, .T. ) ;
#340 = MECHANICAL_DESIGN_GEOMETRIC_PRESENTATION_REPRESENTATION (  '', ( #11206 ), #1006 ) ;
#341 =( GEOMETRIC_REPRESENTATION_CONTEXT ( 3 ) GLOBAL_UNCERTAINTY_ASSIGNED_CONTEXT ( ( #3478 ) ) GLOBAL_UNIT_ASSIGNED_CONTEXT ( ( #2880, #9798, #3900 ) ) REPRESENTATION_CONTEXT ( 'NONE', 'WORKASPACE' ) );
#343 = EDGE_CURVE ( 'NONE', #378, #1453, #887, .T. ) ;
#342 = CARTESIAN_POINT ( 'NONE',  ( 1.135000000000004894, -0.05000000000000000278, -2.485305147012454610E-14 ) ) ;
#344 = DIRECTION ( 'NONE',  ( 0.0000000000000000000, 0.0000000000000000000, 1.000000000000000000 ) ) ;
#345 = EDGE_CURVE ( 'NONE', #9832, #11106, #12036, .T. ) ;
#346 =( NAMED_UNIT ( * ) PLANE_ANGLE_UNIT ( ) SI_UNIT ( $, .RADIAN. ) );
#347 = MECHANICAL_DESIGN_GEOMETRIC_PRESENTATION_REPRESENTATION (  '', ( #11884 ), #1012 ) ;
#348 = CYLINDRICAL_SURFACE ( 'NONE', #7396, 0.05593526370766899181 ) ;
#349 = UNCERTAINTY_MEASURE_WITH_UNIT (LENGTH_MEASURE( 1.000000000000000082E-05 ), #11708, 'distance_accuracy_value', 'NONE');
#350 = CARTESIAN_POINT ( 'NONE',  ( -1.134999999999999787, 0.0000000000000000000, 0.0000000000000000000 ) ) ;
#351 = SURFACE_STYLE_FILL_AREA ( #6494 ) ;
#352 = FILL_AREA_STYLE_COLOUR ( '', #5320 ) ;
#353 = LINE ( 'NONE', #3161, #5363 ) ;
#354 = FILL_AREA_STYLE_COLOUR ( '', #1839 ) ;
#355 = SURFACE_STYLE_USAGE ( .BOTH. , #403 ) ;
#356 =( NAMED_UNIT ( * ) SI_UNIT ( $, .STERADIAN. ) SOLID_ANGLE_UNIT ( ) );
#357 = VERTEX_POINT ( 'NONE', #11125 ) ;
#358 = SURFACE_SIDE_STYLE ('',( #6052 ) ) ;
#359 = VERTEX_POINT ( 'NONE', #8738 ) ;
#360 = SURFACE_STYLE_FILL_AREA ( #4441 ) ;
#361 = UNCERTAINTY_MEASURE_WITH_UNIT (LENGTH_MEASURE( 1.000000000000000082E-05 ), #8840, 'distance_accuracy_value', 'NONE');
#362 = VECTOR ( 'NONE', #6919, 1000.000000000000000 ) ;
#363 = STYLED_ITEM ( 'NONE', ( #7124 ), #7486 ) ;
#364 = CARTESIAN_POINT ( 'NONE',  ( -1.135000000000004894, -0.05000000000000000278, -2.485305147012454610E-14 ) ) ;
#365 = CARTESIAN_POINT ( 'NONE',  ( 1.162759967184092247, -0.05000000000000000278, -1.277681107331943622 ) ) ;
#366 = VECTOR ( 'NONE', #139, 1000.000000000000000 ) ;
#367 = CARTESIAN_POINT ( 'NONE',  ( -0.7912377610681550211, -0.05000000000000000278, -0.0000000000000000000 ) ) ;
#368 = VERTEX_POINT ( 'NONE', #9804 ) ;
#369 = ADVANCED_FACE ( 'NONE', ( #3532 ), #10178, .T. ) ;
#370 = SURFACE_STYLE_USAGE ( .BOTH. , #6332 ) ;
#371 = CARTESIAN_POINT ( 'NONE',  ( -1.599999999999999645, 0.1499999999999999944, 0.0000000000000000000 ) ) ;
#372 = PRESENTATION_STYLE_ASSIGNMENT (( #8608 ) ) ;
#373 = PRESENTATION_LAYER_ASSIGNMENT (  '', '', ( #12576 ) ) ;
#374 = SURFACE_SIDE_STYLE ('',( #747 ) ) ;
#375 = FACE_OUTER_BOUND ( 'NONE', #3325, .T. ) ;
#376 = SURFACE_STYLE_USAGE ( .BOTH. , #6337 ) ;
#377 = SURFACE_STYLE_USAGE ( .BOTH. , #6338 ) ;
#378 = VERTEX_POINT ( 'NONE', #10349 ) ;
#379 =( NAMED_UNIT ( * ) PLANE_ANGLE_UNIT ( ) SI_UNIT ( $, .RADIAN. ) );
#380 = COLOUR_RGB ( '',1.000000000000000000, 1.000000000000000000, 1.000000000000000000 ) ;
#381 = FILL_AREA_STYLE_COLOUR ( '', #3046 ) ;
#383 = ADVANCED_FACE ( 'NONE', ( #3200 ), #3157, .T. ) ;
#382 = CARTESIAN_POINT ( 'NONE',  ( 0.1650000000000009237, -0.05000000000000000278, -0.0000000000000000000 ) ) ;
#384 = STYLED_ITEM ( 'NONE', ( #1955 ), #8443 ) ;
#385 =( NAMED_UNIT ( * ) PLANE_ANGLE_UNIT ( ) SI_UNIT ( $, .RADIAN. ) );
#386 = SURFACE_STYLE_FILL_AREA ( #7839 ) ;
#387 = SURFACE_STYLE_USAGE ( .BOTH. , #6174 ) ;
#388 = FACE_OUTER_BOUND ( 'NONE', #10908, .T. ) ;
#389 = VECTOR ( 'NONE', #8226, 1000.000000000000000 ) ;
#390 = ORIENTED_EDGE ( 'NONE', *, *, #4174, .T. ) ;
#391 = DIRECTION ( 'NONE',  ( -0.0000000000000000000, 0.0000000000000000000, 1.000000000000000000 ) ) ;
#392 = VERTEX_POINT ( 'NONE', #5225 ) ;
#393 = CARTESIAN_POINT ( 'NONE',  ( 1.134999999999999787, 0.1000000000000000056, -1.649999999999998579 ) ) ;
#394 = VERTEX_POINT ( 'NONE', #8024 ) ;
#395 = ORIENTED_EDGE ( 'NONE', *, *, #12836, .T. ) ;
#396 = LINE ( 'NONE', #2809, #5394 ) ;
#397 = VECTOR ( 'NONE', #7810, 1000.000000000000000 ) ;
#398 = PRESENTATION_LAYER_ASSIGNMENT (  '', '', ( #11929 ) ) ;
#399 = EDGE_CURVE ( 'NONE', #6156, #869, #417, .T. ) ;
#400 = DIRECTION ( 'NONE',  ( 0.0000000000000000000, 0.0000000000000000000, 1.000000000000000000 ) ) ;
#401 = FILL_AREA_STYLE ('',( #354 ) ) ;
#402 = CIRCLE ( 'NONE', #10431, 0.03693314907479819387 ) ;
#403 = SURFACE_SIDE_STYLE ('',( #3316 ) ) ;
#404 = CARTESIAN_POINT ( 'NONE',  ( -0.5127599671840918916, -0.05000000000000000278, -1.277681107331943622 ) ) ;
#405 = SURFACE_SIDE_STYLE ('',( #4 ) ) ;
#406 = EDGE_LOOP ( 'NONE', ( #9578, #6929, #2116, #6853 ) ) ;
#407 = AXIS2_PLACEMENT_3D ( 'NONE', #6629, #686, #7636 ) ;
#408 = ORIENTED_EDGE ( 'NONE', *, *, #8151, .F. ) ;
#409 = EDGE_LOOP ( 'NONE', ( #6829, #2038, #9132, #2629 ) ) ;
#410 = EDGE_LOOP ( 'NONE', ( #5326, #1681, #2517, #1495 ) ) ;
#411 = FILL_AREA_STYLE ('',( #2296 ) ) ;
#412 =( NAMED_UNIT ( * ) SI_UNIT ( $, .STERADIAN. ) SOLID_ANGLE_UNIT ( ) );
#413 = VECTOR ( 'NONE', #7167, 1000.000000000000000 ) ;
#414 = DIRECTION ( 'NONE',  ( 0.0000000000000000000, 0.0000000000000000000, -1.000000000000000000 ) ) ;
#415 = CARTESIAN_POINT ( 'NONE',  ( 1.134999999999999787, 0.0000000000000000000, -0.2369407634194544698 ) ) ;
#416 = ORIENTED_EDGE ( 'NONE', *, *, #11407, .F. ) ;
#417 = LINE ( 'NONE', #11981, #10032 ) ;
#418 = AXIS2_PLACEMENT_3D ( 'NONE', #9114, #3178, #10099 ) ;
#419 = SURFACE_SIDE_STYLE ('',( #10438 ) ) ;
#420 = EDGE_LOOP ( 'NONE', ( #11029, #6405, #12706, #647 ) ) ;
#421 = FILL_AREA_STYLE ('',( #9264 ) ) ;
#422 = FACE_OUTER_BOUND ( 'NONE', #1215, .T. ) ;
#423 = VECTOR ( 'NONE', #12302, 1000.000000000000000 ) ;
#424 = MECHANICAL_DESIGN_GEOMETRIC_PRESENTATION_REPRESENTATION (  '', ( #11289 ), #1090 ) ;
#425 = ORIENTED_EDGE ( 'NONE', *, *, #1592, .F. ) ;
#426 = SURFACE_SIDE_STYLE ('',( #562 ) ) ;
#427 = UNCERTAINTY_MEASURE_WITH_UNIT (LENGTH_MEASURE( 1.000000000000000082E-05 ), #4255, 'distance_accuracy_value', 'NONE');
#428 = PLANE ( 'NONE',  #5717 ) ;
#429 = FACE_OUTER_BOUND ( 'NONE', #6646, .T. ) ;
#430 = LINE ( 'NONE', #10, #5425 ) ;
#431 = SURFACE_STYLE_USAGE ( .BOTH. , #6381 ) ;
#432 =( NAMED_UNIT ( * ) SI_UNIT ( $, .STERADIAN. ) SOLID_ANGLE_UNIT ( ) );
#433 = PLANE ( 'NONE',  #7540 ) ;
#434 = CARTESIAN_POINT ( 'NONE',  ( -0.08069449998385103129, -0.05000000000000000278, 1.249999999999999112 ) ) ;
#435 = ADVANCED_FACE ( 'NONE', ( #8034 ), #5643, .T. ) ;
#436 = AXIS2_PLACEMENT_3D ( 'NONE', #5736, #9736, #10992 ) ;
#437 = PRESENTATION_STYLE_ASSIGNMENT (( #335 ) ) ;
#438 = LINE ( 'NONE', #8079, #5728 ) ;
#439 = FACE_OUTER_BOUND ( 'NONE', #4353, .T. ) ;
#440 = ORIENTED_EDGE ( 'NONE', *, *, #8121, .F. ) ;
#441 = DIRECTION ( 'NONE',  ( -1.000000000000000000, 0.0000000000000000000, -0.0000000000000000000 ) ) ;
#442 = PRESENTATION_STYLE_ASSIGNMENT (( #3656 ) ) ;
#443 = UNCERTAINTY_MEASURE_WITH_UNIT (LENGTH_MEASURE( 1.000000000000000082E-05 ), #5212, 'distance_accuracy_value', 'NONE');
#444 =( GEOMETRIC_REPRESENTATION_CONTEXT ( 3 ) GLOBAL_UNCERTAINTY_ASSIGNED_CONTEXT ( ( #4681 ) ) GLOBAL_UNIT_ASSIGNED_CONTEXT ( ( #320, #98, #12121 ) ) REPRESENTATION_CONTEXT ( 'NONE', 'WORKASPACE' ) );
#445 = EDGE_CURVE ( 'NONE', #3259, #5231, #848, .T. ) ;
#446 = VERTEX_POINT ( 'NONE', #7748 ) ;
#447 = SURFACE_STYLE_FILL_AREA ( #4137 ) ;
#448 = VECTOR ( 'NONE', #10703, 1000.000000000000000 ) ;
#449 = ORIENTED_EDGE ( 'NONE', *, *, #4477, .T. ) ;
#450 = FILL_AREA_STYLE_COLOUR ( '', #5567 ) ;
#451 = DIRECTION ( 'NONE',  ( 0.0000000000000000000, 0.0000000000000000000, -1.000000000000000000 ) ) ;
#452 = COLOUR_RGB ( '',1.000000000000000000, 1.000000000000000000, 1.000000000000000000 ) ;
#453 = VERTEX_POINT ( 'NONE', #10880 ) ;
#454 = DIRECTION ( 'NONE',  ( -1.000000000000000000, 0.0000000000000000000, 0.0000000000000000000 ) ) ;
#455 = ADVANCED_FACE ( 'NONE', ( #214 ), #11535, .T. ) ;
#456 = ADVANCED_FACE ( 'NONE', ( #9178 ), #9780, .T. ) ;
#457 = CARTESIAN_POINT ( 'NONE',  ( 0.1650000000000009237, 0.1000000000000000056, 0.0000000000000000000 ) ) ;
#458 = FILL_AREA_STYLE ('',( #9335 ) ) ;
#459 = FACE_OUTER_BOUND ( 'NONE', #10806, .T. ) ;
#460 = CARTESIAN_POINT ( 'NONE',  ( -1.044003024146626046, 0.1000000000000000056, -0.3087081087201543061 ) ) ;
#461 = MECHANICAL_DESIGN_GEOMETRIC_PRESENTATION_REPRESENTATION (  '', ( #11325 ), #1123 ) ;
#462 = ORIENTED_EDGE ( 'NONE', *, *, #9741, .F. ) ;
#463 = PRESENTATION_LAYER_ASSIGNMENT (  '', '', ( #12644 ) ) ;
#464 = LINE ( 'NONE', #2466, #3098 ) ;
#465 = CARTESIAN_POINT ( 'NONE',  ( -1.171933149074797953, 0.1000000000000000056, -0.2369407634194545809 ) ) ;
#466 = EDGE_CURVE ( 'NONE', #7311, #1445, #4260, .T. ) ;
#467 = COLOUR_RGB ( '',0.7921568627450980005, 0.8196078431372548767, 0.9333333333333333481 ) ;
#468 = CARTESIAN_POINT ( 'NONE',  ( -1.134999999999999787, 0.0000000000000000000, -0.2369407634194544698 ) ) ;
#469 = PRESENTATION_STYLE_ASSIGNMENT (( #892 ) ) ;
#470 = CARTESIAN_POINT ( 'NONE',  ( -1.134999999999999787, -0.05000000000000000278, -0.2369407634194544698 ) ) ;
#471 = MECHANICAL_DESIGN_GEOMETRIC_PRESENTATION_REPRESENTATION (  '', ( #11333 ), #1133 ) ;
#472 = VECTOR ( 'NONE', #1237, 1000.000000000000000 ) ;
#473 = MECHANICAL_DESIGN_GEOMETRIC_PRESENTATION_REPRESENTATION (  '', ( #11334 ), #1135 ) ;
#474 = FILL_AREA_STYLE_COLOUR ( '', #12370 ) ;
#475 = ORIENTED_EDGE ( 'NONE', *, *, #4520, .T. ) ;
#476 = CARTESIAN_POINT ( 'NONE',  ( -0.5509352637076680992, 0.1000000000000000056, 1.375493264616636457 ) ) ;
#477 = SURFACE_STYLE_USAGE ( .BOTH. , #6419 ) ;
#478 =( LENGTH_UNIT ( ) NAMED_UNIT ( * ) SI_UNIT ( .MILLI., .METRE. ) );
#479 = FACE_OUTER_BOUND ( 'NONE', #11785, .T. ) ;
#480 = DIRECTION ( 'NONE',  ( -1.000000000000000000, 0.0000000000000000000, -0.0000000000000000000 ) ) ;
#481 = FILL_AREA_STYLE ('',( #4466 ) ) ;
#482 = EDGE_CURVE ( 'NONE', #519, #2690, #4433, .T. ) ;
#483 = CARTESIAN_POINT ( 'NONE',  ( -0.09906473629233038258, 0.1000000000000000056, 1.375493264616636457 ) ) ;
#484 = EDGE_CURVE ( 'NONE', #11848, #1283, #4098, .T. ) ;
#485 = ORIENTED_EDGE ( 'NONE', *, *, #12546, .T. ) ;
#486 = STYLED_ITEM ( 'NONE', ( #4510 ), #9016 ) ;
#487 = VERTEX_POINT ( 'NONE', #2154 ) ;
#488 = DIRECTION ( 'NONE',  ( -0.0000000000000000000, 0.0000000000000000000, 1.000000000000000000 ) ) ;
#489 = CARTESIAN_POINT ( 'NONE',  ( -0.1412377610681545548, 0.0000000000000000000, -0.0000000000000000000 ) ) ;
#490 = DIRECTION ( 'NONE',  ( 0.0000000000000000000, 1.000000000000000000, 0.0000000000000000000 ) ) ;
#491 = CARTESIAN_POINT ( 'NONE',  ( 0.1650000000000009237, 0.0000000000000000000, -1.277681107331943622 ) ) ;
#492 = ORIENTED_EDGE ( 'NONE', *, *, #3936, .T. ) ;
#493 = PRESENTATION_LAYER_ASSIGNMENT (  '', '', ( #12682 ) ) ;
#494 = CARTESIAN_POINT ( 'NONE',  ( 0.0000000000000000000, 0.0000000000000000000, 1.500000000000000000 ) ) ;
#495 = STYLED_ITEM ( 'NONE', ( #116 ), #4897 ) ;
#496 = CARTESIAN_POINT ( 'NONE',  ( 0.5509352637076680992, -0.05000000000000000278, 1.375493264616636457 ) ) ;
#497 = ORIENTED_EDGE ( 'NONE', *, *, #6228, .T. ) ;
#498 =( NAMED_UNIT ( * ) SI_UNIT ( $, .STERADIAN. ) SOLID_ANGLE_UNIT ( ) );
#499 = VERTEX_POINT ( 'NONE', #12839 ) ;
#500 = ADVANCED_FACE ( 'NONE', ( #3932 ), #5774, .F. ) ;
#501 = DIRECTION ( 'NONE',  ( 0.0000000000000000000, 0.0000000000000000000, 1.000000000000000000 ) ) ;
#502 = VERTEX_POINT ( 'NONE', #4513 ) ;
#503 = VECTOR ( 'NONE', #5850, 1000.000000000000000 ) ;
#504 = UNCERTAINTY_MEASURE_WITH_UNIT (LENGTH_MEASURE( 1.000000000000000082E-05 ), #12233, 'distance_accuracy_value', 'NONE');
#505 = ADVANCED_FACE ( 'NONE', ( #12606 ), #2619, .T. ) ;
#506 = CARTESIAN_POINT ( 'NONE',  ( -0.09906473629233038258, 0.1000000000000000056, 1.375493264616636457 ) ) ;
#507 = SURFACE_STYLE_FILL_AREA ( #9028 ) ;
#508 =( GEOMETRIC_REPRESENTATION_CONTEXT ( 3 ) GLOBAL_UNCERTAINTY_ASSIGNED_CONTEXT ( ( #6179 ) ) GLOBAL_UNIT_ASSIGNED_CONTEXT ( ( #8572, #2653, #9561 ) ) REPRESENTATION_CONTEXT ( 'NONE', 'WORKASPACE' ) );
#509 = DIRECTION ( 'NONE',  ( 0.0000000000000000000, 0.0000000000000000000, 1.000000000000000000 ) ) ;
#510 = EDGE_CURVE ( 'NONE', #9535, #12173, #12455, .T. ) ;
#512 = ADVANCED_FACE ( 'NONE', ( #2323 ), #11034, .F. ) ;
#511 = DIRECTION ( 'NONE',  ( 0.0000000000000000000, 0.0000000000000000000, -1.000000000000000000 ) ) ;
#513 = EDGE_CURVE ( 'NONE', #1906, #12808, #5788, .T. ) ;
#514 = CARTESIAN_POINT ( 'NONE',  ( -0.4949999999999992184, 0.1000000000000000056, 1.375493264616636679 ) ) ;
#515 = FACE_OUTER_BOUND ( 'NONE', #5292, .T. ) ;
#516 = AXIS2_PLACEMENT_3D ( 'NONE', #11320, #7389, #6435 ) ;
#517 = CARTESIAN_POINT ( 'NONE',  ( 0.5439116535429402433, -0.05000000000000000278, 1.320000718934352335 ) ) ;
#518 = EDGE_CURVE ( 'NONE', #8923, #10655, #3579, .T. ) ;
#519 = VERTEX_POINT ( 'NONE', #1089 ) ;
#520 = DIRECTION ( 'NONE',  ( 0.0000000000000000000, 1.000000000000000000, 0.0000000000000000000 ) ) ;
#521 = DIRECTION ( 'NONE',  ( 1.000000000000000000, 0.0000000000000000000, 0.0000000000000000000 ) ) ;
#522 = DIRECTION ( 'NONE',  ( 0.0000000000000000000, 0.0000000000000000000, -1.000000000000000000 ) ) ;
#523 = PRESENTATION_STYLE_ASSIGNMENT (( #101 ) ) ;
#524 = FILL_AREA_STYLE ('',( #8424 ) ) ;
#525 =( GEOMETRIC_REPRESENTATION_CONTEXT ( 3 ) GLOBAL_UNCERTAINTY_ASSIGNED_CONTEXT ( ( #8939 ) ) GLOBAL_UNIT_ASSIGNED_CONTEXT ( ( #7212, #1281, #8210 ) ) REPRESENTATION_CONTEXT ( 'NONE', 'WORKASPACE' ) );
#526 = PRESENTATION_LAYER_ASSIGNMENT (  '', '', ( #12719 ) ) ;
#527 = EDGE_CURVE ( 'NONE', #5587, #6924, #5903, .T. ) ;
#528 = ORIENTED_EDGE ( 'NONE', *, *, #11625, .T. ) ;
#529 = FACE_OUTER_BOUND ( 'NONE', #420, .T. ) ;
#530 = DIRECTION ( 'NONE',  ( 0.0000000000000000000, 1.000000000000000000, -0.0000000000000000000 ) ) ;
#531 = PRESENTATION_STYLE_ASSIGNMENT (( #4796 ) ) ;
#532 =( NAMED_UNIT ( * ) PLANE_ANGLE_UNIT ( ) SI_UNIT ( $, .RADIAN. ) );
#533 = EDGE_CURVE ( 'NONE', #82, #5149, #5024, .T. ) ;
#534 = CARTESIAN_POINT ( 'NONE',  ( 0.0000000000000000000, -0.05000000000000000278, -1.277681107331943622 ) ) ;
#535 = LINE ( 'NONE', #8662, #2873 ) ;
#536 = FACE_OUTER_BOUND ( 'NONE', #1811, .T. ) ;
#537 = ORIENTED_EDGE ( 'NONE', *, *, #10200, .T. ) ;
#538 = SURFACE_SIDE_STYLE ('',( #351 ) ) ;
#539 = DIRECTION ( 'NONE',  ( 0.0000000000000000000, 0.0000000000000000000, 1.000000000000000000 ) ) ;
#540 = LINE ( 'NONE', #8941, #5232 ) ;
#541 = EDGE_LOOP ( 'NONE', ( #10004, #4928, #954, #7501 ) ) ;
#542 = PRESENTATION_LAYER_ASSIGNMENT (  '', '', ( #12082 ) ) ;
#543 = VECTOR ( 'NONE', #10566, 999.9999999999998863 ) ;
#544 = LINE ( 'NONE', #6458, #8466 ) ;
#545 = CIRCLE ( 'NONE', #2433, 0.03338112451568553407 ) ;
#546 = CARTESIAN_POINT ( 'NONE',  ( 1.291219160478732420, 0.7999999999999999334, 0.0000000000000000000 ) ) ;
#547 = EDGE_CURVE ( 'NONE', #3774, #5602, #12154, .T. ) ;
#548 = ORIENTED_EDGE ( 'NONE', *, *, #5847, .F. ) ;
#549 = COLOUR_RGB ( '',1.000000000000000000, 1.000000000000000000, 1.000000000000000000 ) ;
#550 = ORIENTED_EDGE ( 'NONE', *, *, #8692, .T. ) ;
#551 = DIRECTION ( 'NONE',  ( 0.0000000000000000000, 0.0000000000000000000, -1.000000000000000000 ) ) ;
#552 =( LENGTH_UNIT ( ) NAMED_UNIT ( * ) SI_UNIT ( .MILLI., .METRE. ) );
#553 =( NAMED_UNIT ( * ) PLANE_ANGLE_UNIT ( ) SI_UNIT ( $, .RADIAN. ) );
#554 = AXIS2_PLACEMENT_3D ( 'NONE', #9929, #5075, #2287 ) ;
#555 = ORIENTED_EDGE ( 'NONE', *, *, #3862, .F. ) ;
#556 = CARTESIAN_POINT ( 'NONE',  ( -1.507075080061872185, 0.0000000000000000000, -0.1031605786060936225 ) ) ;
#557 = ORIENTED_EDGE ( 'NONE', *, *, #704, .T. ) ;
#558 = SURFACE_SIDE_STYLE ('',( #12079 ) ) ;
#559 = ADVANCED_FACE ( 'NONE', ( #3093 ), #2524, .T. ) ;
#560 = SURFACE_STYLE_FILL_AREA ( #9354 ) ;
#561 = CARTESIAN_POINT ( 'NONE',  ( 1.134999999999999787, 0.1000000000000000056, 0.0000000000000000000 ) ) ;
#562 = SURFACE_STYLE_FILL_AREA ( #7847 ) ;
#563 = CARTESIAN_POINT ( 'NONE',  ( 0.0000000000000000000, 0.1000000000000000056, 0.1031605786060936225 ) ) ;
#564 = DIRECTION ( 'NONE',  ( -0.0000000000000000000, 0.0000000000000000000, 1.000000000000000000 ) ) ;
#565 = VERTEX_POINT ( 'NONE', #3163 ) ;
#566 = LINE ( 'NONE', #4229, #12187 ) ;
#567 = ORIENTED_EDGE ( 'NONE', *, *, #2555, .F. ) ;
#568 = COLOUR_RGB ( '',1.000000000000000000, 1.000000000000000000, 1.000000000000000000 ) ;
#569 = FACE_OUTER_BOUND ( 'NONE', #1360, .T. ) ;
#570 = SURFACE_STYLE_FILL_AREA ( #69 ) ;
#571 = VERTEX_POINT ( 'NONE', #4180 ) ;
#572 = MECHANICAL_DESIGN_GEOMETRIC_PRESENTATION_REPRESENTATION (  '', ( #11450 ), #1252 ) ;
#573 = EDGE_CURVE ( 'NONE', #4800, #2705, #2186, .T. ) ;
#574 = STYLED_ITEM ( 'NONE', ( #2425 ), #4403 ) ;
#575 = SURFACE_STYLE_USAGE ( .BOTH. , #6516 ) ;
#576 = SURFACE_SIDE_STYLE ('',( #2828 ) ) ;
#577 = CYLINDRICAL_SURFACE ( 'NONE', #7446, 0.05593526370766899181 ) ;
#578 = PLANE ( 'NONE',  #6304 ) ;
#579 = CARTESIAN_POINT ( 'NONE',  ( -1.540045451220498407, -0.05000000000000000278, 0.07500000000000017764 ) ) ;
#580 = ADVANCED_FACE ( 'NONE', ( #7134 ), #4795, .T. ) ;
#581 = ORIENTED_EDGE ( 'NONE', *, *, #11059, .F. ) ;
#582 = VECTOR ( 'NONE', #5989, 1000.000000000000000 ) ;
#583 = VECTOR ( 'NONE', #7764, 1000.000000000000000 ) ;
#584 = ADVANCED_FACE ( 'NONE', ( #8832 ), #5944, .T. ) ;
#585 = CARTESIAN_POINT ( 'NONE',  ( 1.650000000000000355, 0.1000000000000000056, 0.07500000000000017764 ) ) ;
#586 = LINE ( 'NONE', #4334, #8188 ) ;
#587 = VECTOR ( 'NONE', #11172, 1000.000000000000000 ) ;
#588 = COLOUR_RGB ( '',1.000000000000000000, 1.000000000000000000, 1.000000000000000000 ) ;
#590 = VERTEX_POINT ( 'NONE', #5856 ) ;
#589 =( LENGTH_UNIT ( ) NAMED_UNIT ( * ) SI_UNIT ( .MILLI., .METRE. ) );
#591 = UNCERTAINTY_MEASURE_WITH_UNIT (LENGTH_MEASURE( 1.000000000000000082E-05 ), #4222, 'distance_accuracy_value', 'NONE');
#592 = CARTESIAN_POINT ( 'NONE',  ( 0.8189977282522473701, 0.1000000000000000056, -0.0000000000000000000 ) ) ;
#593 =( LENGTH_UNIT ( ) NAMED_UNIT ( * ) SI_UNIT ( .MILLI., .METRE. ) );
#594 = PRESENTATION_STYLE_ASSIGNMENT (( #10012 ) ) ;
#595 = LINE ( 'NONE', #5790, #5580 ) ;
#596 =( GEOMETRIC_REPRESENTATION_CONTEXT ( 3 ) GLOBAL_UNCERTAINTY_ASSIGNED_CONTEXT ( ( #1059 ) ) GLOBAL_UNIT_ASSIGNED_CONTEXT ( ( #4808, #11678, #5787 ) ) REPRESENTATION_CONTEXT ( 'NONE', 'WORKASPACE' ) );
#597 = DIRECTION ( 'NONE',  ( 1.000000000000000000, 0.0000000000000000000, -0.0000000000000000000 ) ) ;
#598 = PRESENTATION_LAYER_ASSIGNMENT (  '', '', ( #12120 ) ) ;
#599 = EDGE_CURVE ( 'NONE', #10871, #8688, #2637, .T. ) ;
#600 = FACE_OUTER_BOUND ( 'NONE', #1344, .T. ) ;
#601 = CARTESIAN_POINT ( 'NONE',  ( -1.134999999999999787, 0.1000000000000000056, 1.649999999999999467 ) ) ;
#602 = EDGE_CURVE ( 'NONE', #8533, #7237, #5296, .T. ) ;
#603 = FACE_OUTER_BOUND ( 'NONE', #6804, .T. ) ;
#604 = LINE ( 'NONE', #5920, #5589 ) ;
#605 = ORIENTED_EDGE ( 'NONE', *, *, #2137, .T. ) ;
#606 =( GEOMETRIC_REPRESENTATION_CONTEXT ( 3 ) GLOBAL_UNCERTAINTY_ASSIGNED_CONTEXT ( ( #8471 ) ) GLOBAL_UNIT_ASSIGNED_CONTEXT ( ( #9680, #3770, #10677 ) ) REPRESENTATION_CONTEXT ( 'NONE', 'WORKASPACE' ) );
#607 = DIRECTION ( 'NONE',  ( 0.0000000000000000000, -1.000000000000000000, 0.0000000000000000000 ) ) ;
#608 = CARTESIAN_POINT ( 'NONE',  ( 0.0000000000000000000, 0.1000000000000000056, -1.199999999999999289 ) ) ;
#609 = LINE ( 'NONE', #10379, #5898 ) ;
#610 = UNCERTAINTY_MEASURE_WITH_UNIT (LENGTH_MEASURE( 1.000000000000000082E-05 ), #4485, 'distance_accuracy_value', 'NONE');
#611 = CARTESIAN_POINT ( 'NONE',  ( 0.0000000000000000000, 0.1000000000000000056, -1.416874574924349872 ) ) ;
#612 = FILL_AREA_STYLE ('',( #8542 ) ) ;
#613 = VERTEX_POINT ( 'NONE', #7153 ) ;
#614 = SURFACE_SIDE_STYLE ('',( #7382 ) ) ;
#615 = CARTESIAN_POINT ( 'NONE',  ( 0.7399140984642225138, 0.0000000000000000000, 1.276162611327208873 ) ) ;
#616 =( GEOMETRIC_REPRESENTATION_CONTEXT ( 3 ) GLOBAL_UNCERTAINTY_ASSIGNED_CONTEXT ( ( #5459 ) ) GLOBAL_UNIT_ASSIGNED_CONTEXT ( ( #6149, #6502, #6752 ) ) REPRESENTATION_CONTEXT ( 'NONE', 'WORKASPACE' ) );
#617 = ORIENTED_EDGE ( 'NONE', *, *, #9171, .T. ) ;
#618 = DIRECTION ( 'NONE',  ( 0.0000000000000000000, 0.0000000000000000000, 1.000000000000000000 ) ) ;
#619 = VECTOR ( 'NONE', #3588, 1000.000000000000000 ) ;
#620 = STYLED_ITEM ( 'NONE', ( #12104 ), #2488 ) ;
#621 = CARTESIAN_POINT ( 'NONE',  ( 0.0000000000000000000, -0.05000000000000000278, -1.277681107331943622 ) ) ;
#622 = SURFACE_STYLE_FILL_AREA ( #6822 ) ;
#623 = PRESENTATION_LAYER_ASSIGNMENT (  '', '', ( #12143 ) ) ;
#624 = SURFACE_STYLE_USAGE ( .BOTH. , #6559 ) ;
#625 = DIRECTION ( 'NONE',  ( -1.000000000000000000, 0.0000000000000000000, 0.0000000000000000000 ) ) ;
#626 = DIRECTION ( 'NONE',  ( 1.000000000000000000, -0.0000000000000000000, 0.0000000000000000000 ) ) ;
#628 = ORIENTED_EDGE ( 'NONE', *, *, #655, .T. ) ;
#627 = FILL_AREA_STYLE ('',( #11491 ) ) ;
#629 = DIRECTION ( 'NONE',  ( 0.0000000000000000000, 0.0000000000000000000, 1.000000000000000000 ) ) ;
#630 = VECTOR ( 'NONE', #9949, 1000.000000000000000 ) ;
#631 = DIRECTION ( 'NONE',  ( 0.0000000000000000000, 0.0000000000000000000, 1.000000000000000000 ) ) ;
#632 = SURFACE_STYLE_USAGE ( .BOTH. , #7575 ) ;
#633 = MECHANICAL_DESIGN_GEOMETRIC_PRESENTATION_REPRESENTATION (  '', ( #11495 ), #1298 ) ;
#634 = STYLED_ITEM ( 'NONE', ( #11699 ), #10402 ) ;
#635 = PRESENTATION_LAYER_ASSIGNMENT (  '', '', ( #12152 ) ) ;
#636 = DIRECTION ( 'NONE',  ( 1.000000000000000000, -0.0000000000000000000, 0.0000000000000000000 ) ) ;
#637 = VERTEX_POINT ( 'NONE', #8112 ) ;
#638 = ORIENTED_EDGE ( 'NONE', *, *, #6062, .F. ) ;
#639 = FILL_AREA_STYLE ('',( #10515 ) ) ;
#640 = CARTESIAN_POINT ( 'NONE',  ( 0.1372400328159084637, 0.1000000000000000056, -1.277681107331943622 ) ) ;
#641 = ORIENTED_EDGE ( 'NONE', *, *, #657, .F. ) ;
#642 =( GEOMETRIC_REPRESENTATION_CONTEXT ( 3 ) GLOBAL_UNCERTAINTY_ASSIGNED_CONTEXT ( ( #2375 ) ) GLOBAL_UNIT_ASSIGNED_CONTEXT ( ( #11506, #5610, #12512 ) ) REPRESENTATION_CONTEXT ( 'NONE', 'WORKASPACE' ) );
#643 = FACE_OUTER_BOUND ( 'NONE', #2610, .T. ) ;
#644 = ADVANCED_FACE ( 'NONE', ( #7589 ), #1392, .T. ) ;
#645 =( NAMED_UNIT ( * ) PLANE_ANGLE_UNIT ( ) SI_UNIT ( $, .RADIAN. ) );
#646 =( NAMED_UNIT ( * ) PLANE_ANGLE_UNIT ( ) SI_UNIT ( $, .RADIAN. ) );
#647 = ORIENTED_EDGE ( 'NONE', *, *, #11407, .T. ) ;
#648 = DIRECTION ( 'NONE',  ( -1.000000000000000000, 0.0000000000000000000, 0.0000000000000000000 ) ) ;
#649 = DIRECTION ( 'NONE',  ( 1.000000000000000000, 0.0000000000000000000, -0.0000000000000000000 ) ) ;
#650 = CARTESIAN_POINT ( 'NONE',  ( -0.4849999999999994316, 0.1000000000000000056, 0.0000000000000000000 ) ) ;
#651 = DIRECTION ( 'NONE',  ( 1.000000000000000000, -0.0000000000000000000, 0.0000000000000000000 ) ) ;
#652 =( NAMED_UNIT ( * ) PLANE_ANGLE_UNIT ( ) SI_UNIT ( $, .RADIAN. ) );
#653 = EDGE_LOOP ( 'NONE', ( #5374, #12029, #1975, #9759, #8711, #7863, #9591, #7702, #4710, #11494, #9908, #5986, #9623, #6474, #5772, #2567, #11380, #2188, #11117, #7044, #12355, #11455, #4266, #2077, #10000, #11198, #11584, #6972, #2016, #5791, #12531, #1112, #8412, #7109, #5337, #10829, #6014, #10245, #6720, #924, #5101, #6665, #10329, #537, #8884, #5441, #9146, #10622, #11797, #5845, #2128, #10660, #11790, #605, #10485, #3212, #10705, #10751, #7195, #3615, #7053, #4640, #6603, #2740, #12218, #1656, #11773, #6947, #6233, #10872, #1169, #8089, #4172, #3130 ) ) ;
#654 = AXIS2_PLACEMENT_3D ( 'NONE', #2978, #10896, #3018 ) ;
#655 = EDGE_CURVE ( 'NONE', #1903, #974, #4026, .T. ) ;
#656 = CYLINDRICAL_SURFACE ( 'NONE', #11120, 0.03338112451568553407 ) ;
#657 = EDGE_CURVE ( 'NONE', #3664, #5931, #6649, .T. ) ;
#658 = CARTESIAN_POINT ( 'NONE',  ( 1.135000000000004894, 0.1000000000000000056, -2.485305147012454610E-14 ) ) ;
#659 = ORIENTED_EDGE ( 'NONE', *, *, #4558, .T. ) ;
#660 = MECHANICAL_DESIGN_GEOMETRIC_PRESENTATION_REPRESENTATION (  '', ( #10875 ), #1328 ) ;
#661 = CARTESIAN_POINT ( 'NONE',  ( 1.257124604555293734, 0.1000000000000000056, 0.1623686072350682963 ) ) ;
#662 = FILL_AREA_STYLE ('',( #1273 ) ) ;
#663 = FILL_AREA_STYLE ('',( #12533 ) ) ;
#664 = ORIENTED_EDGE ( 'NONE', *, *, #9147, .F. ) ;
#665 = CARTESIAN_POINT ( 'NONE',  ( 0.0000000000000000000, -0.05000000000000000278, -1.199999999999999289 ) ) ;
#666 = VECTOR ( 'NONE', #4356, 1000.000000000000000 ) ;
#667 = ORIENTED_EDGE ( 'NONE', *, *, #9699, .F. ) ;
#668 = DIRECTION ( 'NONE',  ( 2.189696164768673130E-14, 0.0000000000000000000, -1.000000000000000000 ) ) ;
#669 = VECTOR ( 'NONE', #8438, 1000.000000000000000 ) ;
#670 = STYLED_ITEM ( 'NONE', ( #3288 ), #12271 ) ;
#671 = SURFACE_SIDE_STYLE ('',( #3234 ) ) ;
#672 = MECHANICAL_DESIGN_GEOMETRIC_PRESENTATION_REPRESENTATION (  '', ( #12205 ), #1348 ) ;
#673 = SURFACE_SIDE_STYLE ('',( #8793 ) ) ;
#674 = ORIENTED_EDGE ( 'NONE', *, *, #8709, .T. ) ;
#675 = VECTOR ( 'NONE', #6667, 1000.000000000000000 ) ;
#676 = UNCERTAINTY_MEASURE_WITH_UNIT (LENGTH_MEASURE( 1.000000000000000082E-05 ), #10314, 'distance_accuracy_value', 'NONE');
#677 = SURFACE_SIDE_STYLE ('',( #4505 ) ) ;
#678 = DIRECTION ( 'NONE',  ( 0.0000000000000000000, 0.0000000000000000000, -1.000000000000000000 ) ) ;
#679 = FILL_AREA_STYLE_COLOUR ( '', #1800 ) ;
#680 = VECTOR ( 'NONE', #6842, 1000.000000000000000 ) ;
#681 = AXIS2_PLACEMENT_3D ( 'NONE', #1297, #1658, #1969 ) ;
#682 = CARTESIAN_POINT ( 'NONE',  ( 0.0000000000000000000, 0.1000000000000000056, 1.249999999999999112 ) ) ;
#683 = ORIENTED_EDGE ( 'NONE', *, *, #946, .T. ) ;
#685 = EDGE_CURVE ( 'NONE', #9944, #9408, #11905, .T. ) ;
#684 = CARTESIAN_POINT ( 'NONE',  ( 0.0000000000000000000, -0.05000000000000000278, -1.277681107331943622 ) ) ;
#686 = DIRECTION ( 'NONE',  ( 0.0000000000000000000, 1.000000000000000000, -0.0000000000000000000 ) ) ;
#687 = EDGE_CURVE ( 'NONE', #7091, #3774, #11586, .T. ) ;
#688 =( NAMED_UNIT ( * ) PLANE_ANGLE_UNIT ( ) SI_UNIT ( $, .RADIAN. ) );
#689 = SURFACE_STYLE_FILL_AREA ( #11693 ) ;
#690 = VECTOR ( 'NONE', #12540, 1000.000000000000000 ) ;
#691 = MECHANICAL_DESIGN_GEOMETRIC_PRESENTATION_REPRESENTATION (  '', ( #12227 ), #1376 ) ;
#692 =( NAMED_UNIT ( * ) SI_UNIT ( $, .STERADIAN. ) SOLID_ANGLE_UNIT ( ) );
#693 = COLOUR_RGB ( '',1.000000000000000000, 1.000000000000000000, 1.000000000000000000 ) ;
#694 = FILL_AREA_STYLE_COLOUR ( '', #9845 ) ;
#695 = FACE_OUTER_BOUND ( 'NONE', #4656, .T. ) ;
#696 = DIRECTION ( 'NONE',  ( 1.000000000000000000, 0.0000000000000000000, -0.0000000000000000000 ) ) ;
#697 = CARTESIAN_POINT ( 'NONE',  ( 0.0000000000000000000, 0.1000000000000000056, -1.277681107331943622 ) ) ;
#698 = DIRECTION ( 'NONE',  ( 0.0000000000000000000, 1.000000000000000000, -0.0000000000000000000 ) ) ;
#699 = LINE ( 'NONE', #12147, #5683 ) ;
#700 = PRESENTATION_LAYER_ASSIGNMENT (  '', '', ( #12242 ) ) ;
#701 = SURFACE_STYLE_USAGE ( .BOTH. , #6652 ) ;
#702 =( GEOMETRIC_REPRESENTATION_CONTEXT ( 3 ) GLOBAL_UNCERTAINTY_ASSIGNED_CONTEXT ( ( #12184 ) ) GLOBAL_UNIT_ASSIGNED_CONTEXT ( ( #7670, #1749, #8676 ) ) REPRESENTATION_CONTEXT ( 'NONE', 'WORKASPACE' ) );
#703 = ORIENTED_EDGE ( 'NONE', *, *, #2547, .T. ) ;
#704 = EDGE_CURVE ( 'NONE', #10955, #12350, #6348, .T. ) ;
#705 = PRESENTATION_STYLE_ASSIGNMENT (( #3600 ) ) ;
#706 = VERTEX_POINT ( 'NONE', #10087 ) ;
#707 = VECTOR ( 'NONE', #5089, 1000.000000000000000 ) ;
#708 = ORIENTED_EDGE ( 'NONE', *, *, #5242, .F. ) ;
#709 = SURFACE_STYLE_USAGE ( .BOTH. , #7650 ) ;
#710 = CARTESIAN_POINT ( 'NONE',  ( 0.0000000000000000000, 0.1000000000000000056, -1.277681107331943622 ) ) ;
#711 = PRESENTATION_LAYER_ASSIGNMENT (  '', '', ( #48 ) ) ;
#712 = FACE_OUTER_BOUND ( 'NONE', #1258, .T. ) ;
#713 = MECHANICAL_DESIGN_GEOMETRIC_PRESENTATION_REPRESENTATION (  '', ( #11576 ), #1405 ) ;
#714 = LINE ( 'NONE', #7468, #5695 ) ;
#715 = VECTOR ( 'NONE', #1879, 1000.000000000000000 ) ;
#716 = PRESENTATION_STYLE_ASSIGNMENT (( #4976 ) ) ;
#717 = VERTEX_POINT ( 'NONE', #10727 ) ;
#718 = DIRECTION ( 'NONE',  ( 1.000000000000000000, -0.0000000000000000000, 0.0000000000000000000 ) ) ;
#719 = COLOUR_RGB ( '',1.000000000000000000, 1.000000000000000000, 1.000000000000000000 ) ;
#720 = FILL_AREA_STYLE_COLOUR ( '', #6073 ) ;
#721 = CARTESIAN_POINT ( 'NONE',  ( 1.171933149074797953, -0.05000000000000000278, 0.2369407634194545809 ) ) ;
#722 = ORIENTED_EDGE ( 'NONE', *, *, #3885, .F. ) ;
#723 = ORIENTED_EDGE ( 'NONE', *, *, #11744, .T. ) ;
#724 = FILL_AREA_STYLE_COLOUR ( '', #549 ) ;
#725 = FILL_AREA_STYLE_COLOUR ( '', #8275 ) ;
#726 = EDGE_CURVE ( 'NONE', #74, #5248, #1061, .T. ) ;
#727 = CARTESIAN_POINT ( 'NONE',  ( 0.0000000000000000000, 0.1000000000000000056, -1.416874574924349872 ) ) ;
#728 = CIRCLE ( 'NONE', #2717, 0.02617424799283601944 ) ;
#729 = ORIENTED_EDGE ( 'NONE', *, *, #7057, .F. ) ;
#730 = CARTESIAN_POINT ( 'NONE',  ( 0.8189977282522473701, 0.1000000000000000056, 0.0000000000000000000 ) ) ;
#731 =( NAMED_UNIT ( * ) PLANE_ANGLE_UNIT ( ) SI_UNIT ( $, .RADIAN. ) );
#732 = COLOUR_RGB ( '',1.000000000000000000, 1.000000000000000000, 1.000000000000000000 ) ;
#733 = CARTESIAN_POINT ( 'NONE',  ( -0.8189977282522473701, 0.0000000000000000000, -1.277681107331943622 ) ) ;
#734 =( GEOMETRIC_REPRESENTATION_CONTEXT ( 3 ) GLOBAL_UNCERTAINTY_ASSIGNED_CONTEXT ( ( #1491 ) ) GLOBAL_UNIT_ASSIGNED_CONTEXT ( ( #7679, #1757, #8685 ) ) REPRESENTATION_CONTEXT ( 'NONE', 'WORKASPACE' ) );
#735 = ORIENTED_EDGE ( 'NONE', *, *, #10095, .F. ) ;
#736 = CARTESIAN_POINT ( 'NONE',  ( 0.0000000000000000000, -0.05000000000000000278, -1.277681107331943622 ) ) ;
#737 = FACE_OUTER_BOUND ( 'NONE', #3835, .T. ) ;
#738 = ORIENTED_EDGE ( 'NONE', *, *, #8999, .F. ) ;
#739 = EDGE_LOOP ( 'NONE', ( #9987, #9064, #9376, #12686 ) ) ;
#740 = SURFACE_STYLE_USAGE ( .BOTH. , #6677 ) ;
#741 = VERTEX_POINT ( 'NONE', #10028 ) ;
#742 =( NAMED_UNIT ( * ) SI_UNIT ( $, .STERADIAN. ) SOLID_ANGLE_UNIT ( ) );
#743 = CARTESIAN_POINT ( 'NONE',  ( 1.599999999999999645, 0.1499999999999999944, 0.0000000000000000000 ) ) ;
#744 = VECTOR ( 'NONE', #4604, 1000.000000000000000 ) ;
#745 = MECHANICAL_DESIGN_GEOMETRIC_PRESENTATION_REPRESENTATION (  '', ( #11603 ), #1435 ) ;
#746 = ORIENTED_EDGE ( 'NONE', *, *, #7720, .F. ) ;
#747 = SURFACE_STYLE_FILL_AREA ( #1596 ) ;
#748 = STYLED_ITEM ( 'NONE', ( #5886 ), #4831 ) ;
#749 = DIRECTION ( 'NONE',  ( -1.000000000000000000, 0.0000000000000000000, 0.0000000000000000000 ) ) ;
#750 = ORIENTED_EDGE ( 'NONE', *, *, #1421, .F. ) ;
#751 = LINE ( 'NONE', #11719, #8667 ) ;
#752 = ORIENTED_EDGE ( 'NONE', *, *, #58, .F. ) ;
#753 = SURFACE_STYLE_USAGE ( .BOTH. , #6685 ) ;
#754 = CARTESIAN_POINT ( 'NONE',  ( 0.5087622389318458005, -0.05000000000000000278, -1.416874574924349872 ) ) ;
#755 = UNCERTAINTY_MEASURE_WITH_UNIT (LENGTH_MEASURE( 1.000000000000000082E-05 ), #4480, 'distance_accuracy_value', 'NONE');
#756 = CARTESIAN_POINT ( 'NONE',  ( -1.599999999999999645, 0.1000000000000000056, 0.07500000000000017764 ) ) ;
#757 = VECTOR ( 'NONE', #3710, 1000.000000000000000 ) ;
#758 = FACE_OUTER_BOUND ( 'NONE', #4169, .T. ) ;
#759 = VERTEX_POINT ( 'NONE', #10303 ) ;
#760 = SURFACE_STYLE_FILL_AREA ( #6777 ) ;
#761 = VERTEX_POINT ( 'NONE', #9907 ) ;
#762 = DIRECTION ( 'NONE',  ( -0.1908089953765452762, -0.9816271834476639757, 0.0000000000000000000 ) ) ;
#763 = ORIENTED_EDGE ( 'NONE', *, *, #7372, .T. ) ;
#764 = CARTESIAN_POINT ( 'NONE',  ( -0.8189977282522473701, -0.05000000000000000278, -1.199999999999999289 ) ) ;
#765 = MECHANICAL_DESIGN_GEOMETRIC_PRESENTATION_REPRESENTATION (  '', ( #12296 ), #1454 ) ;
#766 = UNCERTAINTY_MEASURE_WITH_UNIT (LENGTH_MEASURE( 1.000000000000000082E-05 ), #7980, 'distance_accuracy_value', 'NONE');
#767 = PRESENTATION_LAYER_ASSIGNMENT (  '', '', ( #12297 ) ) ;
#768 = EDGE_CURVE ( 'NONE', #2514, #9508, #3408, .T. ) ;
#769 = EDGE_CURVE ( 'NONE', #6531, #359, #751, .T. ) ;
#770 = LINE ( 'NONE', #11600, #11000 ) ;
#771 = STYLED_ITEM ( 'NONE', ( #11156 ), #6565 ) ;
#772 = ADVANCED_FACE ( 'NONE', ( #439 ), #9731, .T. ) ;
#773 = CARTESIAN_POINT ( 'NONE',  ( -0.1549999999999993883, -0.05000000000000000278, -0.0000000000000000000 ) ) ;
#774 = SURFACE_SIDE_STYLE ('',( #6013 ) ) ;
#775 = ORIENTED_EDGE ( 'NONE', *, *, #4133, .F. ) ;
#776 = DIRECTION ( 'NONE',  ( 0.0000000000000000000, 0.0000000000000000000, -1.000000000000000000 ) ) ;
#777 = DIRECTION ( 'NONE',  ( 0.0000000000000000000, 1.000000000000000000, -0.0000000000000000000 ) ) ;
#778 = DIRECTION ( 'NONE',  ( 0.0000000000000000000, -1.000000000000000000, 0.0000000000000000000 ) ) ;
#779 = SHAPE_DEFINITION_REPRESENTATION ( #1819, #10656 ) ;
#780 = DIRECTION ( 'NONE',  ( 0.0000000000000000000, -0.0000000000000000000, 1.000000000000000000 ) ) ;
#781 = FACE_OUTER_BOUND ( 'NONE', #8787, .T. ) ;
#782 = CARTESIAN_POINT ( 'NONE',  ( 1.455814029726843373, 0.1499999999999999944, -1.355814029726843728 ) ) ;
#783 = VECTOR ( 'NONE', #12127, 1000.000000000000000 ) ;
#784 = STYLED_ITEM ( 'NONE', ( #3815 ), #9543 ) ;
#785 = DIRECTION ( 'NONE',  ( -0.0000000000000000000, -0.0000000000000000000, 1.000000000000000000 ) ) ;
#786 = EDGE_CURVE ( 'NONE', #2484, #4933, #12373, .T. ) ;
#787 = FILL_AREA_STYLE_COLOUR ( '', #9137 ) ;
#788 = PRESENTATION_LAYER_ASSIGNMENT (  '', '', ( #12321 ) ) ;
#789 = DIRECTION ( 'NONE',  ( 1.000000000000000000, 0.0000000000000000000, 0.0000000000000000000 ) ) ;
#790 = EDGE_CURVE ( 'NONE', #2824, #270, #2169, .T. ) ;
#791 = FACE_OUTER_BOUND ( 'NONE', #2648, .T. ) ;
#792 = DIRECTION ( 'NONE',  ( 0.0000000000000000000, 0.0000000000000000000, -1.000000000000000000 ) ) ;
#793 = ORIENTED_EDGE ( 'NONE', *, *, #10009, .T. ) ;
#794 = ORIENTED_EDGE ( 'NONE', *, *, #91, .T. ) ;
#795 = CARTESIAN_POINT ( 'NONE',  ( 0.0000000000000000000, 0.0000000000000000000, 0.07500000000000017764 ) ) ;
#796 =( LENGTH_UNIT ( ) NAMED_UNIT ( * ) SI_UNIT ( .MILLI., .METRE. ) );
#797 = EDGE_LOOP ( 'NONE', ( #10631, #11095, #5703, #5839 ) ) ;
#798 = PRESENTATION_LAYER_ASSIGNMENT (  '', '', ( #12335 ) ) ;
#799 = LINE ( 'NONE', #802, #11023 ) ;
#800 = DIRECTION ( 'NONE',  ( 0.0000000000000000000, 1.000000000000000000, 0.0000000000000000000 ) ) ;
#801 = SURFACE_SIDE_STYLE ('',( #11060 ) ) ;
#802 = CARTESIAN_POINT ( 'NONE',  ( 0.7660883464570584778, 0.1000000000000000056, 1.320000718934352335 ) ) ;
#803 = EDGE_CURVE ( 'NONE', #2705, #6531, #7426, .T. ) ;
#804 = CARTESIAN_POINT ( 'NONE',  ( -0.7912377610681550211, -0.05000000000000000278, -1.277681107331943622 ) ) ;
#805 = ORIENTED_EDGE ( 'NONE', *, *, #6636, .F. ) ;
#806 = CARTESIAN_POINT ( 'NONE',  ( -1.134999999999999787, 0.1000000000000000056, -1.277681107331943622 ) ) ;
#807 = AXIS2_PLACEMENT_3D ( 'NONE', #7925, #1996, #8896 ) ;
#808 = SURFACE_SIDE_STYLE ('',( #2762 ) ) ;
#809 = ORIENTED_EDGE ( 'NONE', *, *, #11625, .F. ) ;
#810 = DIRECTION ( 'NONE',  ( -1.000000000000000000, 0.0000000000000000000, 0.0000000000000000000 ) ) ;
#811 = SURFACE_SIDE_STYLE ('',( #10332 ) ) ;
#812 = CARTESIAN_POINT ( 'NONE',  ( 0.0000000000000000000, -0.05000000000000000278, 1.649999999999999467 ) ) ;
#813 = EDGE_LOOP ( 'NONE', ( #5093, #1183, #7545, #7712 ) ) ;
#814 = ORIENTED_EDGE ( 'NONE', *, *, #1069, .F. ) ;
#815 = CARTESIAN_POINT ( 'NONE',  ( 1.540045451220497963, 0.1000000000000000056, -0.1083811245156857395 ) ) ;
#816 = MECHANICAL_DESIGN_GEOMETRIC_PRESENTATION_REPRESENTATION (  '', ( #11673 ), #1507 ) ;
#817 = EDGE_CURVE ( 'NONE', #5731, #12010, #1850, .T. ) ;
#818 = UNCERTAINTY_MEASURE_WITH_UNIT (LENGTH_MEASURE( 1.000000000000000082E-05 ), #10352, 'distance_accuracy_value', 'NONE');
#819 = DIRECTION ( 'NONE',  ( 0.0000000000000000000, -1.000000000000000000, 0.0000000000000000000 ) ) ;
#820 = STYLED_ITEM ( 'NONE', ( #5098 ), #4200 ) ;
#821 = PRESENTATION_STYLE_ASSIGNMENT (( #376 ) ) ;
#822 = ORIENTED_EDGE ( 'NONE', *, *, #8539, .T. ) ;
#823 = CARTESIAN_POINT ( 'NONE',  ( 0.1650000000000009237, 0.1000000000000000056, 1.500000000000000000 ) ) ;
#824 = CARTESIAN_POINT ( 'NONE',  ( -1.459764889246170094, 0.1499999999999999944, 1.399999999999999911 ) ) ;
#825 = ADVANCED_FACE ( 'NONE', ( #7116 ), #2716, .F. ) ;
#826 = VECTOR ( 'NONE', #626, 1000.000000000000000 ) ;
#827 = DIRECTION ( 'NONE',  ( 1.000000000000000000, 0.0000000000000000000, -0.0000000000000000000 ) ) ;
#828 = SURFACE_STYLE_USAGE ( .BOTH. , #6771 ) ;
#829 = CARTESIAN_POINT ( 'NONE',  ( 0.1650000000000009237, 0.1000000000000000056, 1.375493264616636679 ) ) ;
#830 = SURFACE_SIDE_STYLE ('',( #760 ) ) ;
#831 = ADVANCED_FACE ( 'NONE', ( #8505 ), #9879, .T. ) ;
#832 = ORIENTED_EDGE ( 'NONE', *, *, #6890, .T. ) ;
#833 = ADVANCED_FACE ( 'NONE', ( #4968 ), #6333, .T. ) ;
#834 = AXIS2_PLACEMENT_3D ( 'NONE', #11312, #5420, #12311 ) ;
#835 = PRESENTATION_LAYER_ASSIGNMENT (  '', '', ( #160 ) ) ;
#836 = EDGE_CURVE ( 'NONE', #5731, #4183, #4014, .T. ) ;
#837 = VECTOR ( 'NONE', #10672, 1000.000000000000000 ) ;
#838 = EDGE_CURVE ( 'NONE', #12, #4815, #1374, .T. ) ;
#839 =( NAMED_UNIT ( * ) PLANE_ANGLE_UNIT ( ) SI_UNIT ( $, .RADIAN. ) );
#840 = DIRECTION ( 'NONE',  ( 0.0000000000000000000, -1.000000000000000000, 0.0000000000000000000 ) ) ;
#841 = CYLINDRICAL_SURFACE ( 'NONE', #654, 0.02617424799283601944 ) ;
#842 = SURFACE_SIDE_STYLE ('',( #1114 ) ) ;
#843 = DIRECTION ( 'NONE',  ( 0.0000000000000000000, 0.0000000000000000000, 1.000000000000000000 ) ) ;
#844 = VERTEX_POINT ( 'NONE', #12085 ) ;
#845 = DIRECTION ( 'NONE',  ( 0.0000000000000000000, 1.000000000000000000, -0.0000000000000000000 ) ) ;
#846 = DIRECTION ( 'NONE',  ( 0.0000000000000000000, 0.0000000000000000000, 1.000000000000000000 ) ) ;
#847 = LINE ( 'NONE', #6731, #6000 ) ;
#848 = CIRCLE ( 'NONE', #8004, 0.03693314907479819387 ) ;
#849 = SURFACE_STYLE_USAGE ( .BOTH. , #7934 ) ;
#850 = MECHANICAL_DESIGN_GEOMETRIC_PRESENTATION_REPRESENTATION (  '', ( #11710 ), #1547 ) ;
#851 = LINE ( 'NONE', #6714, #6133 ) ;
#852 = ADVANCED_FACE ( 'NONE', ( #8656 ), #1100, .T. ) ;
#853 = VECTOR ( 'NONE', #9373, 1000.000000000000000 ) ;
#854 =( NAMED_UNIT ( * ) PLANE_ANGLE_UNIT ( ) SI_UNIT ( $, .RADIAN. ) );
#855 = DIRECTION ( 'NONE',  ( 1.000000000000000000, -0.0000000000000000000, 0.0000000000000000000 ) ) ;
#856 = CARTESIAN_POINT ( 'NONE',  ( -1.171933149074798175, -0.05000000000000000278, -0.2000076143446563315 ) ) ;
#857 = LINE ( 'NONE', #1736, #7374 ) ;
#858 = MECHANICAL_DESIGN_GEOMETRIC_PRESENTATION_REPRESENTATION (  '', ( #11720 ), #1551 ) ;
#859 = SURFACE_SIDE_STYLE ('',( #9826 ) ) ;
#860 = FILL_AREA_STYLE_COLOUR ( '', #6615 ) ;
#861 = CARTESIAN_POINT ( 'NONE',  ( 0.0000000000000000000, 0.1000000000000000056, -1.416874574924349872 ) ) ;
#862 = ORIENTED_EDGE ( 'NONE', *, *, #8420, .T. ) ;
#863 = EDGE_CURVE ( 'NONE', #8729, #11697, #10347, .T. ) ;
#864 = VECTOR ( 'NONE', #2818, 1000.000000000000000 ) ;
#865 = LINE ( 'NONE', #11507, #11091 ) ;
#866 = CARTESIAN_POINT ( 'NONE',  ( 1.197916575926319283, -0.05000000000000000278, 0.1623686072350682963 ) ) ;
#867 =( LENGTH_UNIT ( ) NAMED_UNIT ( * ) SI_UNIT ( .MILLI., .METRE. ) );
#868 = ORIENTED_EDGE ( 'NONE', *, *, #5446, .F. ) ;
#869 = VERTEX_POINT ( 'NONE', #3716 ) ;
#870 = VERTEX_POINT ( 'NONE', #2832 ) ;
#871 = VERTEX_POINT ( 'NONE', #8726 ) ;
#872 = SURFACE_SIDE_STYLE ('',( #622 ) ) ;
#873 = ORIENTED_EDGE ( 'NONE', *, *, #2498, .F. ) ;
#874 = DIRECTION ( 'NONE',  ( -1.000000000000000000, 0.0000000000000000000, 0.0000000000000000000 ) ) ;
#875 = CARTESIAN_POINT ( 'NONE',  ( 0.0000000000000000000, 0.1000000000000000056, 0.07500000000000017764 ) ) ;
#876 = CARTESIAN_POINT ( 'NONE',  ( -0.4849999999999994316, -0.05000000000000000278, -1.649999999999998579 ) ) ;
#877 = MECHANICAL_DESIGN_GEOMETRIC_PRESENTATION_REPRESENTATION (  '', ( #12413 ), #1566 ) ;
#878 = FILL_AREA_STYLE ('',( #11741 ) ) ;
#879 = SURFACE_SIDE_STYLE ('',( #8536 ) ) ;
#880 = STYLED_ITEM ( 'NONE', ( #6010 ), #10318 ) ;
#881 = PRESENTATION_LAYER_ASSIGNMENT (  '', '', ( #12415 ) ) ;
#882 = VECTOR ( 'NONE', #8113, 1000.000000000000000 ) ;
#883 = EDGE_CURVE ( 'NONE', #10407, #5250, #2460, .T. ) ;
#884 = FACE_OUTER_BOUND ( 'NONE', #5335, .T. ) ;
#885 = ORIENTED_EDGE ( 'NONE', *, *, #2283, .F. ) ;
#886 = EDGE_LOOP ( 'NONE', ( #4536, #4371, #3838, #3420 ) ) ;
#887 = LINE ( 'NONE', #11074, #8808 ) ;
#888 = LINE ( 'NONE', #608, #3535 ) ;
#889 = VECTOR ( 'NONE', #1563, 1000.000000000000000 ) ;
#890 = ORIENTED_EDGE ( 'NONE', *, *, #1319, .F. ) ;
#891 = MECHANICAL_DESIGN_GEOMETRIC_PRESENTATION_REPRESENTATION (  '', ( #12421 ), #1579 ) ;
#892 = SURFACE_STYLE_USAGE ( .BOTH. , #6840 ) ;
#893 = PLANE ( 'NONE',  #2362 ) ;
#894 = SURFACE_STYLE_FILL_AREA ( #8974 ) ;
#895 = SURFACE_SIDE_STYLE ('',( #7477 ) ) ;
#896 = DIRECTION ( 'NONE',  ( 0.0000000000000000000, 0.0000000000000000000, -1.000000000000000000 ) ) ;
#897 = ADVANCED_FACE ( 'NONE', ( #8953 ), #9510, .T. ) ;
#898 = ORIENTED_EDGE ( 'NONE', *, *, #2781, .T. ) ;
#899 = COLOUR_RGB ( '',1.000000000000000000, 1.000000000000000000, 1.000000000000000000 ) ;
#900 = DIRECTION ( 'NONE',  ( 1.000000000000000000, -0.0000000000000000000, 0.0000000000000000000 ) ) ;
#901 = DIRECTION ( 'NONE',  ( -0.0000000000000000000, 0.0000000000000000000, 1.000000000000000000 ) ) ;
#902 = PRESENTATION_STYLE_ASSIGNMENT (( #849 ) ) ;
#903 = VECTOR ( 'NONE', #9700, 1000.000000000000000 ) ;
#904 = ORIENTED_EDGE ( 'NONE', *, *, #11691, .F. ) ;
#905 = VECTOR ( 'NONE', #12157, 1000.000000000000000 ) ;
#906 = EDGE_LOOP ( 'NONE', ( #6163, #9099, #6783, #2731 ) ) ;
#907 = EDGE_CURVE ( 'NONE', #5931, #5602, #1536, .T. ) ;
#908 = DIRECTION ( 'NONE',  ( -1.000000000000000000, 0.0000000000000000000, 0.0000000000000000000 ) ) ;
#909 = EDGE_CURVE ( 'NONE', #3858, #8699, #11725, .T. ) ;
#910 = CARTESIAN_POINT ( 'NONE',  ( 1.162759967184092247, -0.05000000000000000278, -1.416874574924349872 ) ) ;
#911 = FILL_AREA_STYLE ('',( #5854 ) ) ;
#912 = SURFACE_STYLE_FILL_AREA ( #8051 ) ;
#913 = CYLINDRICAL_SURFACE ( 'NONE', #2732, 0.05593526370766899181 ) ;
#914 = VERTEX_POINT ( 'NONE', #5505 ) ;
#915 = CARTESIAN_POINT ( 'NONE',  ( 1.197916575926319283, 0.1000000000000000056, 0.0000000000000000000 ) ) ;
#916 = DIRECTION ( 'NONE',  ( 0.0000000000000000000, -1.000000000000000000, 0.0000000000000000000 ) ) ;
#917 = PRESENTATION_LAYER_ASSIGNMENT (  '', '', ( #12439 ) ) ;
#918 = VECTOR ( 'NONE', #2059, 1000.000000000000000 ) ;
#919 = FACE_OUTER_BOUND ( 'NONE', #886, .T. ) ;
#920 = CIRCLE ( 'NONE', #10502, 0.05593526370766899181 ) ;
#921 = EDGE_LOOP ( 'NONE', ( #8037, #8209, #8519, #8658 ) ) ;
#922 = CARTESIAN_POINT ( 'NONE',  ( -1.134999999999999787, -0.05000000000000000278, 1.649999999999999467 ) ) ;
#923 = LINE ( 'NONE', #10848, #8517 ) ;
#924 = ORIENTED_EDGE ( 'NONE', *, *, #7009, .T. ) ;
#925 = ORIENTED_EDGE ( 'NONE', *, *, #4402, .F. ) ;
#926 = COLOUR_RGB ( '',1.000000000000000000, 1.000000000000000000, 1.000000000000000000 ) ;
#927 = ORIENTED_EDGE ( 'NONE', *, *, #300, .T. ) ;
#928 = UNCERTAINTY_MEASURE_WITH_UNIT (LENGTH_MEASURE( 1.000000000000000082E-05 ), #4873, 'distance_accuracy_value', 'NONE');
#929 = SURFACE_STYLE_USAGE ( .BOTH. , #1041 ) ;
#930 = PLANE ( 'NONE',  #11871 ) ;
#931 = MECHANICAL_DESIGN_GEOMETRIC_PRESENTATION_REPRESENTATION (  '', ( #12449 ), #1609 ) ;
#932 = CARTESIAN_POINT ( 'NONE',  ( 1.135000000000004894, 0.1000000000000000056, -2.485305147012454610E-14 ) ) ;
#934 = ORIENTED_EDGE ( 'NONE', *, *, #5869, .F. ) ;
#933 = DIRECTION ( 'NONE',  ( 0.0000000000000000000, 1.000000000000000000, 0.0000000000000000000 ) ) ;
#935 = DIRECTION ( 'NONE',  ( 0.0000000000000000000, 1.000000000000000000, 0.0000000000000000000 ) ) ;
#936 = ORIENTED_EDGE ( 'NONE', *, *, #8574, .F. ) ;
#937 = PRODUCT ( 'FDMC8327L', 'FDMC8327L', '', ( #12159 ) ) ;
#938 = PRESENTATION_STYLE_ASSIGNMENT (( #12765 ) ) ;
#939 = CARTESIAN_POINT ( 'NONE',  ( 1.291219160478732420, 0.6999999999999999556, -1.191219160478733219 ) ) ;
#940 = SURFACE_STYLE_FILL_AREA ( #6863 ) ;
#941 = DIRECTION ( 'NONE',  ( 0.0000000000000000000, -1.000000000000000000, 0.0000000000000000000 ) ) ;
#942 = COLOUR_RGB ( '',1.000000000000000000, 1.000000000000000000, 1.000000000000000000 ) ;
#943 =( NAMED_UNIT ( * ) SI_UNIT ( $, .STERADIAN. ) SOLID_ANGLE_UNIT ( ) );
#944 = FILL_AREA_STYLE_COLOUR ( '', #5003 ) ;
#945 = FILL_AREA_STYLE_COLOUR ( '', #693 ) ;
#946 = EDGE_CURVE ( 'NONE', #10186, #12357, #4171, .T. ) ;
#947 = SURFACE_STYLE_FILL_AREA ( #5063 ) ;
#948 = EDGE_CURVE ( 'NONE', #914, #8859, #3853, .T. ) ;
#949 = PRESENTATION_STYLE_ASSIGNMENT (( #6021 ) ) ;
#950 = MECHANICAL_DESIGN_GEOMETRIC_PRESENTATION_REPRESENTATION (  '', ( #11803 ), #1630 ) ;
#951 =( LENGTH_UNIT ( ) NAMED_UNIT ( * ) SI_UNIT ( .MILLI., .METRE. ) );
#952 = CARTESIAN_POINT ( 'NONE',  ( -0.1412377610681545548, -0.05000000000000000278, -1.277681107331943622 ) ) ;
#953 = ORIENTED_EDGE ( 'NONE', *, *, #1243, .F. ) ;
#954 = ORIENTED_EDGE ( 'NONE', *, *, #6794, .T. ) ;
#955 =( NAMED_UNIT ( * ) SI_UNIT ( $, .STERADIAN. ) SOLID_ANGLE_UNIT ( ) );
#956 = CARTESIAN_POINT ( 'NONE',  ( -0.07991409846422234398, 0.1000000000000000056, 1.276162611327208873 ) ) ;
#957 = SURFACE_STYLE_FILL_AREA ( #7930 ) ;
#958 = DIRECTION ( 'NONE',  ( -0.0000000000000000000, 0.0000000000000000000, 1.000000000000000000 ) ) ;
#959 = MECHANICAL_DESIGN_GEOMETRIC_PRESENTATION_REPRESENTATION (  '', ( #11814 ), #1642 ) ;
#960 = CARTESIAN_POINT ( 'NONE',  ( 1.162759967184092247, -0.05000000000000000278, -1.277681107331943622 ) ) ;
#961 = MECHANICAL_DESIGN_GEOMETRIC_PRESENTATION_REPRESENTATION (  '', ( #12477 ), #1644 ) ;
#962 =( GEOMETRIC_REPRESENTATION_CONTEXT ( 3 ) GLOBAL_UNCERTAINTY_ASSIGNED_CONTEXT ( ( #5616 ) ) GLOBAL_UNIT_ASSIGNED_CONTEXT ( ( #7762, #12219, #11214 ) ) REPRESENTATION_CONTEXT ( 'NONE', 'WORKASPACE' ) );
#963 = ORIENTED_EDGE ( 'NONE', *, *, #8576, .F. ) ;
#964 = EDGE_CURVE ( 'NONE', #3203, #2484, #9101, .T. ) ;
#965 =( NAMED_UNIT ( * ) PLANE_ANGLE_UNIT ( ) SI_UNIT ( $, .RADIAN. ) );
#966 = AXIS2_PLACEMENT_3D ( 'NONE', #697, #7645, #1718 ) ;
#967 =( NAMED_UNIT ( * ) PLANE_ANGLE_UNIT ( ) SI_UNIT ( $, .RADIAN. ) );
#968 = EDGE_CURVE ( 'NONE', #3125, #7523, #11427, .T. ) ;
#969 = ORIENTED_EDGE ( 'NONE', *, *, #1870, .T. ) ;
#970 = CARTESIAN_POINT ( 'NONE',  ( 0.0000000000000000000, 0.1000000000000000056, -0.07500000000000017764 ) ) ;
#971 = VERTEX_POINT ( 'NONE', #12208 ) ;
#972 = ORIENTED_EDGE ( 'NONE', *, *, #5154, .T. ) ;
#973 = FILL_AREA_STYLE_COLOUR ( '', #6834 ) ;
#974 = VERTEX_POINT ( 'NONE', #3500 ) ;
#975 = DIRECTION ( 'NONE',  ( 0.0000000000000000000, 1.000000000000000000, 0.0000000000000000000 ) ) ;
#976 = EDGE_CURVE ( 'NONE', #12810, #8160, #3536, .T. ) ;
#977 = LINE ( 'NONE', #3365, #666 ) ;
#978 = SURFACE_SIDE_STYLE ('',( #12848 ) ) ;
#979 = DIRECTION ( 'NONE',  ( 1.000000000000000000, 0.0000000000000000000, 0.0000000000000000000 ) ) ;
#980 = AXIS2_PLACEMENT_3D ( 'NONE', #1603, #8520, #2586 ) ;
#981 = DIRECTION ( 'NONE',  ( -1.000000000000000000, 0.0000000000000000000, -0.0000000000000000000 ) ) ;
#982 = UNCERTAINTY_MEASURE_WITH_UNIT (LENGTH_MEASURE( 1.000000000000000082E-05 ), #4102, 'distance_accuracy_value', 'NONE');
#983 = DIRECTION ( 'NONE',  ( -1.000000000000000000, 0.0000000000000000000, 0.0000000000000000000 ) ) ;
#984 = DIRECTION ( 'NONE',  ( 0.0000000000000000000, -1.000000000000000000, 0.0000000000000000000 ) ) ;
#985 = VERTEX_POINT ( 'NONE', #6081 ) ;
#986 = VECTOR ( 'NONE', #8615, 1000.000000000000000 ) ;
#987 = VERTEX_POINT ( 'NONE', #11076 ) ;
#988 = CARTESIAN_POINT ( 'NONE',  ( -1.171933149074797953, -0.05000000000000000278, -0.2369407634194545809 ) ) ;
#989 = FILL_AREA_STYLE ('',( #5948 ) ) ;
#990 = PRESENTATION_LAYER_ASSIGNMENT (  '', '', ( #325 ) ) ;
#991 = DIRECTION ( 'NONE',  ( 1.000000000000000000, 0.0000000000000000000, -0.0000000000000000000 ) ) ;
#992 =( GEOMETRIC_REPRESENTATION_CONTEXT ( 3 ) GLOBAL_UNCERTAINTY_ASSIGNED_CONTEXT ( ( #5079 ) ) GLOBAL_UNIT_ASSIGNED_CONTEXT ( ( #5350, #12239, #6324 ) ) REPRESENTATION_CONTEXT ( 'NONE', 'WORKASPACE' ) );
#993 = DIRECTION ( 'NONE',  ( 0.0000000000000000000, 0.0000000000000000000, 1.000000000000000000 ) ) ;
#994 = PLANE ( 'NONE',  #8025 ) ;
#995 = DIRECTION ( 'NONE',  ( 0.0000000000000000000, 0.0000000000000000000, 1.000000000000000000 ) ) ;
#996 = EDGE_LOOP ( 'NONE', ( #4606, #10287, #1635, #3957 ) ) ;
#997 = UNCERTAINTY_MEASURE_WITH_UNIT (LENGTH_MEASURE( 1.000000000000000082E-05 ), #1696, 'distance_accuracy_value', 'NONE');
#998 = DIRECTION ( 'NONE',  ( -1.000000000000000000, 0.0000000000000000000, 0.0000000000000000000 ) ) ;
#999 = SURFACE_SIDE_STYLE ('',( #1888 ) ) ;
#1000 = CARTESIAN_POINT ( 'NONE',  ( 0.7912377610681550211, 0.1000000000000000056, -1.416874574924349872 ) ) ;
#1001 = LINE ( 'NONE', #2772, #11218 ) ;
#1002 = DIRECTION ( 'NONE',  ( 0.0000000000000000000, 0.0000000000000000000, -1.000000000000000000 ) ) ;
#1003 = LINE ( 'NONE', #7580, #3341 ) ;
#1004 = CARTESIAN_POINT ( 'NONE',  ( 1.134999999999999787, 0.1000000000000000056, 0.2369407634194544698 ) ) ;
#1005 = CARTESIAN_POINT ( 'NONE',  ( -0.1689977282522470148, -0.05000000000000000278, -1.649999999999998579 ) ) ;
#1007 = VERTEX_POINT ( 'NONE', #11305 ) ;
#1006 =( GEOMETRIC_REPRESENTATION_CONTEXT ( 3 ) GLOBAL_UNCERTAINTY_ASSIGNED_CONTEXT ( ( #7030 ) ) GLOBAL_UNIT_ASSIGNED_CONTEXT ( ( #2029, #8928, #2998 ) ) REPRESENTATION_CONTEXT ( 'NONE', 'WORKASPACE' ) );
#1008 = DIRECTION ( 'NONE',  ( 1.000000000000000000, -0.0000000000000000000, 0.0000000000000000000 ) ) ;
#1009 = EDGE_CURVE ( 'NONE', #12173, #1445, #10805, .T. ) ;
#1010 = EDGE_CURVE ( 'NONE', #12633, #9933, #3218, .T. ) ;
#1011 = SURFACE_STYLE_USAGE ( .BOTH. , #6970 ) ;
#1012 =( GEOMETRIC_REPRESENTATION_CONTEXT ( 3 ) GLOBAL_UNCERTAINTY_ASSIGNED_CONTEXT ( ( #1583 ) ) GLOBAL_UNIT_ASSIGNED_CONTEXT ( ( #60, #7017, #1065 ) ) REPRESENTATION_CONTEXT ( 'NONE', 'WORKASPACE' ) );
#1013 = ORIENTED_EDGE ( 'NONE', *, *, #8049, .T. ) ;
#1014 = DIRECTION ( 'NONE',  ( 0.0000000000000000000, 1.000000000000000000, 0.0000000000000000000 ) ) ;
#1015 = ORIENTED_EDGE ( 'NONE', *, *, #7449, .F. ) ;
#1016 =( LENGTH_UNIT ( ) NAMED_UNIT ( * ) SI_UNIT ( .MILLI., .METRE. ) );
#1017 = ORIENTED_EDGE ( 'NONE', *, *, #3633, .T. ) ;
#1018 = CIRCLE ( 'NONE', #8802, 0.02617424799283601944 ) ;
#1019 = ORIENTED_EDGE ( 'NONE', *, *, #132, .F. ) ;
#1020 = COLOUR_RGB ( '',1.000000000000000000, 1.000000000000000000, 1.000000000000000000 ) ;
#1021 = ORIENTED_EDGE ( 'NONE', *, *, #6168, .F. ) ;
#1022 = ADVANCED_FACE ( 'NONE', ( #11109 ), #9833, .T. ) ;
#1023 =( NAMED_UNIT ( * ) PLANE_ANGLE_UNIT ( ) SI_UNIT ( $, .RADIAN. ) );
#1024 = FILL_AREA_STYLE ('',( #29 ) ) ;
#1025 = VECTOR ( 'NONE', #3468, 1000.000000000000000 ) ;
#1026 = DIRECTION ( 'NONE',  ( 0.0000000000000000000, -1.000000000000000000, 0.0000000000000000000 ) ) ;
#1027 = COLOUR_RGB ( '',1.000000000000000000, 1.000000000000000000, 1.000000000000000000 ) ;
#1028 = SURFACE_STYLE_USAGE ( .BOTH. , #1622 ) ;
#1029 = STYLED_ITEM ( 'NONE', ( #11016 ), #2545 ) ;
#1030 = ORIENTED_EDGE ( 'NONE', *, *, #4561, .T. ) ;
#1031 = SURFACE_STYLE_USAGE ( .BOTH. , #6987 ) ;
#1032 = CARTESIAN_POINT ( 'NONE',  ( -1.134999999999999787, -0.05000000000000000278, -1.277681107331943622 ) ) ;
#1033 = ORIENTED_EDGE ( 'NONE', *, *, #3444, .F. ) ;
#1034 = COLOUR_RGB ( '',1.000000000000000000, 1.000000000000000000, 1.000000000000000000 ) ;
#1035 = ORIENTED_EDGE ( 'NONE', *, *, #11744, .F. ) ;
#1036 = PRESENTATION_LAYER_ASSIGNMENT (  '', '', ( #363 ) ) ;
#1037 = CARTESIAN_POINT ( 'NONE',  ( 0.1090647362923319458, 0.0000000000000000000, 1.375493264616636457 ) ) ;
#1038 = VERTEX_POINT ( 'NONE', #8273 ) ;
#1039 = LINE ( 'NONE', #3540, #8644 ) ;
#1040 = CARTESIAN_POINT ( 'NONE',  ( 0.0000000000000000000, 0.1000000000000000056, 0.1031605786060936225 ) ) ;
#1041 = SURFACE_SIDE_STYLE ('',( #10657 ) ) ;
#1042 = LINE ( 'NONE', #11864, #3386 ) ;
#1043 = COLOUR_RGB ( '',1.000000000000000000, 1.000000000000000000, 1.000000000000000000 ) ;
#1044 = CIRCLE ( 'NONE', #8243, 0.02617424799283601944 ) ;
#1045 = FILL_AREA_STYLE_COLOUR ( '', #10864 ) ;
#1046 = CARTESIAN_POINT ( 'NONE',  ( 0.08991409846422389329, 0.1000000000000000056, 1.276162611327208873 ) ) ;
#1047 = VERTEX_POINT ( 'NONE', #267 ) ;
#1048 = VECTOR ( 'NONE', #1650, 1000.000000000000000 ) ;
#1049 = VERTEX_POINT ( 'NONE', #3934 ) ;
#1050 = FILL_AREA_STYLE_COLOUR ( '', #12045 ) ;
#1051 = CARTESIAN_POINT ( 'NONE',  ( 1.134999999999998010, 0.0000000000000000000, -0.3161628721251190655 ) ) ;
#1052 = MECHANICAL_DESIGN_GEOMETRIC_PRESENTATION_REPRESENTATION (  '', ( #12576 ), #1728 ) ;
#1053 = SURFACE_STYLE_USAGE ( .BOTH. , #7001 ) ;
#1054 = STYLED_ITEM ( 'NONE', ( #437 ), #3834 ) ;
#1055 = COLOUR_RGB ( '',1.000000000000000000, 1.000000000000000000, 1.000000000000000000 ) ;
#1056 = LINE ( 'NONE', #8588, #11277 ) ;
#1057 = AXIS2_PLACEMENT_3D ( 'NONE', #812, #7758, #1829 ) ;
#1058 = ORIENTED_EDGE ( 'NONE', *, *, #3387, .F. ) ;
#1059 = UNCERTAINTY_MEASURE_WITH_UNIT (LENGTH_MEASURE( 1.000000000000000082E-05 ), #4808, 'distance_accuracy_value', 'NONE');
#1060 =( NAMED_UNIT ( * ) SI_UNIT ( $, .STERADIAN. ) SOLID_ANGLE_UNIT ( ) );
#1061 = CIRCLE ( 'NONE', #6586, 0.05920802862897456276 ) ;
#1062 = ORIENTED_EDGE ( 'NONE', *, *, #1798, .F. ) ;
#1063 = DIRECTION ( 'NONE',  ( 0.0000000000000000000, 0.1908089953765452207, -0.9816271834476638647 ) ) ;
#1064 = COLOUR_RGB ( '',1.000000000000000000, 1.000000000000000000, 1.000000000000000000 ) ;
#1065 =( NAMED_UNIT ( * ) SI_UNIT ( $, .STERADIAN. ) SOLID_ANGLE_UNIT ( ) );
#1066 = DIRECTION ( 'NONE',  ( 1.000000000000000000, -0.0000000000000000000, 0.0000000000000000000 ) ) ;
#1067 = VECTOR ( 'NONE', #323, 1000.000000000000000 ) ;
#1068 = MECHANICAL_DESIGN_GEOMETRIC_PRESENTATION_REPRESENTATION (  '', ( #11929 ), #1746 ) ;
#1069 = EDGE_CURVE ( 'NONE', #11545, #21, #7251, .T. ) ;
#1070 = CARTESIAN_POINT ( 'NONE',  ( -1.455814029726843373, 0.0000000000000000000, -1.500000000000000000 ) ) ;
#1072 = ORIENTED_EDGE ( 'NONE', *, *, #5579, .F. ) ;
#1071 = PLANE ( 'NONE',  #5434 ) ;
#1073 = UNCERTAINTY_MEASURE_WITH_UNIT (LENGTH_MEASURE( 1.000000000000000082E-05 ), #4515, 'distance_accuracy_value', 'NONE');
#1074 = SURFACE_SIDE_STYLE ('',( #11695 ) ) ;
#1075 = AXIS2_PLACEMENT_3D ( 'NONE', #3607, #10529, #4638 ) ;
#1076 = DIRECTION ( 'NONE',  ( 0.0000000000000000000, 0.0000000000000000000, 1.000000000000000000 ) ) ;
#1077 = VECTOR ( 'NONE', #12115, 1000.000000000000000 ) ;
#1078 = SURFACE_STYLE_FILL_AREA ( #5046 ) ;
#1079 = CARTESIAN_POINT ( 'NONE',  ( -0.5127599671840918916, -0.05000000000000000278, 0.0000000000000000000 ) ) ;
#1080 = ORIENTED_EDGE ( 'NONE', *, *, #3012, .T. ) ;
#1081 = SURFACE_STYLE_FILL_AREA ( #10449 ) ;
#1082 = FILL_AREA_STYLE ('',( #2780 ) ) ;
#1083 = ORIENTED_EDGE ( 'NONE', *, *, #5797, .T. ) ;
#1084 =( LENGTH_UNIT ( ) NAMED_UNIT ( * ) SI_UNIT ( .MILLI., .METRE. ) );
#1085 = CYLINDRICAL_SURFACE ( 'NONE', #11622, 0.1000000000000000472 ) ;
#1086 =( NAMED_UNIT ( * ) SI_UNIT ( $, .STERADIAN. ) SOLID_ANGLE_UNIT ( ) );
#1087 = AXIS2_PLACEMENT_3D ( 'NONE', #2171, #9057, #3133 ) ;
#1088 = FACE_OUTER_BOUND ( 'NONE', #2497, .T. ) ;
#1089 = CARTESIAN_POINT ( 'NONE',  ( -1.162759967184092247, 0.0000000000000000000, -1.277681107331943622 ) ) ;
#1090 =( GEOMETRIC_REPRESENTATION_CONTEXT ( 3 ) GLOBAL_UNCERTAINTY_ASSIGNED_CONTEXT ( ( #11321 ) ) GLOBAL_UNIT_ASSIGNED_CONTEXT ( ( #2097, #8998, #3069 ) ) REPRESENTATION_CONTEXT ( 'NONE', 'WORKASPACE' ) );
#1091 = DIRECTION ( 'NONE',  ( -0.0000000000000000000, 0.0000000000000000000, -1.000000000000000000 ) ) ;
#1092 = ORIENTED_EDGE ( 'NONE', *, *, #12224, .F. ) ;
#1093 = DIRECTION ( 'NONE',  ( 1.000000000000000000, 0.0000000000000000000, -0.0000000000000000000 ) ) ;
#1094 = CARTESIAN_POINT ( 'NONE',  ( -0.7660883464570584778, 0.0000000000000000000, 1.320000718934352335 ) ) ;
#1095 = FILL_AREA_STYLE_COLOUR ( '', #9280 ) ;
#1096 = ADVANCED_FACE ( 'NONE', ( #1992 ), #4050, .T. ) ;
#1098 =( NAMED_UNIT ( * ) SI_UNIT ( $, .STERADIAN. ) SOLID_ANGLE_UNIT ( ) );
#1097 = VECTOR ( 'NONE', #11582, 1000.000000000000000 ) ;
#1099 = ORIENTED_EDGE ( 'NONE', *, *, #8823, .F. ) ;
#1100 = PLANE ( 'NONE',  #12476 ) ;
#1101 = ORIENTED_EDGE ( 'NONE', *, *, #6172, .F. ) ;
#1102 = PRESENTATION_STYLE_ASSIGNMENT (( #6098 ) ) ;
#1103 =( NAMED_UNIT ( * ) SI_UNIT ( $, .STERADIAN. ) SOLID_ANGLE_UNIT ( ) );
#1104 = PRESENTATION_LAYER_ASSIGNMENT (  '', '', ( #12614 ) ) ;
#1105 = PLANE ( 'NONE',  #7677 ) ;
#1106 = ORIENTED_EDGE ( 'NONE', *, *, #2119, .T. ) ;
#1107 =( NAMED_UNIT ( * ) SI_UNIT ( $, .STERADIAN. ) SOLID_ANGLE_UNIT ( ) );
#1108 =( NAMED_UNIT ( * ) PLANE_ANGLE_UNIT ( ) SI_UNIT ( $, .RADIAN. ) );
#1109 = ADVANCED_FACE ( 'NONE', ( #11253 ), #7173, .T. ) ;
#1110 = EDGE_CURVE ( 'NONE', #9732, #8865, #10333, .T. ) ;
#1111 = ADVANCED_FACE ( 'NONE', ( #5406 ), #994, .T. ) ;
#1112 = ORIENTED_EDGE ( 'NONE', *, *, #4198, .T. ) ;
#1113 = STYLED_ITEM ( 'NONE', ( #3233 ), #7149 ) ;
#1114 = SURFACE_STYLE_FILL_AREA ( #6793 ) ;
#1115 = CARTESIAN_POINT ( 'NONE',  ( 0.0000000000000000000, 0.1000000000000000056, 0.0000000000000000000 ) ) ;
#1116 = FILL_AREA_STYLE ('',( #8014 ) ) ;
#1117 = PLANE ( 'NONE',  #9369 ) ;
#1118 = CARTESIAN_POINT ( 'NONE',  ( 1.599999999999999645, 0.1000000000000000056, 0.07500000000000017764 ) ) ;
#1119 = VERTEX_POINT ( 'NONE', #3301 ) ;
#1120 = SURFACE_STYLE_USAGE ( .BOTH. , #7062 ) ;
#1121 = CARTESIAN_POINT ( 'NONE',  ( 1.401837281655233136, 0.1499999999999999944, -1.400000000000000133 ) ) ;
#1122 = ORIENTED_EDGE ( 'NONE', *, *, #12325, .T. ) ;
#1123 =( GEOMETRIC_REPRESENTATION_CONTEXT ( 3 ) GLOBAL_UNCERTAINTY_ASSIGNED_CONTEXT ( ( #12089 ) ) GLOBAL_UNIT_ASSIGNED_CONTEXT ( ( #8804, #9234, #3882 ) ) REPRESENTATION_CONTEXT ( 'NONE', 'WORKASPACE' ) );
#1125 = DIRECTION ( 'NONE',  ( 1.000000000000000000, -0.0000000000000000000, 0.0000000000000000000 ) ) ;
#1124 = PRESENTATION_STYLE_ASSIGNMENT (( #11227 ) ) ;
#1126 = AXIS2_PLACEMENT_3D ( 'NONE', #1037, #7986, #2063 ) ;
#1127 = MECHANICAL_DESIGN_GEOMETRIC_PRESENTATION_REPRESENTATION (  '', ( #12644 ), #1797 ) ;
#1128 = CARTESIAN_POINT ( 'NONE',  ( -0.8189977282522473701, 0.1000000000000000056, -0.0000000000000000000 ) ) ;
#1129 = EDGE_CURVE ( 'NONE', #590, #11197, #9390, .T. ) ;
#1130 = SURFACE_STYLE_FILL_AREA ( #5404 ) ;
#1131 = SURFACE_STYLE_USAGE ( .BOTH. , #7074 ) ;
#1132 = DIRECTION ( 'NONE',  ( 0.0000000000000000000, 0.0000000000000000000, 1.000000000000000000 ) ) ;
#1133 =( GEOMETRIC_REPRESENTATION_CONTEXT ( 3 ) GLOBAL_UNCERTAINTY_ASSIGNED_CONTEXT ( ( #349 ) ) GLOBAL_UNIT_ASSIGNED_CONTEXT ( ( #11708, #1446, #7033 ) ) REPRESENTATION_CONTEXT ( 'NONE', 'WORKASPACE' ) );
#1134 = DIRECTION ( 'NONE',  ( -0.0000000000000000000, 0.0000000000000000000, 1.000000000000000000 ) ) ;
#1135 =( GEOMETRIC_REPRESENTATION_CONTEXT ( 3 ) GLOBAL_UNCERTAINTY_ASSIGNED_CONTEXT ( ( #9164 ) ) GLOBAL_UNIT_ASSIGNED_CONTEXT ( ( #11087, #5197, #12078 ) ) REPRESENTATION_CONTEXT ( 'NONE', 'WORKASPACE' ) );
#1136 = DIRECTION ( 'NONE',  ( 1.000000000000000000, -0.0000000000000000000, 0.0000000000000000000 ) ) ;
#1137 = EDGE_LOOP ( 'NONE', ( #238, #3201, #3033, #7855, #10797, #11233, #5401, #11231, #4315, #7694, #1662, #1675 ) ) ;
#1138 = LINE ( 'NONE', #1310, #826 ) ;
#1139 =( NAMED_UNIT ( * ) SI_UNIT ( $, .STERADIAN. ) SOLID_ANGLE_UNIT ( ) );
#1140 = SURFACE_STYLE_USAGE ( .BOTH. , #5124 ) ;
#1141 = LINE ( 'NONE', #11883, #6112 ) ;
#1142 = STYLED_ITEM ( 'NONE', ( #705 ), #10455 ) ;
#1143 = EDGE_CURVE ( 'NONE', #12568, #3674, #6766, .T. ) ;
#1144 = UNCERTAINTY_MEASURE_WITH_UNIT (LENGTH_MEASURE( 1.000000000000000082E-05 ), #189, 'distance_accuracy_value', 'NONE');
#1145 =( NAMED_UNIT ( * ) SI_UNIT ( $, .STERADIAN. ) SOLID_ANGLE_UNIT ( ) );
#1146 = EDGE_CURVE ( 'NONE', #2441, #112, #4156, .T. ) ;
#1147 = DIRECTION ( 'NONE',  ( -0.0000000000000000000, 0.0000000000000000000, 1.000000000000000000 ) ) ;
#1148 = ORIENTED_EDGE ( 'NONE', *, *, #2961, .F. ) ;
#1149 = FILL_AREA_STYLE_COLOUR ( '', #2940 ) ;
#1150 = SURFACE_SIDE_STYLE ('',( #2260 ) ) ;
#1151 = AXIS2_PLACEMENT_3D ( 'NONE', #6005, #49, #6999 ) ;
#1152 = VECTOR ( 'NONE', #8659, 1000.000000000000000 ) ;
#1153 = SURFACE_SIDE_STYLE ('',( #4623 ) ) ;
#1154 = CARTESIAN_POINT ( 'NONE',  ( 0.0000000000000000000, 0.0000000000000000000, -1.277681107331943622 ) ) ;
#1155 = CARTESIAN_POINT ( 'NONE',  ( -1.171933149074797953, 0.1000000000000000056, 0.2369407634194545809 ) ) ;
#1156 = CYLINDRICAL_SURFACE ( 'NONE', #3299, 0.1000000000000000472 ) ;
#1157 = CARTESIAN_POINT ( 'NONE',  ( -0.8149999999999995026, 0.0000000000000000000, 1.375493264616636679 ) ) ;
#1158 = ORIENTED_EDGE ( 'NONE', *, *, #11969, .T. ) ;
#1159 = UNCERTAINTY_MEASURE_WITH_UNIT (LENGTH_MEASURE( 1.000000000000000082E-05 ), #10626, 'distance_accuracy_value', 'NONE');
#1160 = MECHANICAL_DESIGN_GEOMETRIC_PRESENTATION_REPRESENTATION (  '', ( #12682 ), #1846 ) ;
#1161 =( NAMED_UNIT ( * ) PLANE_ANGLE_UNIT ( ) SI_UNIT ( $, .RADIAN. ) );
#1162 = AXIS2_PLACEMENT_3D ( 'NONE', #11064, #7107, #6205 ) ;
#1163 =( NAMED_UNIT ( * ) SI_UNIT ( $, .STERADIAN. ) SOLID_ANGLE_UNIT ( ) );
#1164 = LINE ( 'NONE', #11328, #853 ) ;
#1165 =( NAMED_UNIT ( * ) SI_UNIT ( $, .STERADIAN. ) SOLID_ANGLE_UNIT ( ) );
#1166 = DIRECTION ( 'NONE',  ( 0.0000000000000000000, 1.000000000000000000, -0.0000000000000000000 ) ) ;
#1168 = FILL_AREA_STYLE_COLOUR ( '', #5036 ) ;
#1167 = COLOUR_RGB ( '',0.2509803921568627416, 0.2509803921568627416, 0.2509803921568627416 ) ;
#1169 = ORIENTED_EDGE ( 'NONE', *, *, #4582, .T. ) ;
#1170 = CARTESIAN_POINT ( 'NONE',  ( 1.044003024146626046, 0.0000000000000000000, -0.3087081087201543061 ) ) ;
#1171 = VECTOR ( 'NONE', #6588, 1000.000000000000000 ) ;
#1172 = DIRECTION ( 'NONE',  ( 0.0000000000000000000, 1.000000000000000000, 0.0000000000000000000 ) ) ;
#1173 = ORIENTED_EDGE ( 'NONE', *, *, #2054, .T. ) ;
#1175 = ADVANCED_FACE ( 'NONE', ( #3837 ), #9979, .T. ) ;
#1174 = FILL_AREA_STYLE ('',( #6123 ) ) ;
#1176 = FILL_AREA_STYLE_COLOUR ( '', #6489 ) ;
#1177 = VECTOR ( 'NONE', #1667, 1000.000000000000000 ) ;
#1178 = DIRECTION ( 'NONE',  ( 1.000000000000000000, 0.0000000000000000000, -0.0000000000000000000 ) ) ;
#1179 = ORIENTED_EDGE ( 'NONE', *, *, #11392, .T. ) ;
#1180 = PRESENTATION_STYLE_ASSIGNMENT (( #5725 ) ) ;
#1181 = SURFACE_STYLE_FILL_AREA ( #421 ) ;
#1182 = DIRECTION ( 'NONE',  ( 0.0000000000000000000, 1.000000000000000000, 0.0000000000000000000 ) ) ;
#1183 = ORIENTED_EDGE ( 'NONE', *, *, #8950, .F. ) ;
#1184 = STYLED_ITEM ( 'NONE', ( #3744 ), #6175 ) ;
#1185 = EDGE_CURVE ( 'NONE', #270, #7895, #5546, .T. ) ;
#1186 = ORIENTED_EDGE ( 'NONE', *, *, #1276, .F. ) ;
#1187 = PRESENTATION_STYLE_ASSIGNMENT (( #6473 ) ) ;
#1188 = VERTEX_POINT ( 'NONE', #5581 ) ;
#1189 = ORIENTED_EDGE ( 'NONE', *, *, #8501, .F. ) ;
#1190 = EDGE_CURVE ( 'NONE', #1188, #6683, #7859, .T. ) ;
#1191 = ORIENTED_EDGE ( 'NONE', *, *, #3819, .F. ) ;
#1192 = VERTEX_POINT ( 'NONE', #12803 ) ;
#1193 = MECHANICAL_DESIGN_GEOMETRIC_PRESENTATION_REPRESENTATION (  '', ( #12701 ), #1867 ) ;
#1194 = CARTESIAN_POINT ( 'NONE',  ( -0.8189977282522473701, -0.05000000000000000278, -1.199999999999999289 ) ) ;
#1196 = EDGE_CURVE ( 'NONE', #9219, #2141, #2892, .T. ) ;
#1195 = DIRECTION ( 'NONE',  ( 0.0000000000000000000, 1.000000000000000000, 0.0000000000000000000 ) ) ;
#1197 = VECTOR ( 'NONE', #11044, 1000.000000000000000 ) ;
#1198 = LINE ( 'NONE', #2025, #715 ) ;
#1199 = VECTOR ( 'NONE', #10547, 1000.000000000000000 ) ;
#1200 = PLANE ( 'NONE',  #1465 ) ;
#1201 = FILL_AREA_STYLE ('',( #12056 ) ) ;
#1202 = VERTEX_POINT ( 'NONE', #4821 ) ;
#1203 = ORIENTED_EDGE ( 'NONE', *, *, #5611, .F. ) ;
#1204 = ORIENTED_EDGE ( 'NONE', *, *, #1870, .F. ) ;
#1205 = VECTOR ( 'NONE', #12409, 1000.000000000000000 ) ;
#1206 = ORIENTED_EDGE ( 'NONE', *, *, #8924, .F. ) ;
#1207 = CARTESIAN_POINT ( 'NONE',  ( -0.7912377610681550211, -0.05000000000000000278, -1.416874574924349872 ) ) ;
#1208 = DIRECTION ( 'NONE',  ( 0.0000000000000000000, 0.0000000000000000000, -1.000000000000000000 ) ) ;
#1209 = CARTESIAN_POINT ( 'NONE',  ( 1.291219160478732420, 0.6999999999999998446, 1.191219160478732997 ) ) ;
#1210 = STYLED_ITEM ( 'NONE', ( #5878 ), #831 ) ;
#1211 = MECHANICAL_DESIGN_GEOMETRIC_PRESENTATION_REPRESENTATION (  '', ( #12719 ), #1885 ) ;
#1212 = DIRECTION ( 'NONE',  ( 1.000000000000000000, 0.0000000000000000000, 0.0000000000000000000 ) ) ;
#1213 = EDGE_CURVE ( 'NONE', #10387, #1007, #10484, .T. ) ;
#1214 = DIRECTION ( 'NONE',  ( 0.0000000000000000000, 1.000000000000000000, -0.0000000000000000000 ) ) ;
#1215 = EDGE_LOOP ( 'NONE', ( #6943, #321, #10037, #9583 ) ) ;
#1216 = LINE ( 'NONE', #8184, #11435 ) ;
#1217 = CIRCLE ( 'NONE', #1396, 0.1441859702731563275 ) ;
#1218 = STYLED_ITEM ( 'NONE', ( #3381 ), #7802 ) ;
#1219 = VECTOR ( 'NONE', #4283, 1000.000000000000000 ) ;
#1220 =( NAMED_UNIT ( * ) PLANE_ANGLE_UNIT ( ) SI_UNIT ( $, .RADIAN. ) );
#1221 = VERTEX_POINT ( 'NONE', #823 ) ;
#1222 = VERTEX_POINT ( 'NONE', #8247 ) ;
#1223 = EDGE_CURVE ( 'NONE', #4506, #8729, #2281, .T. ) ;
#1224 = SURFACE_STYLE_USAGE ( .BOTH. , #2968 ) ;
#1225 = LINE ( 'NONE', #9963, #8509 ) ;
#1226 = FILL_AREA_STYLE_COLOUR ( '', #8095 ) ;
#1227 = CARTESIAN_POINT ( 'NONE',  ( -1.257124604555293734, -0.05000000000000000278, -0.1623686072350682963 ) ) ;
#1228 = CARTESIAN_POINT ( 'NONE',  ( 0.0000000000000000000, 0.0000000000000000000, 0.0000000000000000000 ) ) ;
#1229 = VECTOR ( 'NONE', #5015, 1000.000000000000000 ) ;
#1230 = DIRECTION ( 'NONE',  ( 0.0000000000000000000, 1.000000000000000000, -0.0000000000000000000 ) ) ;
#1231 = CARTESIAN_POINT ( 'NONE',  ( -0.7406944999838511734, 0.1000000000000000056, 1.249999999999999112 ) ) ;
#1232 = CARTESIAN_POINT ( 'NONE',  ( -0.1412377610681545548, -0.05000000000000000278, -0.0000000000000000000 ) ) ;
#1233 = MECHANICAL_DESIGN_GEOMETRIC_PRESENTATION_REPRESENTATION (  '', ( #12082 ), #1904 ) ;
#1235 = ORIENTED_EDGE ( 'NONE', *, *, #1946, .T. ) ;
#1234 = CARTESIAN_POINT ( 'NONE',  ( 1.291219160478732420, 0.7190808995376545276, -1.289381878823499639 ) ) ;
#1236 = UNCERTAINTY_MEASURE_WITH_UNIT (LENGTH_MEASURE( 1.000000000000000082E-05 ), #7293, 'distance_accuracy_value', 'NONE');
#1237 = DIRECTION ( 'NONE',  ( -0.0000000000000000000, -0.0000000000000000000, 1.000000000000000000 ) ) ;
#1238 = ADVANCED_FACE ( 'NONE', ( #2591 ), #8927, .T. ) ;
#1239 = SPHERICAL_SURFACE ( 'NONE', #10902, 0.1000000000000000056 ) ;
#1240 = ORIENTED_EDGE ( 'NONE', *, *, #12836, .F. ) ;
#1241 = ORIENTED_EDGE ( 'NONE', *, *, #513, .F. ) ;
#1242 = VERTEX_POINT ( 'NONE', #11615 ) ;
#1243 = EDGE_CURVE ( 'NONE', #7715, #5013, #1342, .T. ) ;
#1244 =( NAMED_UNIT ( * ) PLANE_ANGLE_UNIT ( ) SI_UNIT ( $, .RADIAN. ) );
#1245 = MECHANICAL_DESIGN_GEOMETRIC_PRESENTATION_REPRESENTATION (  '', ( #12746 ), #1913 ) ;
#1246 = COLOUR_RGB ( '',0.2509803921568627416, 0.2509803921568627416, 0.2509803921568627416 ) ;
#1247 = SURFACE_STYLE_USAGE ( .BOTH. , #7178 ) ;
#1248 = PRESENTATION_STYLE_ASSIGNMENT (( #8717 ) ) ;
#1249 = ORIENTED_EDGE ( 'NONE', *, *, #8084, .T. ) ;
#1250 = UNCERTAINTY_MEASURE_WITH_UNIT (LENGTH_MEASURE( 1.000000000000000082E-05 ), #4067, 'distance_accuracy_value', 'NONE');
#1251 = CARTESIAN_POINT ( 'NONE',  ( -0.08069449998385103129, 0.1000000000000000056, 1.249999999999999112 ) ) ;
#1252 =( GEOMETRIC_REPRESENTATION_CONTEXT ( 3 ) GLOBAL_UNCERTAINTY_ASSIGNED_CONTEXT ( ( #11770 ) ) GLOBAL_UNIT_ASSIGNED_CONTEXT ( ( #7323, #1410, #8320 ) ) REPRESENTATION_CONTEXT ( 'NONE', 'WORKASPACE' ) );
#1253 = EDGE_CURVE ( 'NONE', #5541, #6184, #6604, .T. ) ;
#1254 = AXIS2_PLACEMENT_3D ( 'NONE', #11026, #5140, #12015 ) ;
#1255 = FILL_AREA_STYLE_COLOUR ( '', #224 ) ;
#1256 = LINE ( 'NONE', #7747, #11470 ) ;
#1257 = DIRECTION ( 'NONE',  ( 0.0000000000000000000, -1.000000000000000000, 0.0000000000000000000 ) ) ;
#1258 = EDGE_LOOP ( 'NONE', ( #6510, #6812, #7574, #7899 ) ) ;
#1259 = DIRECTION ( 'NONE',  ( -0.0000000000000000000, 0.0000000000000000000, -1.000000000000000000 ) ) ;
#1260 = VECTOR ( 'NONE', #5303, 1000.000000000000000 ) ;
#1261 = FILL_AREA_STYLE_COLOUR ( '', #719 ) ;
#1262 =( LENGTH_UNIT ( ) NAMED_UNIT ( * ) SI_UNIT ( .MILLI., .METRE. ) );
#1263 =( LENGTH_UNIT ( ) NAMED_UNIT ( * ) SI_UNIT ( .MILLI., .METRE. ) );
#1264 = CARTESIAN_POINT ( 'NONE',  ( 1.291219160478732420, 0.7999999999999999334, -1.191219160478732997 ) ) ;
#1265 = FACE_OUTER_BOUND ( 'NONE', #11483, .T. ) ;
#1266 = ORIENTED_EDGE ( 'NONE', *, *, #43, .T. ) ;
#1267 = ORIENTED_EDGE ( 'NONE', *, *, #5167, .F. ) ;
#1268 = CARTESIAN_POINT ( 'NONE',  ( 1.134999999999999787, 0.0000000000000000000, -1.416874574924349872 ) ) ;
#1269 = FILL_AREA_STYLE ('',( #4236 ) ) ;
#1270 = ORIENTED_EDGE ( 'NONE', *, *, #9227, .T. ) ;
#1271 = FILL_AREA_STYLE ('',( #5147 ) ) ;
#1272 = MECHANICAL_DESIGN_GEOMETRIC_PRESENTATION_REPRESENTATION (  '', ( #12120 ), #1943 ) ;
#1273 = FILL_AREA_STYLE_COLOUR ( '', #10428 ) ;
#1275 = EDGE_CURVE ( 'NONE', #971, #154, #11546, .T. ) ;
#1274 =( NAMED_UNIT ( * ) PLANE_ANGLE_UNIT ( ) SI_UNIT ( $, .RADIAN. ) );
#1276 = EDGE_CURVE ( 'NONE', #6648, #153, #3663, .T. ) ;
#1277 =( NAMED_UNIT ( * ) SI_UNIT ( $, .STERADIAN. ) SOLID_ANGLE_UNIT ( ) );
#1278 = CIRCLE ( 'NONE', #12200, 0.09130182425276713032 ) ;
#1279 = CARTESIAN_POINT ( 'NONE',  ( 0.0000000000000000000, 0.1000000000000000056, -1.277681107331943622 ) ) ;
#1280 = VERTEX_POINT ( 'NONE', #6145 ) ;
#1281 =( NAMED_UNIT ( * ) PLANE_ANGLE_UNIT ( ) SI_UNIT ( $, .RADIAN. ) );
#1282 = ORIENTED_EDGE ( 'NONE', *, *, #786, .T. ) ;
#1283 = VERTEX_POINT ( 'NONE', #7148 ) ;
#1284 = FACE_OUTER_BOUND ( 'NONE', #4949, .T. ) ;
#1285 = CARTESIAN_POINT ( 'NONE',  ( 0.7406944999838511734, 0.1000000000000000056, 1.249999999999999112 ) ) ;
#1286 = AXIS2_PLACEMENT_3D ( 'NONE', #9943, #9210, #9128 ) ;
#1287 = EDGE_LOOP ( 'NONE', ( #1013, #8783, #9857, #1340 ) ) ;
#1288 = VERTEX_POINT ( 'NONE', #7961 ) ;
#1289 = MECHANICAL_DESIGN_GEOMETRIC_PRESENTATION_REPRESENTATION (  '', ( #12143 ), #1966 ) ;
#1290 =( NAMED_UNIT ( * ) SI_UNIT ( $, .STERADIAN. ) SOLID_ANGLE_UNIT ( ) );
#1291 = DIRECTION ( 'NONE',  ( 0.0000000000000000000, 0.0000000000000000000, 1.000000000000000000 ) ) ;
#1292 = CARTESIAN_POINT ( 'NONE',  ( 1.299898377913065506, 0.6744301966303767326, -1.298061096257832725 ) ) ;
#1293 = ORIENTED_EDGE ( 'NONE', *, *, #1886, .F. ) ;
#1294 = PRESENTATION_STYLE_ASSIGNMENT (( #28 ) ) ;
#1295 = FILL_AREA_STYLE_COLOUR ( '', #2725 ) ;
#1296 = PLANE ( 'NONE',  #9514 ) ;
#1297 = CARTESIAN_POINT ( 'NONE',  ( 1.291219160478732642, 0.6999999999999998446, 1.191219160478732997 ) ) ;
#1298 =( GEOMETRIC_REPRESENTATION_CONTEXT ( 3 ) GLOBAL_UNCERTAINTY_ASSIGNED_CONTEXT ( ( #8856 ) ) GLOBAL_UNIT_ASSIGNED_CONTEXT ( ( #11110, #2257, #283 ) ) REPRESENTATION_CONTEXT ( 'NONE', 'WORKASPACE' ) );
#1299 = AXIS2_PLACEMENT_3D ( 'NONE', #4454, #11332, #5437 ) ;
#1300 = MECHANICAL_DESIGN_GEOMETRIC_PRESENTATION_REPRESENTATION (  '', ( #12152 ), #1984 ) ;
#1301 = CARTESIAN_POINT ( 'NONE',  ( -1.291219160478732864, 0.7999999999999999334, 0.0000000000000000000 ) ) ;
#1302 = COLOUR_RGB ( '',1.000000000000000000, 1.000000000000000000, 1.000000000000000000 ) ;
#1303 = ORIENTED_EDGE ( 'NONE', *, *, #5927, .F. ) ;
#1304 = LINE ( 'NONE', #6626, #6266 ) ;
#1305 = ADVANCED_FACE ( 'NONE', ( #8625 ), #3158, .T. ) ;
#1306 = FILL_AREA_STYLE_COLOUR ( '', #11971 ) ;
#1307 = SURFACE_SIDE_STYLE ('',( #11868 ) ) ;
#1309 = ADVANCED_FACE ( 'NONE', ( #72 ), #1504, .T. ) ;
#1308 =( NAMED_UNIT ( * ) SI_UNIT ( $, .STERADIAN. ) SOLID_ANGLE_UNIT ( ) );
#1310 = CARTESIAN_POINT ( 'NONE',  ( 0.0000000000000000000, 0.1000000000000000056, 0.07500000000000017764 ) ) ;
#1311 = SURFACE_STYLE_FILL_AREA ( #1201 ) ;
#1312 = MANIFOLD_SOLID_BREP ( 'Boss-Extrude3[5]', #195 ) ;
#1313 =( NAMED_UNIT ( * ) PLANE_ANGLE_UNIT ( ) SI_UNIT ( $, .RADIAN. ) );
#1314 =( LENGTH_UNIT ( ) NAMED_UNIT ( * ) SI_UNIT ( .MILLI., .METRE. ) );
#1315 = ORIENTED_EDGE ( 'NONE', *, *, #3885, .T. ) ;
#1316 = SURFACE_STYLE_USAGE ( .BOTH. , #5913 ) ;
#1317 = FACE_OUTER_BOUND ( 'NONE', #4863, .T. ) ;
#1318 = PRESENTATION_LAYER_ASSIGNMENT (  '', '', ( #12177 ) ) ;
#1319 = EDGE_CURVE ( 'NONE', #10740, #5518, #6753, .T. ) ;
#1320 = PLANE ( 'NONE',  #10391 ) ;
#1321 = EDGE_CURVE ( 'NONE', #8100, #2522, #12009, .T. ) ;
#1322 = DIRECTION ( 'NONE',  ( 0.0000000000000000000, -1.000000000000000000, 0.0000000000000000000 ) ) ;
#1323 = SURFACE_SIDE_STYLE ('',( #507 ) ) ;
#1324 =( LENGTH_UNIT ( ) NAMED_UNIT ( * ) SI_UNIT ( .MILLI., .METRE. ) );
#1325 = CARTESIAN_POINT ( 'NONE',  ( -0.4849999999999994316, 0.1000000000000000056, -1.500000000000000000 ) ) ;
#1326 = DIRECTION ( 'NONE',  ( 0.0000000000000000000, -1.000000000000000000, 0.0000000000000000000 ) ) ;
#1327 = SURFACE_STYLE_FILL_AREA ( #10255 ) ;
#1328 =( GEOMETRIC_REPRESENTATION_CONTEXT ( 3 ) GLOBAL_UNCERTAINTY_ASSIGNED_CONTEXT ( ( #11619 ) ) GLOBAL_UNIT_ASSIGNED_CONTEXT ( ( #4465, #11345, #5447 ) ) REPRESENTATION_CONTEXT ( 'NONE', 'WORKASPACE' ) );
#1329 = VERTEX_POINT ( 'NONE', #1989 ) ;
#1330 = UNCERTAINTY_MEASURE_WITH_UNIT (LENGTH_MEASURE( 1.000000000000000082E-05 ), #4225, 'distance_accuracy_value', 'NONE');
#1331 = SURFACE_STYLE_FILL_AREA ( #11650 ) ;
#1332 = PRESENTATION_STYLE_ASSIGNMENT (( #4839 ) ) ;
#1333 =( NAMED_UNIT ( * ) PLANE_ANGLE_UNIT ( ) SI_UNIT ( $, .RADIAN. ) );
#1334 = FILL_AREA_STYLE_COLOUR ( '', #10422 ) ;
#1335 = CARTESIAN_POINT ( 'NONE',  ( 0.0000000000000000000, 0.0000000000000000000, -1.199999999999999289 ) ) ;
#1336 = PRESENTATION_STYLE_ASSIGNMENT (( #4637 ) ) ;
#1337 = CARTESIAN_POINT ( 'NONE',  ( -0.08069449998385103129, -0.05000000000000000278, 1.249999999999999112 ) ) ;
#1338 = ORIENTED_EDGE ( 'NONE', *, *, #4294, .F. ) ;
#1339 = SURFACE_SIDE_STYLE ('',( #10614 ) ) ;
#1340 = ORIENTED_EDGE ( 'NONE', *, *, #5217, .F. ) ;
#1341 = ORIENTED_EDGE ( 'NONE', *, *, #7464, .T. ) ;
#1342 = CIRCLE ( 'NONE', #2474, 0.05593526370766899181 ) ;
#1344 = EDGE_LOOP ( 'NONE', ( #12779, #10159, #3669, #9705 ) ) ;
#1343 = PRESENTATION_LAYER_ASSIGNMENT (  '', '', ( #670 ) ) ;
#1345 = LINE ( 'NONE', #10638, #11550 ) ;
#1346 = DIRECTION ( 'NONE',  ( -1.000000000000000000, 0.0000000000000000000, -0.0000000000000000000 ) ) ;
#1347 = CARTESIAN_POINT ( 'NONE',  ( -0.8189977282522473701, 0.1000000000000000056, -1.277681107331943622 ) ) ;
#1348 =( GEOMETRIC_REPRESENTATION_CONTEXT ( 3 ) GLOBAL_UNCERTAINTY_ASSIGNED_CONTEXT ( ( #5402 ) ) GLOBAL_UNIT_ASSIGNED_CONTEXT ( ( #796, #7742, #1805 ) ) REPRESENTATION_CONTEXT ( 'NONE', 'WORKASPACE' ) );
#1349 = PLANE ( 'NONE',  #1729 ) ;
#1350 = FACE_OUTER_BOUND ( 'NONE', #6041, .T. ) ;
#1351 = VECTOR ( 'NONE', #5902, 1000.000000000000000 ) ;
#1352 = VECTOR ( 'NONE', #8842, 1000.000000000000000 ) ;
#1353 =( NAMED_UNIT ( * ) PLANE_ANGLE_UNIT ( ) SI_UNIT ( $, .RADIAN. ) );
#1354 = ORIENTED_EDGE ( 'NONE', *, *, #10009, .F. ) ;
#1355 = CARTESIAN_POINT ( 'NONE',  ( 0.0000000000000000000, -0.05000000000000000278, -1.416874574924349872 ) ) ;
#1356 = VERTEX_POINT ( 'NONE', #10315 ) ;
#1358 =( LENGTH_UNIT ( ) NAMED_UNIT ( * ) SI_UNIT ( .MILLI., .METRE. ) );
#1357 = FACE_OUTER_BOUND ( 'NONE', #1287, .T. ) ;
#1359 = CARTESIAN_POINT ( 'NONE',  ( 0.0000000000000000000, 0.0000000000000000000, -1.416874574924349872 ) ) ;
#1360 = EDGE_LOOP ( 'NONE', ( #462, #1606, #4088, #5846 ) ) ;
#1361 = CARTESIAN_POINT ( 'NONE',  ( -1.257124604555293734, -0.05000000000000000278, -0.1623686072350682963 ) ) ;
#1362 =( LENGTH_UNIT ( ) NAMED_UNIT ( * ) SI_UNIT ( .MILLI., .METRE. ) );
#1363 = PRESENTATION_LAYER_ASSIGNMENT (  '', '', ( #17 ) ) ;
#1364 = VERTEX_POINT ( 'NONE', #5432 ) ;
#1365 = PRESENTATION_STYLE_ASSIGNMENT (( #9141 ) ) ;
#1366 = CARTESIAN_POINT ( 'NONE',  ( 0.7660883464570584778, 0.1000000000000000056, -0.0000000000000000000 ) ) ;
#1367 = CARTESIAN_POINT ( 'NONE',  ( 0.4810022717477533405, -0.05000000000000000278, -1.649999999999998579 ) ) ;
#1368 = EDGE_CURVE ( 'NONE', #1899, #4625, #2874, .T. ) ;
#1369 = ADVANCED_FACE ( 'NONE', ( #536 ), #9533, .F. ) ;
#1370 = EDGE_CURVE ( 'NONE', #6683, #6782, #7223, .T. ) ;
#1371 = COLOUR_RGB ( '',1.000000000000000000, 1.000000000000000000, 1.000000000000000000 ) ;
#1372 = ORIENTED_EDGE ( 'NONE', *, *, #1645, .T. ) ;
#1373 = ORIENTED_EDGE ( 'NONE', *, *, #2498, .T. ) ;
#1374 = LINE ( 'NONE', #10507, #1048 ) ;
#1375 = ORIENTED_EDGE ( 'NONE', *, *, #8709, .F. ) ;
#1376 =( GEOMETRIC_REPRESENTATION_CONTEXT ( 3 ) GLOBAL_UNCERTAINTY_ASSIGNED_CONTEXT ( ( #5631 ) ) GLOBAL_UNIT_ASSIGNED_CONTEXT ( ( #7996, #2078, #8976 ) ) REPRESENTATION_CONTEXT ( 'NONE', 'WORKASPACE' ) );
#1377 = PLANE ( 'NONE',  #1530 ) ;
#1378 = SURFACE_SIDE_STYLE ('',( #2754 ) ) ;
#1379 = VECTOR ( 'NONE', #6230, 1000.000000000000000 ) ;
#1380 = DIRECTION ( 'NONE',  ( 0.0000000000000000000, 0.0000000000000000000, 1.000000000000000000 ) ) ;
#1381 = PLANE ( 'NONE',  #8363 ) ;
#1382 =( LENGTH_UNIT ( ) NAMED_UNIT ( * ) SI_UNIT ( .MILLI., .METRE. ) );
#1383 = ORIENTED_EDGE ( 'NONE', *, *, #6062, .T. ) ;
#1384 = LINE ( 'NONE', #4178, #6339 ) ;
#1385 = ADVANCED_FACE ( 'NONE', ( #6913 ), #11149, .T. ) ;
#1386 = ORIENTED_EDGE ( 'NONE', *, *, #8905, .T. ) ;
#1387 = SURFACE_STYLE_USAGE ( .BOTH. , #5384 ) ;
#1388 = PRESENTATION_STYLE_ASSIGNMENT (( #9014 ) ) ;
#1389 = CARTESIAN_POINT ( 'NONE',  ( -1.134999999999999787, 0.0000000000000000000, 0.0000000000000000000 ) ) ;
#1390 = PLANE ( 'NONE',  #6322 ) ;
#1391 = ORIENTED_EDGE ( 'NONE', *, *, #11575, .F. ) ;
#1392 = CYLINDRICAL_SURFACE ( 'NONE', #7266, 0.03338112451568554795 ) ;
#1394 = ORIENTED_EDGE ( 'NONE', *, *, #4885, .T. ) ;
#1393 = CARTESIAN_POINT ( 'NONE',  ( -1.389381878823499283, 0.7190808995376544166, 1.191219160478732997 ) ) ;
#1395 = MECHANICAL_DESIGN_GEOMETRIC_PRESENTATION_REPRESENTATION (  '', ( #12242 ), #2066 ) ;
#1396 = AXIS2_PLACEMENT_3D ( 'NONE', #782, #7721, #1785 ) ;
#1397 = AXIS2_PLACEMENT_3D ( 'NONE', #9269, #9135, #8969 ) ;
#1398 = CARTESIAN_POINT ( 'NONE',  ( 0.4810022717477533405, 0.1000000000000000056, -1.500000000000000000 ) ) ;
#1399 = EDGE_CURVE ( 'NONE', #2325, #613, #8610, .T. ) ;
#1400 = FACE_OUTER_BOUND ( 'NONE', #11001, .T. ) ;
#1401 =( NAMED_UNIT ( * ) PLANE_ANGLE_UNIT ( ) SI_UNIT ( $, .RADIAN. ) );
#1402 = DIRECTION ( 'NONE',  ( 0.0000000000000000000, 0.0000000000000000000, 1.000000000000000000 ) ) ;
#1403 = LINE ( 'NONE', #5310, #6655 ) ;
#1404 = MECHANICAL_DESIGN_GEOMETRIC_PRESENTATION_REPRESENTATION (  '', ( #48 ), #2075 ) ;
#1405 =( GEOMETRIC_REPRESENTATION_CONTEXT ( 3 ) GLOBAL_UNCERTAINTY_ASSIGNED_CONTEXT ( ( #2274 ) ) GLOBAL_UNIT_ASSIGNED_CONTEXT ( ( #6908, #967, #7911 ) ) REPRESENTATION_CONTEXT ( 'NONE', 'WORKASPACE' ) );
#1406 = ORIENTED_EDGE ( 'NONE', *, *, #5453, .T. ) ;
#1407 = UNCERTAINTY_MEASURE_WITH_UNIT (LENGTH_MEASURE( 1.000000000000000082E-05 ), #10999, 'distance_accuracy_value', 'NONE');
#1408 = FACE_OUTER_BOUND ( 'NONE', #4112, .T. ) ;
#1409 = CARTESIAN_POINT ( 'NONE',  ( -1.599999999999999645, 0.1000000000000000056, -0.07500000000000017764 ) ) ;
#1410 =( NAMED_UNIT ( * ) PLANE_ANGLE_UNIT ( ) SI_UNIT ( $, .RADIAN. ) );
#1411 =( NAMED_UNIT ( * ) PLANE_ANGLE_UNIT ( ) SI_UNIT ( $, .RADIAN. ) );
#1412 = SURFACE_STYLE_FILL_AREA ( #6263 ) ;
#1413 =( LENGTH_UNIT ( ) NAMED_UNIT ( * ) SI_UNIT ( .MILLI., .METRE. ) );
#1414 = CARTESIAN_POINT ( 'NONE',  ( -1.291219160478732864, 0.6999999999999998446, 1.191219160478732997 ) ) ;
#1415 = CARTESIAN_POINT ( 'NONE',  ( 1.599999999999999645, 0.1000000000000000056, -0.07500000000000017764 ) ) ;
#1416 = CARTESIAN_POINT ( 'NONE',  ( 1.455814029726843373, 0.1499999999999999944, -1.500000000000000000 ) ) ;
#1417 = VECTOR ( 'NONE', #2050, 1000.000000000000000 ) ;
#1418 = ORIENTED_EDGE ( 'NONE', *, *, #11176, .T. ) ;
#1419 = CARTESIAN_POINT ( 'NONE',  ( -0.1412377610681545548, 0.1000000000000000056, 0.0000000000000000000 ) ) ;
#1420 = FACE_OUTER_BOUND ( 'NONE', #4954, .T. ) ;
#1421 = EDGE_CURVE ( 'NONE', #3826, #4625, #3346, .T. ) ;
#1422 = DIRECTION ( 'NONE',  ( -0.0000000000000000000, -1.000000000000000000, -0.0000000000000000000 ) ) ;
#1423 = UNCERTAINTY_MEASURE_WITH_UNIT (LENGTH_MEASURE( 1.000000000000000082E-05 ), #10759, 'distance_accuracy_value', 'NONE');
#1424 = DIRECTION ( 'NONE',  ( 0.0000000000000000000, 0.0000000000000000000, -1.000000000000000000 ) ) ;
#1425 = PRESENTATION_LAYER_ASSIGNMENT (  '', '', ( #2090 ) ) ;
#1426 = VECTOR ( 'NONE', #11486, 1000.000000000000000 ) ;
#1427 = CARTESIAN_POINT ( 'NONE',  ( 1.599999999999999645, 0.0000000000000000000, 1.355814029726843728 ) ) ;
#1428 = SURFACE_STYLE_USAGE ( .BOTH. , #7338 ) ;
#1429 = VECTOR ( 'NONE', #678, 1000.000000000000000 ) ;
#1430 = SURFACE_STYLE_USAGE ( .BOTH. , #1323 ) ;
#1431 = DIRECTION ( 'NONE',  ( -1.000000000000000000, 0.0000000000000000000, -0.0000000000000000000 ) ) ;
#1432 =( LENGTH_UNIT ( ) NAMED_UNIT ( * ) SI_UNIT ( .MILLI., .METRE. ) );
#1433 = PRESENTATION_STYLE_ASSIGNMENT (( #7806 ) ) ;
#1434 = ORIENTED_EDGE ( 'NONE', *, *, #790, .T. ) ;
#1435 =( GEOMETRIC_REPRESENTATION_CONTEXT ( 3 ) GLOBAL_UNCERTAINTY_ASSIGNED_CONTEXT ( ( #10835 ) ) GLOBAL_UNIT_ASSIGNED_CONTEXT ( ( #951, #7892, #1958 ) ) REPRESENTATION_CONTEXT ( 'NONE', 'WORKASPACE' ) );
#1436 = LINE ( 'NONE', #5076, #9004 ) ;
#1437 = DIRECTION ( 'NONE',  ( -2.189696164768673130E-14, 0.0000000000000000000, -1.000000000000000000 ) ) ;
#1438 = ADVANCED_FACE ( 'NONE', ( #695 ), #10106, .T. ) ;
#1439 = AXIS2_PLACEMENT_3D ( 'NONE', #10827, #4922, #11806 ) ;
#1440 = CARTESIAN_POINT ( 'NONE',  ( 0.0000000000000000000, 0.1000000000000000056, -1.416874574924349872 ) ) ;
#1441 = CARTESIAN_POINT ( 'NONE',  ( 0.4949999999999992184, 0.1000000000000000056, 0.0000000000000000000 ) ) ;
#1442 = ORIENTED_EDGE ( 'NONE', *, *, #11383, .F. ) ;
#1443 =( LENGTH_UNIT ( ) NAMED_UNIT ( * ) SI_UNIT ( .MILLI., .METRE. ) );
#1444 = SURFACE_STYLE_USAGE ( .BOTH. , #7354 ) ;
#1445 = VERTEX_POINT ( 'NONE', #7344 ) ;
#1446 =( NAMED_UNIT ( * ) PLANE_ANGLE_UNIT ( ) SI_UNIT ( $, .RADIAN. ) );
#1447 = VECTOR ( 'NONE', #2553, 1000.000000000000000 ) ;
#1448 = CARTESIAN_POINT ( 'NONE',  ( 1.134999999999999787, -0.05000000000000000278, -0.2369407634194544698 ) ) ;
#1449 = VECTOR ( 'NONE', #12155, 1000.000000000000000 ) ;
#1450 = ADVANCED_FACE ( 'NONE', ( #9974 ), #1156, .T. ) ;
#1451 =( NAMED_UNIT ( * ) PLANE_ANGLE_UNIT ( ) SI_UNIT ( $, .RADIAN. ) );
#1452 = CARTESIAN_POINT ( 'NONE',  ( 1.134999999999999787, 0.1000000000000000056, -1.500000000000000000 ) ) ;
#1453 = VERTEX_POINT ( 'NONE', #2469 ) ;
#1454 =( GEOMETRIC_REPRESENTATION_CONTEXT ( 3 ) GLOBAL_UNCERTAINTY_ASSIGNED_CONTEXT ( ( #8379 ) ) GLOBAL_UNIT_ASSIGNED_CONTEXT ( ( #9179, #3264, #10179 ) ) REPRESENTATION_CONTEXT ( 'NONE', 'WORKASPACE' ) );
#1455 = FILL_AREA_STYLE_COLOUR ( '', #3078 ) ;
#1456 = MECHANICAL_DESIGN_GEOMETRIC_PRESENTATION_REPRESENTATION (  '', ( #12297 ), #2117 ) ;
#1457 =( NAMED_UNIT ( * ) SI_UNIT ( $, .STERADIAN. ) SOLID_ANGLE_UNIT ( ) );
#1459 = EDGE_CURVE ( 'NONE', #10647, #3160, #3810, .T. ) ;
#1458 = DIRECTION ( 'NONE',  ( 1.000000000000000000, -0.0000000000000000000, 0.0000000000000000000 ) ) ;
#1461 = ADVANCED_FACE ( 'NONE', ( #6437 ), #5218, .T. ) ;
#1460 = DIRECTION ( 'NONE',  ( -0.0000000000000000000, -0.0000000000000000000, 1.000000000000000000 ) ) ;
#1462 = EDGE_CURVE ( 'NONE', #844, #10521, #7823, .T. ) ;
#1463 = DIRECTION ( 'NONE',  ( 0.0000000000000000000, 1.000000000000000000, -0.0000000000000000000 ) ) ;
#1464 = ORIENTED_EDGE ( 'NONE', *, *, #10444, .F. ) ;
#1465 = AXIS2_PLACEMENT_3D ( 'NONE', #12095, #6188, #222 ) ;
#1466 = CIRCLE ( 'NONE', #11364, 0.09130182425276713032 ) ;
#1467 = DIRECTION ( 'NONE',  ( 0.0000000000000000000, 0.0000000000000000000, -1.000000000000000000 ) ) ;
#1468 = COLOUR_RGB ( '',1.000000000000000000, 1.000000000000000000, 1.000000000000000000 ) ;
#1469 =( NAMED_UNIT ( * ) SI_UNIT ( $, .STERADIAN. ) SOLID_ANGLE_UNIT ( ) );
#1470 = CARTESIAN_POINT ( 'NONE',  ( 1.134999999999999787, 0.1000000000000000056, -0.2369407634194544698 ) ) ;
#1471 = DIRECTION ( 'NONE',  ( 0.0000000000000000000, 1.000000000000000000, -0.0000000000000000000 ) ) ;
#1472 = ORIENTED_EDGE ( 'NONE', *, *, #7010, .F. ) ;
#1473 = DIRECTION ( 'NONE',  ( -0.0000000000000000000, -1.000000000000000000, -0.0000000000000000000 ) ) ;
#1474 = AXIS2_PLACEMENT_3D ( 'NONE', #4926, #11810, #5908 ) ;
#1475 = AXIS2_PLACEMENT_3D ( 'NONE', #7599, #11610, #5828 ) ;
#1476 = EDGE_CURVE ( 'NONE', #12580, #2290, #212, .T. ) ;
#1477 = MECHANICAL_DESIGN_GEOMETRIC_PRESENTATION_REPRESENTATION (  '', ( #12321 ), #2142 ) ;
#1478 = CARTESIAN_POINT ( 'NONE',  ( -0.09906473629233038258, 0.1000000000000000056, 1.375493264616636457 ) ) ;
#1479 = SURFACE_STYLE_USAGE ( .BOTH. , #7401 ) ;
#1480 = DIRECTION ( 'NONE',  ( 0.0000000000000000000, 0.0000000000000000000, 1.000000000000000000 ) ) ;
#1481 = EDGE_CURVE ( 'NONE', #1007, #4326, #4277, .T. ) ;
#1482 = LINE ( 'NONE', #8474, #8125 ) ;
#1483 = DIRECTION ( 'NONE',  ( 0.0000000000000000000, 0.0000000000000000000, 1.000000000000000000 ) ) ;
#1484 = VERTEX_POINT ( 'NONE', #2860 ) ;
#1485 = VECTOR ( 'NONE', #11338, 1000.000000000000000 ) ;
#1486 = FILL_AREA_STYLE ('',( #11331 ) ) ;
#1487 = SURFACE_SIDE_STYLE ('',( #6454 ) ) ;
#1488 = MECHANICAL_DESIGN_GEOMETRIC_PRESENTATION_REPRESENTATION (  '', ( #12335 ), #2159 ) ;
#1489 = STYLED_ITEM ( 'NONE', ( #5417 ), #4064 ) ;
#1490 = CARTESIAN_POINT ( 'NONE',  ( 0.5439116535429402433, -0.05000000000000000278, 0.0000000000000000000 ) ) ;
#1491 = UNCERTAINTY_MEASURE_WITH_UNIT (LENGTH_MEASURE( 1.000000000000000082E-05 ), #7679, 'distance_accuracy_value', 'NONE');
#1492 = DIRECTION ( 'NONE',  ( 0.0000000000000000000, 0.0000000000000000000, 1.000000000000000000 ) ) ;
#1493 = EDGE_CURVE ( 'NONE', #3681, #6897, #76, .T. ) ;
#1494 =( NAMED_UNIT ( * ) PLANE_ANGLE_UNIT ( ) SI_UNIT ( $, .RADIAN. ) );
#1495 = ORIENTED_EDGE ( 'NONE', *, *, #6527, .T. ) ;
#1496 = CARTESIAN_POINT ( 'NONE',  ( -1.044003024146626046, 0.0000000000000000000, -0.3087081087201543061 ) ) ;
#1497 =( NAMED_UNIT ( * ) SI_UNIT ( $, .STERADIAN. ) SOLID_ANGLE_UNIT ( ) );
#1498 = FILL_AREA_STYLE_COLOUR ( '', #11867 ) ;
#1499 = STYLED_ITEM ( 'NONE', ( #1576 ), #8579 ) ;
#1500 = DIRECTION ( 'NONE',  ( 0.0000000000000000000, -1.000000000000000000, 0.0000000000000000000 ) ) ;
#1501 = VECTOR ( 'NONE', #11847, 1000.000000000000000 ) ;
#1502 = VECTOR ( 'NONE', #3385, 1000.000000000000000 ) ;
#1503 = DIRECTION ( 'NONE',  ( 0.0000000000000000000, 0.0000000000000000000, 1.000000000000000000 ) ) ;
#1504 = CYLINDRICAL_SURFACE ( 'NONE', #11740, 0.1000000000000000472 ) ;
#1505 = ORIENTED_EDGE ( 'NONE', *, *, #10807, .T. ) ;
#1506 = ORIENTED_EDGE ( 'NONE', *, *, #11969, .F. ) ;
#1507 =( GEOMETRIC_REPRESENTATION_CONTEXT ( 3 ) GLOBAL_UNCERTAINTY_ASSIGNED_CONTEXT ( ( #5835 ) ) GLOBAL_UNIT_ASSIGNED_CONTEXT ( ( #1084, #8032, #2106 ) ) REPRESENTATION_CONTEXT ( 'NONE', 'WORKASPACE' ) );
#1508 = EDGE_CURVE ( 'NONE', #4152, #25, #10322, .T. ) ;
#1509 = AXIS2_PLACEMENT_3D ( 'NONE', #3821, #6750, #10726 ) ;
#1510 = DIRECTION ( 'NONE',  ( 0.0000000000000000000, 0.0000000000000000000, -1.000000000000000000 ) ) ;
#1511 = PRESENTATION_STYLE_ASSIGNMENT (( #6420 ) ) ;
#1512 = FACE_OUTER_BOUND ( 'NONE', #2612, .T. ) ;
#1513 = CARTESIAN_POINT ( 'NONE',  ( 1.134999999999999787, 0.1000000000000000056, -1.199999999999999289 ) ) ;
#1514 = ORIENTED_EDGE ( 'NONE', *, *, #3606, .T. ) ;
#1515 = FACE_OUTER_BOUND ( 'NONE', #5710, .T. ) ;
#1516 = EDGE_LOOP ( 'NONE', ( #8591, #7767, #1303, #10027 ) ) ;
#1517 = VECTOR ( 'NONE', #855, 1000.000000000000000 ) ;
#1518 = VECTOR ( 'NONE', #5246, 1000.000000000000000 ) ;
#1519 = ORIENTED_EDGE ( 'NONE', *, *, #11189, .T. ) ;
#1520 = ORIENTED_EDGE ( 'NONE', *, *, #8735, .F. ) ;
#1521 = DIRECTION ( 'NONE',  ( 0.0000000000000000000, 0.0000000000000000000, -1.000000000000000000 ) ) ;
#1522 = LINE ( 'NONE', #6597, #9086 ) ;
#1523 = VECTOR ( 'NONE', #344, 1000.000000000000000 ) ;
#1524 = CARTESIAN_POINT ( 'NONE',  ( 0.0000000000000000000, 0.1000000000000000056, 1.249999999999999112 ) ) ;
#1525 = LINE ( 'NONE', #8076, #8790 ) ;
#1526 = VECTOR ( 'NONE', #12488, 1000.000000000000000 ) ;
#1527 = ORIENTED_EDGE ( 'NONE', *, *, #6115, .T. ) ;
#1528 = EDGE_LOOP ( 'NONE', ( #5893, #5704, #5419, #4982 ) ) ;
#1529 = VECTOR ( 'NONE', #11979, 1000.000000000000000 ) ;
#1530 = AXIS2_PLACEMENT_3D ( 'NONE', #12273, #6356, #400 ) ;
#1531 = CARTESIAN_POINT ( 'NONE',  ( 0.5693055000161476586, -0.05000000000000000278, 1.249999999999999112 ) ) ;
#1532 = DIRECTION ( 'NONE',  ( 0.0000000000000000000, 1.000000000000000000, 0.0000000000000000000 ) ) ;
#1533 = SURFACE_STYLE_FILL_AREA ( #8451 ) ;
#1534 = MECHANICAL_DESIGN_GEOMETRIC_PRESENTATION_REPRESENTATION (  '', ( #160 ), #2199 ) ;
#1535 = EDGE_CURVE ( 'NONE', #5174, #378, #2434, .T. ) ;
#1536 = CIRCLE ( 'NONE', #2953, 0.03693314907479822162 ) ;
#1537 = EDGE_LOOP ( 'NONE', ( #4634, #9233, #6300, #4948 ) ) ;
#1538 = EDGE_CURVE ( 'NONE', #706, #8859, #2862, .T. ) ;
#1539 = FILL_AREA_STYLE ('',( #8410 ) ) ;
#1540 = SURFACE_SIDE_STYLE ('',( #5712 ) ) ;
#1541 = ORIENTED_EDGE ( 'NONE', *, *, #9188, .T. ) ;
#1542 = LINE ( 'NONE', #9206, #6484 ) ;
#1543 = CARTESIAN_POINT ( 'NONE',  ( 0.0000000000000000000, 0.1000000000000000056, -1.277681107331943622 ) ) ;
#1544 = FILL_AREA_STYLE_COLOUR ( '', #3043 ) ;
#1545 = EDGE_LOOP ( 'NONE', ( #4391, #4811, #5570, #6057 ) ) ;
#1546 =( NAMED_UNIT ( * ) SI_UNIT ( $, .STERADIAN. ) SOLID_ANGLE_UNIT ( ) );
#1547 =( GEOMETRIC_REPRESENTATION_CONTEXT ( 3 ) GLOBAL_UNCERTAINTY_ASSIGNED_CONTEXT ( ( #12281 ) ) GLOBAL_UNIT_ASSIGNED_CONTEXT ( ( #125, #257, #432 ) ) REPRESENTATION_CONTEXT ( 'NONE', 'WORKASPACE' ) );
#1548 = CYLINDRICAL_SURFACE ( 'NONE', #11311, 0.02617424799283601944 ) ;
#1549 = PRESENTATION_STYLE_ASSIGNMENT (( #709 ) ) ;
#1550 = ORIENTED_EDGE ( 'NONE', *, *, #790, .F. ) ;
#1551 =( GEOMETRIC_REPRESENTATION_CONTEXT ( 3 ) GLOBAL_UNCERTAINTY_ASSIGNED_CONTEXT ( ( #10586 ) ) GLOBAL_UNIT_ASSIGNED_CONTEXT ( ( #4533, #4481, #3618 ) ) REPRESENTATION_CONTEXT ( 'NONE', 'WORKASPACE' ) );
#1552 = EDGE_CURVE ( 'NONE', #8059, #7279, #12628, .T. ) ;
#1553 = LINE ( 'NONE', #3952, #9430 ) ;
#1554 = STYLED_ITEM ( 'NONE', ( #11724 ), #7282 ) ;
#1555 = COLOUR_RGB ( '',1.000000000000000000, 1.000000000000000000, 1.000000000000000000 ) ;
#1556 = CARTESIAN_POINT ( 'NONE',  ( -0.8149999999999995026, 0.1000000000000000056, -0.0000000000000000000 ) ) ;
#1557 = ORIENTED_EDGE ( 'NONE', *, *, #5514, .T. ) ;
#1558 = ORIENTED_EDGE ( 'NONE', *, *, #1592, .T. ) ;
#1559 = SURFACE_STYLE_USAGE ( .BOTH. , #7481 ) ;
#1560 = SURFACE_SIDE_STYLE ('',( #5756 ) ) ;
#1561 = VECTOR ( 'NONE', #6359, 1000.000000000000000 ) ;
#1562 = CARTESIAN_POINT ( 'NONE',  ( -0.5439116535429402433, 0.0000000000000000000, 1.276162611327208651 ) ) ;
#1563 = DIRECTION ( 'NONE',  ( 0.0000000000000000000, 1.000000000000000000, 0.0000000000000000000 ) ) ;
#1564 = ADVANCED_FACE ( 'NONE', ( #9695 ), #10297, .F. ) ;
#1565 = LINE ( 'NONE', #5132, #6824 ) ;
#1566 =( GEOMETRIC_REPRESENTATION_CONTEXT ( 3 ) GLOBAL_UNCERTAINTY_ASSIGNED_CONTEXT ( ( #5226 ) ) GLOBAL_UNIT_ASSIGNED_CONTEXT ( ( #2343, #10052, #12308 ) ) REPRESENTATION_CONTEXT ( 'NONE', 'WORKASPACE' ) );
#1567 = ORIENTED_EDGE ( 'NONE', *, *, #8436, .T. ) ;
#1568 = UNCERTAINTY_MEASURE_WITH_UNIT (LENGTH_MEASURE( 1.000000000000000082E-05 ), #2329, 'distance_accuracy_value', 'NONE');
#1569 = VECTOR ( 'NONE', #9008, 1000.000000000000000 ) ;
#1570 = AXIS2_PLACEMENT_3D ( 'NONE', #5277, #12148, #6244 ) ;
#1571 = MECHANICAL_DESIGN_GEOMETRIC_PRESENTATION_REPRESENTATION (  '', ( #12415 ), #2234 ) ;
#1572 = SURFACE_STYLE_FILL_AREA ( #627 ) ;
#1573 = DIRECTION ( 'NONE',  ( 1.000000000000000000, -0.0000000000000000000, 0.0000000000000000000 ) ) ;
#1574 = EDGE_CURVE ( 'NONE', #11667, #3100, #8770, .T. ) ;
#1575 =( LENGTH_UNIT ( ) NAMED_UNIT ( * ) SI_UNIT ( .MILLI., .METRE. ) );
#1576 = PRESENTATION_STYLE_ASSIGNMENT (( #11881 ) ) ;
#1577 = VECTOR ( 'NONE', #5750, 999.9999999999998863 ) ;
#1578 = FILL_AREA_STYLE ('',( #7538 ) ) ;
#1579 =( GEOMETRIC_REPRESENTATION_CONTEXT ( 3 ) GLOBAL_UNCERTAINTY_ASSIGNED_CONTEXT ( ( #10522 ) ) GLOBAL_UNIT_ASSIGNED_CONTEXT ( ( #4422, #11295, #5405 ) ) REPRESENTATION_CONTEXT ( 'NONE', 'WORKASPACE' ) );
#1580 = CARTESIAN_POINT ( 'NONE',  ( -1.134999999999999787, 0.1000000000000000056, 0.2369407634194544698 ) ) ;
#1581 = CIRCLE ( 'NONE', #1949, 0.03693314907479822162 ) ;
#1582 = DIRECTION ( 'NONE',  ( 0.0000000000000000000, 0.0000000000000000000, -1.000000000000000000 ) ) ;
#1583 = UNCERTAINTY_MEASURE_WITH_UNIT (LENGTH_MEASURE( 1.000000000000000082E-05 ), #60, 'distance_accuracy_value', 'NONE');
#1584 = DIRECTION ( 'NONE',  ( 0.0000000000000000000, 0.0000000000000000000, 1.000000000000000000 ) ) ;
#1585 =( NAMED_UNIT ( * ) SI_UNIT ( $, .STERADIAN. ) SOLID_ANGLE_UNIT ( ) );
#1586 = SURFACE_SIDE_STYLE ('',( #1533 ) ) ;
#1587 = LINE ( 'NONE', #4212, #9149 ) ;
#1588 = CARTESIAN_POINT ( 'NONE',  ( 0.7660883464570584778, -0.05000000000000000278, 1.276162611327208651 ) ) ;
#1589 = STYLED_ITEM ( 'NONE', ( #11843 ), #10704 ) ;
#1590 = EDGE_CURVE ( 'NONE', #357, #8925, #11398, .T. ) ;
#1591 = DIRECTION ( 'NONE',  ( -0.0000000000000000000, 0.0000000000000000000, 1.000000000000000000 ) ) ;
#1592 = EDGE_CURVE ( 'NONE', #2397, #9219, #3512, .T. ) ;
#1593 = VECTOR ( 'NONE', #1136, 1000.000000000000000 ) ;
#1594 = ORIENTED_EDGE ( 'NONE', *, *, #2248, .T. ) ;
#1595 = ORIENTED_EDGE ( 'NONE', *, *, #8121, .T. ) ;
#1596 = FILL_AREA_STYLE ('',( #474 ) ) ;
#1597 = MECHANICAL_DESIGN_GEOMETRIC_PRESENTATION_REPRESENTATION (  '', ( #12439 ), #2255 ) ;
#1598 = ORIENTED_EDGE ( 'NONE', *, *, #12722, .F. ) ;
#1599 = ORIENTED_EDGE ( 'NONE', *, *, #4202, .T. ) ;
#1600 = ORIENTED_EDGE ( 'NONE', *, *, #9644, .F. ) ;
#1601 =( NAMED_UNIT ( * ) PLANE_ANGLE_UNIT ( ) SI_UNIT ( $, .RADIAN. ) );
#1602 = SURFACE_STYLE_FILL_AREA ( #3076 ) ;
#1603 = CARTESIAN_POINT ( 'NONE',  ( -0.07991409846422234398, 0.1000000000000000056, 1.276162611327208873 ) ) ;
#1604 = DIRECTION ( 'NONE',  ( 1.000000000000000000, 0.0000000000000000000, 0.0000000000000000000 ) ) ;
#1605 = CARTESIAN_POINT ( 'NONE',  ( 1.197916575926319283, 0.1000000000000000056, 0.0000000000000000000 ) ) ;
#1606 = ORIENTED_EDGE ( 'NONE', *, *, #3359, .F. ) ;
#1607 = DIRECTION ( 'NONE',  ( 0.9816271834476639757, 0.1908089953765452762, 0.0000000000000000000 ) ) ;
#1608 = AXIS2_PLACEMENT_3D ( 'NONE', #10418, #4543, #11415 ) ;
#1609 =( GEOMETRIC_REPRESENTATION_CONTEXT ( 3 ) GLOBAL_UNCERTAINTY_ASSIGNED_CONTEXT ( ( #6534 ) ) GLOBAL_UNIT_ASSIGNED_CONTEXT ( ( #6491, #532, #7490 ) ) REPRESENTATION_CONTEXT ( 'NONE', 'WORKASPACE' ) );
#1610 =( NAMED_UNIT ( * ) SI_UNIT ( $, .STERADIAN. ) SOLID_ANGLE_UNIT ( ) );
#1611 = EDGE_LOOP ( 'NONE', ( #7390, #7231, #3049, #3371 ) ) ;
#1612 =( NAMED_UNIT ( * ) SI_UNIT ( $, .STERADIAN. ) SOLID_ANGLE_UNIT ( ) );
#1613 = VECTOR ( 'NONE', #8559, 1000.000000000000000 ) ;
#1614 = EDGE_LOOP ( 'NONE', ( #12666, #10213, #6498, #5592 ) ) ;
#1615 = CARTESIAN_POINT ( 'NONE',  ( 0.0000000000000000000, 0.0000000000000000000, -1.416874574924349872 ) ) ;
#1616 = CARTESIAN_POINT ( 'NONE',  ( -0.09906473629233038258, -0.05000000000000000278, 1.375493264616636457 ) ) ;
#1617 = FILL_AREA_STYLE_COLOUR ( '', #9772 ) ;
#1618 = ORIENTED_EDGE ( 'NONE', *, *, #964, .T. ) ;
#1619 = SURFACE_STYLE_FILL_AREA ( #10903 ) ;
#1620 = PLANE ( 'NONE',  #4362 ) ;
#1621 = DIRECTION ( 'NONE',  ( 0.0000000000000000000, 0.0000000000000000000, 1.000000000000000000 ) ) ;
#1622 = SURFACE_SIDE_STYLE ('',( #5070 ) ) ;
#1623 = CARTESIAN_POINT ( 'NONE',  ( 0.0000000000000000000, 0.0000000000000000000, -1.199999999999999289 ) ) ;
#1625 = EDGE_CURVE ( 'NONE', #5110, #2221, #6141, .T. ) ;
#1624 = FILL_AREA_STYLE_COLOUR ( '', #3978 ) ;
#1626 =( LENGTH_UNIT ( ) NAMED_UNIT ( * ) SI_UNIT ( .MILLI., .METRE. ) );
#1627 = FACE_OUTER_BOUND ( 'NONE', #813, .T. ) ;
#1628 = EDGE_CURVE ( 'NONE', #7889, #11502, #5832, .T. ) ;
#1629 = VECTOR ( 'NONE', #2997, 1000.000000000000000 ) ;
#1630 =( GEOMETRIC_REPRESENTATION_CONTEXT ( 3 ) GLOBAL_UNCERTAINTY_ASSIGNED_CONTEXT ( ( #10219 ) ) GLOBAL_UNIT_ASSIGNED_CONTEXT ( ( #4771, #11651, #5753 ) ) REPRESENTATION_CONTEXT ( 'NONE', 'WORKASPACE' ) );
#1631 = SURFACE_SIDE_STYLE ('',( #2020 ) ) ;
#1632 = LINE ( 'NONE', #4097, #3949 ) ;
#1633 = ORIENTED_EDGE ( 'NONE', *, *, #8498, .F. ) ;
#1634 = DIRECTION ( 'NONE',  ( -0.0000000000000000000, 0.0000000000000000000, 1.000000000000000000 ) ) ;
#1635 = ORIENTED_EDGE ( 'NONE', *, *, #12050, .F. ) ;
#1636 = DIRECTION ( 'NONE',  ( 0.0000000000000000000, -1.000000000000000000, 0.0000000000000000000 ) ) ;
#1637 = CARTESIAN_POINT ( 'NONE',  ( -0.5509352637076680992, -0.05000000000000000278, 1.375493264616636457 ) ) ;
#1638 = UNCERTAINTY_MEASURE_WITH_UNIT (LENGTH_MEASURE( 1.000000000000000082E-05 ), #10212, 'distance_accuracy_value', 'NONE');
#1639 =( NAMED_UNIT ( * ) PLANE_ANGLE_UNIT ( ) SI_UNIT ( $, .RADIAN. ) );
#1640 = CARTESIAN_POINT ( 'NONE',  ( -1.599999999999999645, 0.0000000000000000000, -1.355814029726843728 ) ) ;
#1641 = PLANE ( 'NONE',  #11595 ) ;
#1642 =( GEOMETRIC_REPRESENTATION_CONTEXT ( 3 ) GLOBAL_UNCERTAINTY_ASSIGNED_CONTEXT ( ( #173 ) ) GLOBAL_UNIT_ASSIGNED_CONTEXT ( ( #9463, #3548, #4738 ) ) REPRESENTATION_CONTEXT ( 'NONE', 'WORKASPACE' ) );
#1643 = SURFACE_STYLE_USAGE ( .BOTH. , #7569 ) ;
#1644 =( GEOMETRIC_REPRESENTATION_CONTEXT ( 3 ) GLOBAL_UNCERTAINTY_ASSIGNED_CONTEXT ( ( #2986 ) ) GLOBAL_UNIT_ASSIGNED_CONTEXT ( ( #11443, #5526, #12432 ) ) REPRESENTATION_CONTEXT ( 'NONE', 'WORKASPACE' ) );
#1645 = EDGE_CURVE ( 'NONE', #8814, #12481, #11086, .T. ) ;
#1646 = ORIENTED_EDGE ( 'NONE', *, *, #10503, .F. ) ;
#1647 = PLANE ( 'NONE',  #8387 ) ;
#1648 = PRESENTATION_LAYER_ASSIGNMENT (  '', '', ( #297 ) ) ;
#1649 = VECTOR ( 'NONE', #5144, 1000.000000000000000 ) ;
#1650 = DIRECTION ( 'NONE',  ( 0.0000000000000000000, 0.0000000000000000000, -1.000000000000000000 ) ) ;
#1651 = EDGE_CURVE ( 'NONE', #5028, #4969, #8150, .T. ) ;
#1652 = DIRECTION ( 'NONE',  ( 0.0000000000000000000, 1.000000000000000000, 0.0000000000000000000 ) ) ;
#1653 = FACE_OUTER_BOUND ( 'NONE', #6176, .T. ) ;
#1654 = UNCERTAINTY_MEASURE_WITH_UNIT (LENGTH_MEASURE( 1.000000000000000082E-05 ), #10731, 'distance_accuracy_value', 'NONE');
#1655 = LINE ( 'NONE', #3291, #9214 ) ;
#1656 = ORIENTED_EDGE ( 'NONE', *, *, #4522, .T. ) ;
#1657 = SURFACE_STYLE_USAGE ( .BOTH. , #7584 ) ;
#1658 = DIRECTION ( 'NONE',  ( 0.0000000000000000000, 1.000000000000000000, 0.0000000000000000000 ) ) ;
#1659 = VECTOR ( 'NONE', #1781, 1000.000000000000000 ) ;
#1660 = FACE_OUTER_BOUND ( 'NONE', #5940, .T. ) ;
#1661 = EDGE_CURVE ( 'NONE', #1851, #10729, #2876, .T. ) ;
#1662 = ORIENTED_EDGE ( 'NONE', *, *, #2856, .T. ) ;
#1663 = VECTOR ( 'NONE', #9431, 1000.000000000000000 ) ;
#1664 = VERTEX_POINT ( 'NONE', #2777 ) ;
#1665 = VERTEX_POINT ( 'NONE', #6391 ) ;
#1666 = DIRECTION ( 'NONE',  ( -0.0000000000000000000, 0.0000000000000000000, -1.000000000000000000 ) ) ;
#1667 = DIRECTION ( 'NONE',  ( -1.000000000000000000, 0.0000000000000000000, 0.0000000000000000000 ) ) ;
#1668 = AXIS2_PLACEMENT_3D ( 'NONE', #10452, #4576, #11456 ) ;
#1669 = ORIENTED_EDGE ( 'NONE', *, *, #8454, .T. ) ;
#1670 = PRESENTATION_STYLE_ASSIGNMENT (( #11666 ) ) ;
#1671 = CIRCLE ( 'NONE', #4324, 0.02617424799283601944 ) ;
#1672 = SURFACE_STYLE_FILL_AREA ( #2445 ) ;
#1673 = PLANE ( 'NONE',  #11567 ) ;
#1674 = LINE ( 'NONE', #11336, #1025 ) ;
#1675 = ORIENTED_EDGE ( 'NONE', *, *, #4387, .F. ) ;
#1676 = FACE_OUTER_BOUND ( 'NONE', #7563, .T. ) ;
#1677 = VERTEX_POINT ( 'NONE', #10652 ) ;
#1678 = ORIENTED_EDGE ( 'NONE', *, *, #6261, .F. ) ;
#1679 = CARTESIAN_POINT ( 'NONE',  ( -0.1689977282522470148, 0.0000000000000000000, -1.500000000000000000 ) ) ;
#1680 = MECHANICAL_DESIGN_GEOMETRIC_PRESENTATION_REPRESENTATION (  '', ( #325 ), #2342 ) ;
#1681 = ORIENTED_EDGE ( 'NONE', *, *, #4034, .F. ) ;
#1682 = EDGE_LOOP ( 'NONE', ( #497, #555, #708, #832, #1021, #1122, #1189, #1315, #1472, #1599, #1633, #1669, #1767, #1929, #1965, #2095, #2246, #2390, #2541, #2579, #2812, #2875, #3016, #3148, #3347, #3473, #3749, #3811, #4082, #4117, #4323, #4452, #4617, #4756, #4940, #5219, #5352, #5381, #5509, #5636, #5692, #5802, #6002, #6117, #5951, #8476, #8164, #7861, #12486, #11548, #6305, #10320, #12329, #9065, #8768, #10927, #9365, #6740, #6693, #11951, #7224, #10776, #10098, #11322, #9792, #5490, #11035, #6562, #12128, #10113 ) ) ;
#1683 = PRESENTATION_LAYER_ASSIGNMENT (  '', '', ( #2344 ) ) ;
#1684 = DIRECTION ( 'NONE',  ( 0.0000000000000000000, 0.0000000000000000000, 1.000000000000000000 ) ) ;
#1685 = CARTESIAN_POINT ( 'NONE',  ( -0.1689977282522470148, 0.1000000000000000056, -1.277681107331943622 ) ) ;
#1686 = DIRECTION ( 'NONE',  ( 0.0000000000000000000, 1.000000000000000000, -0.0000000000000000000 ) ) ;
#1687 = FACE_OUTER_BOUND ( 'NONE', #11914, .T. ) ;
#1688 = CARTESIAN_POINT ( 'NONE',  ( -1.499999999999999778, 0.1499999999999999944, -1.400000000000000133 ) ) ;
#1689 = FILL_AREA_STYLE_COLOUR ( '', #4188 ) ;
#1690 = VECTOR ( 'NONE', #7363, 1000.000000000000000 ) ;
#1691 = ORIENTED_EDGE ( 'NONE', *, *, #10744, .F. ) ;
#1693 = ORIENTED_EDGE ( 'NONE', *, *, #1185, .F. ) ;
#1692 =( LENGTH_UNIT ( ) NAMED_UNIT ( * ) SI_UNIT ( .MILLI., .METRE. ) );
#1694 = SURFACE_SIDE_STYLE ('',( #5667 ) ) ;
#1695 = LINE ( 'NONE', #11101, #11894 ) ;
#1696 =( LENGTH_UNIT ( ) NAMED_UNIT ( * ) SI_UNIT ( .MILLI., .METRE. ) );
#1697 = CARTESIAN_POINT ( 'NONE',  ( 1.134999999999999787, 0.1000000000000000056, -1.277681107331943622 ) ) ;
#1698 = STYLED_ITEM ( 'NONE', ( #2708 ), #5933 ) ;
#1699 = EDGE_CURVE ( 'NONE', #8008, #12350, #540, .T. ) ;
#1700 = EDGE_CURVE ( 'NONE', #6302, #8485, #228, .T. ) ;
#1701 = CLOSED_SHELL ( 'NONE', ( #435, #2545, #8443, #7802, #1814, #7342, #2052, #12282, #383, #3829, #165, #10754, #825, #11789 ) ) ;
#1702 = VECTOR ( 'NONE', #5067, 1000.000000000000000 ) ;
#1703 = ORIENTED_EDGE ( 'NONE', *, *, #9342, .T. ) ;
#1704 = FILL_AREA_STYLE_COLOUR ( '', #1991 ) ;
#1705 = SURFACE_STYLE_FILL_AREA ( #9503 ) ;
#1706 = CARTESIAN_POINT ( 'NONE',  ( -0.5693055000161476586, -0.05000000000000000278, 1.249999999999999112 ) ) ;
#1707 =( NAMED_UNIT ( * ) PLANE_ANGLE_UNIT ( ) SI_UNIT ( $, .RADIAN. ) );
#1708 = DIRECTION ( 'NONE',  ( 1.000000000000000000, 0.0000000000000000000, 0.0000000000000000000 ) ) ;
#1709 = LINE ( 'NONE', #8218, #4035 ) ;
#1710 = CARTESIAN_POINT ( 'NONE',  ( 0.5439116535429402433, 0.1000000000000000056, 0.0000000000000000000 ) ) ;
#1711 = PRESENTATION_STYLE_ASSIGNMENT (( #5621 ) ) ;
#1712 = VECTOR ( 'NONE', #6686, 1000.000000000000000 ) ;
#1713 = SURFACE_SIDE_STYLE ('',( #3677 ) ) ;
#1714 = AXIS2_PLACEMENT_3D ( 'NONE', #266, #11418, #8828 ) ;
#1715 = CARTESIAN_POINT ( 'NONE',  ( 0.4810022717477533405, 0.1000000000000000056, -1.277681107331943622 ) ) ;
#1716 = CARTESIAN_POINT ( 'NONE',  ( -1.507075080061872185, 0.1000000000000000056, 0.1031605786060936225 ) ) ;
#1717 = MECHANICAL_DESIGN_GEOMETRIC_PRESENTATION_REPRESENTATION (  '', ( #363 ), #2386 ) ;
#1718 = DIRECTION ( 'NONE',  ( -1.000000000000000000, 0.0000000000000000000, -0.0000000000000000000 ) ) ;
#1719 = DIRECTION ( 'NONE',  ( 0.0000000000000000000, -1.000000000000000000, 0.0000000000000000000 ) ) ;
#1721 = ORIENTED_EDGE ( 'NONE', *, *, #12246, .T. ) ;
#1720 =( NAMED_UNIT ( * ) PLANE_ANGLE_UNIT ( ) SI_UNIT ( $, .RADIAN. ) );
#1722 = UNCERTAINTY_MEASURE_WITH_UNIT (LENGTH_MEASURE( 1.000000000000000082E-05 ), #8680, 'distance_accuracy_value', 'NONE');
#1723 = VECTOR ( 'NONE', #454, 1000.000000000000000 ) ;
#1724 = CIRCLE ( 'NONE', #2197, 0.05593526370766899181 ) ;
#1725 = FILL_AREA_STYLE ('',( #1689 ) ) ;
#1726 = DIRECTION ( 'NONE',  ( -0.0000000000000000000, -1.000000000000000000, -0.0000000000000000000 ) ) ;
#1727 = LINE ( 'NONE', #9526, #2055 ) ;
#1728 =( GEOMETRIC_REPRESENTATION_CONTEXT ( 3 ) GLOBAL_UNCERTAINTY_ASSIGNED_CONTEXT ( ( #12490 ) ) GLOBAL_UNIT_ASSIGNED_CONTEXT ( ( #2034, #2867, #12406 ) ) REPRESENTATION_CONTEXT ( 'NONE', 'WORKASPACE' ) );
#1729 = AXIS2_PLACEMENT_3D ( 'NONE', #621, #564, #521 ) ;
#1730 = SURFACE_STYLE_FILL_AREA ( #10694 ) ;
#1731 = FILL_AREA_STYLE_COLOUR ( '', #9672 ) ;
#1732 = VERTEX_POINT ( 'NONE', #6264 ) ;
#1733 = FILL_AREA_STYLE ('',( #11580 ) ) ;
#1734 = FILL_AREA_STYLE ('',( #720 ) ) ;
#1735 = UNCERTAINTY_MEASURE_WITH_UNIT (LENGTH_MEASURE( 1.000000000000000082E-05 ), #6670, 'distance_accuracy_value', 'NONE');
#1736 = CARTESIAN_POINT ( 'NONE',  ( 0.0000000000000000000, -0.05000000000000000278, 0.1031605786060936225 ) ) ;
#1738 = ORIENTED_EDGE ( 'NONE', *, *, #9115, .T. ) ;
#1737 = PRESENTATION_LAYER_ASSIGNMENT (  '', '', ( #384 ) ) ;
#1739 = DIRECTION ( 'NONE',  ( 0.0000000000000000000, -1.000000000000000000, 0.0000000000000000000 ) ) ;
#1740 = DIRECTION ( 'NONE',  ( 1.000000000000000000, 0.0000000000000000000, -0.0000000000000000000 ) ) ;
#1741 = ORIENTED_EDGE ( 'NONE', *, *, #6772, .F. ) ;
#1742 = CARTESIAN_POINT ( 'NONE',  ( 1.291219160478732642, 0.7190808995376544166, 1.289381878823499417 ) ) ;
#1743 = DIRECTION ( 'NONE',  ( 1.000000000000000000, -0.0000000000000000000, 0.0000000000000000000 ) ) ;
#1744 = FILL_AREA_STYLE_COLOUR ( '', #7843 ) ;
#1745 = ORIENTED_EDGE ( 'NONE', *, *, #1926, .T. ) ;
#1746 =( GEOMETRIC_REPRESENTATION_CONTEXT ( 3 ) GLOBAL_UNCERTAINTY_ASSIGNED_CONTEXT ( ( #2205 ) ) GLOBAL_UNIT_ASSIGNED_CONTEXT ( ( #11460, #5547, #12446 ) ) REPRESENTATION_CONTEXT ( 'NONE', 'WORKASPACE' ) );
#1747 = EDGE_CURVE ( 'NONE', #12189, #1788, #7842, .T. ) ;
#1748 = LINE ( 'NONE', #12410, #11638 ) ;
#1749 =( NAMED_UNIT ( * ) PLANE_ANGLE_UNIT ( ) SI_UNIT ( $, .RADIAN. ) );
#1750 = STYLED_ITEM ( 'NONE', ( #4337 ), #4153 ) ;
#1751 = ORIENTED_EDGE ( 'NONE', *, *, #5200, .T. ) ;
#1752 = CARTESIAN_POINT ( 'NONE',  ( -0.5127599671840918916, 0.0000000000000000000, 0.0000000000000000000 ) ) ;
#1753 = EDGE_LOOP ( 'NONE', ( #2291, #11857, #2278, #11558 ) ) ;
#1754 = AXIS2_PLACEMENT_3D ( 'NONE', #10603, #4718, #11594 ) ;
#1755 = DIRECTION ( 'NONE',  ( 0.0000000000000000000, 0.0000000000000000000, -1.000000000000000000 ) ) ;
#1756 = FILL_AREA_STYLE_COLOUR ( '', #12784 ) ;
#1757 =( NAMED_UNIT ( * ) PLANE_ANGLE_UNIT ( ) SI_UNIT ( $, .RADIAN. ) );
#1758 = VERTEX_POINT ( 'NONE', #4201 ) ;
#1759 = LINE ( 'NONE', #9970, #4428 ) ;
#1760 = SURFACE_SIDE_STYLE ('',( #7003 ) ) ;
#1761 = VECTOR ( 'NONE', #9180, 1000.000000000000000 ) ;
#1762 = ADVANCED_FACE ( 'NONE', ( #4929 ), #9277, .T. ) ;
#1763 = STYLED_ITEM ( 'NONE', ( #12699 ), #12396 ) ;
#1764 = DIRECTION ( 'NONE',  ( 0.0000000000000000000, 1.000000000000000000, -0.0000000000000000000 ) ) ;
#1765 = VECTOR ( 'NONE', #10228, 1000.000000000000000 ) ;
#1766 = CARTESIAN_POINT ( 'NONE',  ( 1.507075080061872185, -0.05000000000000000278, 0.1031605786060936225 ) ) ;
#1767 = ORIENTED_EDGE ( 'NONE', *, *, #7760, .F. ) ;
#1768 = VECTOR ( 'NONE', #7753, 1000.000000000000000 ) ;
#1769 = CARTESIAN_POINT ( 'NONE',  ( 1.540045451220497963, 0.1000000000000000056, 0.1083811245156857256 ) ) ;
#1770 = FILL_AREA_STYLE ('',( #12541 ) ) ;
#1771 = CARTESIAN_POINT ( 'NONE',  ( 0.0000000000000000000, 0.1000000000000000056, 1.249999999999999112 ) ) ;
#1772 = CARTESIAN_POINT ( 'NONE',  ( 0.0000000000000000000, 0.0000000000000000000, 0.1031605786060936225 ) ) ;
#1773 = MECHANICAL_DESIGN_GEOMETRIC_PRESENTATION_REPRESENTATION (  '', ( #12614 ), #2449 ) ;
#1774 = VECTOR ( 'NONE', #6267, 1000.000000000000000 ) ;
#1775 = CARTESIAN_POINT ( 'NONE',  ( 0.4810022717477533405, -0.05000000000000000278, -1.649999999999998579 ) ) ;
#1776 =( LENGTH_UNIT ( ) NAMED_UNIT ( * ) SI_UNIT ( .MILLI., .METRE. ) );
#1777 = DIRECTION ( 'NONE',  ( 0.0000000000000000000, 1.000000000000000000, 0.0000000000000000000 ) ) ;
#1778 = VERTEX_POINT ( 'NONE', #5424 ) ;
#1779 = LINE ( 'NONE', #2489, #1485 ) ;
#1780 = AXIS2_PLACEMENT_3D ( 'NONE', #1496, #777, #509 ) ;
#1781 = DIRECTION ( 'NONE',  ( 0.0000000000000000000, 0.0000000000000000000, 1.000000000000000000 ) ) ;
#1782 = EDGE_CURVE ( 'NONE', #3858, #11165, #6593, .T. ) ;
#1783 = AXIS2_PLACEMENT_3D ( 'NONE', #2273, #9183, #3274 ) ;
#1784 = UNCERTAINTY_MEASURE_WITH_UNIT (LENGTH_MEASURE( 1.000000000000000082E-05 ), #6758, 'distance_accuracy_value', 'NONE');
#1785 = DIRECTION ( 'NONE',  ( 0.0000000000000000000, 0.0000000000000000000, 1.000000000000000000 ) ) ;
#1786 =( NAMED_UNIT ( * ) SI_UNIT ( $, .STERADIAN. ) SOLID_ANGLE_UNIT ( ) );
#1787 = LINE ( 'NONE', #6669, #4325 ) ;
#1788 = VERTEX_POINT ( 'NONE', #11828 ) ;
#1789 = LINE ( 'NONE', #7913, #7066 ) ;
#1790 = LINE ( 'NONE', #8882, #11999 ) ;
#1791 = CARTESIAN_POINT ( 'NONE',  ( -0.4849999999999994316, -0.05000000000000000278, -1.416874574924349872 ) ) ;
#1792 = DIRECTION ( 'NONE',  ( 0.0000000000000000000, 0.0000000000000000000, 1.000000000000000000 ) ) ;
#1793 = VECTOR ( 'NONE', #7350, 1000.000000000000000 ) ;
#1794 = AXIS2_PLACEMENT_3D ( 'NONE', #11278, #10336, #8092 ) ;
#1795 = SURFACE_SIDE_STYLE ('',( #9620 ) ) ;
#1796 = AXIS2_PLACEMENT_3D ( 'NONE', #12846, #6946, #991 ) ;
#1797 =( GEOMETRIC_REPRESENTATION_CONTEXT ( 3 ) GLOBAL_UNCERTAINTY_ASSIGNED_CONTEXT ( ( #11374 ) ) GLOBAL_UNIT_ASSIGNED_CONTEXT ( ( #11262, #11242, #11164 ) ) REPRESENTATION_CONTEXT ( 'NONE', 'WORKASPACE' ) );
#1798 = EDGE_CURVE ( 'NONE', #5518, #3465, #11534, .T. ) ;
#1799 =( NAMED_UNIT ( * ) PLANE_ANGLE_UNIT ( ) SI_UNIT ( $, .RADIAN. ) );
#1800 = COLOUR_RGB ( '',1.000000000000000000, 1.000000000000000000, 1.000000000000000000 ) ;
#1801 = UNCERTAINTY_MEASURE_WITH_UNIT (LENGTH_MEASURE( 1.000000000000000082E-05 ), #9777, 'distance_accuracy_value', 'NONE');
#1802 = ORIENTED_EDGE ( 'NONE', *, *, #7827, .F. ) ;
#1803 = FILL_AREA_STYLE_COLOUR ( '', #11265 ) ;
#1804 = ORIENTED_EDGE ( 'NONE', *, *, #10150, .T. ) ;
#1805 =( NAMED_UNIT ( * ) SI_UNIT ( $, .STERADIAN. ) SOLID_ANGLE_UNIT ( ) );
#1806 = PRESENTATION_STYLE_ASSIGNMENT (( #12809 ) ) ;
#1807 = STYLED_ITEM ( 'NONE', ( #4944 ), #8117 ) ;
#1808 = DIRECTION ( 'NONE',  ( -1.000000000000000000, 0.0000000000000000000, 0.0000000000000000000 ) ) ;
#1809 =( LENGTH_UNIT ( ) NAMED_UNIT ( * ) SI_UNIT ( .MILLI., .METRE. ) );
#1810 = CIRCLE ( 'NONE', #2878, 0.05920802862897456276 ) ;
#1811 = EDGE_LOOP ( 'NONE', ( #395, #9903, #3457, #11587 ) ) ;
#1812 = DIRECTION ( 'NONE',  ( -1.000000000000000000, 0.0000000000000000000, 0.0000000000000000000 ) ) ;
#1813 = VECTOR ( 'NONE', #6080, 1000.000000000000000 ) ;
#1814 = ADVANCED_FACE ( 'NONE', ( #10151 ), #1381, .T. ) ;
#1815 = CARTESIAN_POINT ( 'NONE',  ( 0.0000000000000000000, 0.1000000000000000056, -1.277681107331943622 ) ) ;
#1816 = ORIENTED_EDGE ( 'NONE', *, *, #6298, .F. ) ;
#1817 = ORIENTED_EDGE ( 'NONE', *, *, #11139, .F. ) ;
#1818 = EDGE_LOOP ( 'NONE', ( #4321, #10161, #9548, #1341 ) ) ;
#1819 = PRODUCT_DEFINITION_SHAPE ( 'NONE', 'NONE',  #4108 ) ;
#1820 =( NAMED_UNIT ( * ) SI_UNIT ( $, .STERADIAN. ) SOLID_ANGLE_UNIT ( ) );
#1821 = VERTEX_POINT ( 'NONE', #10308 ) ;
#1822 = AXIS2_PLACEMENT_3D ( 'NONE', #12454, #6536, #597 ) ;
#1823 = VECTOR ( 'NONE', #9182, 1000.000000000000000 ) ;
#1824 = EDGE_CURVE ( 'NONE', #7674, #2821, #10610, .T. ) ;
#1825 = ADVANCED_FACE ( 'NONE', ( #5382 ), #10414, .T. ) ;
#1826 = EDGE_CURVE ( 'NONE', #3854, #7888, #1789, .T. ) ;
#1827 =( LENGTH_UNIT ( ) NAMED_UNIT ( * ) SI_UNIT ( .MILLI., .METRE. ) );
#1828 = DIRECTION ( 'NONE',  ( -1.000000000000000000, 0.0000000000000000000, -0.0000000000000000000 ) ) ;
#1829 = DIRECTION ( 'NONE',  ( 1.000000000000000000, 0.0000000000000000000, 0.0000000000000000000 ) ) ;
#1830 = ORIENTED_EDGE ( 'NONE', *, *, #6109, .F. ) ;
#1831 = PRESENTATION_STYLE_ASSIGNMENT (( #151 ) ) ;
#1833 = ADVANCED_FACE ( 'NONE', ( #9682 ), #5822, .T. ) ;
#1832 = DIRECTION ( 'NONE',  ( 0.0000000000000000000, 0.0000000000000000000, 1.000000000000000000 ) ) ;
#1834 = PRESENTATION_LAYER_ASSIGNMENT (  '', '', ( #486 ) ) ;
#1835 = FACE_OUTER_BOUND ( 'NONE', #2548, .T. ) ;
#1836 = VECTOR ( 'NONE', #10439, 1000.000000000000000 ) ;
#1837 = VERTEX_POINT ( 'NONE', #7000 ) ;
#1838 = CARTESIAN_POINT ( 'NONE',  ( 0.08991409846422389329, 0.1000000000000000056, 1.276162611327208873 ) ) ;
#1839 = COLOUR_RGB ( '',1.000000000000000000, 1.000000000000000000, 1.000000000000000000 ) ;
#1840 = SURFACE_STYLE_FILL_AREA ( #2033 ) ;
#1841 = ORIENTED_EDGE ( 'NONE', *, *, #11800, .T. ) ;
#1842 = DIRECTION ( 'NONE',  ( 0.0000000000000000000, 0.0000000000000000000, 1.000000000000000000 ) ) ;
#1843 = ORIENTED_EDGE ( 'NONE', *, *, #4034, .T. ) ;
#1844 = LINE ( 'NONE', #8223, #9420 ) ;
#1845 = PLANE ( 'NONE',  #6576 ) ;
#1846 =( GEOMETRIC_REPRESENTATION_CONTEXT ( 3 ) GLOBAL_UNCERTAINTY_ASSIGNED_CONTEXT ( ( #3938 ) ) GLOBAL_UNIT_ASSIGNED_CONTEXT ( ( #6200, #231, #7186 ) ) REPRESENTATION_CONTEXT ( 'NONE', 'WORKASPACE' ) );
#1847 = MECHANICAL_DESIGN_GEOMETRIC_PRESENTATION_REPRESENTATION (  '', ( #495 ), #2509 ) ;
#1848 =( NAMED_UNIT ( * ) PLANE_ANGLE_UNIT ( ) SI_UNIT ( $, .RADIAN. ) );
#1849 = ORIENTED_EDGE ( 'NONE', *, *, #2835, .F. ) ;
#1850 = LINE ( 'NONE', #915, #6803 ) ;
#1851 = VERTEX_POINT ( 'NONE', #7083 ) ;
#1852 =( LENGTH_UNIT ( ) NAMED_UNIT ( * ) SI_UNIT ( .MILLI., .METRE. ) );
#1853 = VECTOR ( 'NONE', #9851, 1000.000000000000000 ) ;
#1854 = CARTESIAN_POINT ( 'NONE',  ( 0.0000000000000000000, 0.1000000000000000056, -1.277681107331943622 ) ) ;
#1855 = CARTESIAN_POINT ( 'NONE',  ( -1.134999999999999787, 0.0000000000000000000, -1.277681107331943622 ) ) ;
#1856 = VECTOR ( 'NONE', #4474, 1000.000000000000000 ) ;
#1857 = COLOUR_RGB ( '',1.000000000000000000, 1.000000000000000000, 1.000000000000000000 ) ;
#1858 = ORIENTED_EDGE ( 'NONE', *, *, #10200, .F. ) ;
#1859 =( LENGTH_UNIT ( ) NAMED_UNIT ( * ) SI_UNIT ( .MILLI., .METRE. ) );
#1860 = FILL_AREA_STYLE_COLOUR ( '', #2327 ) ;
#1861 = PRESENTATION_STYLE_ASSIGNMENT (( #11318 ) ) ;
#1862 = PLANE ( 'NONE',  #2247 ) ;
#1863 = AXIS2_PLACEMENT_3D ( 'NONE', #9609, #3672, #10592 ) ;
#1864 = EDGE_CURVE ( 'NONE', #4797, #10006, #11070, .T. ) ;
#1865 =( LENGTH_UNIT ( ) NAMED_UNIT ( * ) SI_UNIT ( .MILLI., .METRE. ) );
#1866 = EDGE_CURVE ( 'NONE', #2905, #871, #8448, .T. ) ;
#1867 =( GEOMETRIC_REPRESENTATION_CONTEXT ( 3 ) GLOBAL_UNCERTAINTY_ASSIGNED_CONTEXT ( ( #4293 ) ) GLOBAL_UNIT_ASSIGNED_CONTEXT ( ( #2544, #9460, #3541 ) ) REPRESENTATION_CONTEXT ( 'NONE', 'WORKASPACE' ) );
#1868 = LINE ( 'NONE', #7522, #4547 ) ;
#1869 = ORIENTED_EDGE ( 'NONE', *, *, #10897, .T. ) ;
#1870 = EDGE_CURVE ( 'NONE', #9524, #1732, #847, .T. ) ;
#1871 = FILL_AREA_STYLE ('',( #10687 ) ) ;
#1872 = CARTESIAN_POINT ( 'NONE',  ( 0.0000000000000000000, -0.05000000000000000278, 0.07500000000000017764 ) ) ;
#1873 = CARTESIAN_POINT ( 'NONE',  ( 0.5439116535429402433, -0.05000000000000000278, 0.0000000000000000000 ) ) ;
#1874 =( LENGTH_UNIT ( ) NAMED_UNIT ( * ) SI_UNIT ( .MILLI., .METRE. ) );
#1875 = DIRECTION ( 'NONE',  ( 1.000000000000000000, 0.0000000000000000000, -0.0000000000000000000 ) ) ;
#1876 = VECTOR ( 'NONE', #11833, 1000.000000000000000 ) ;
#1877 = LINE ( 'NONE', #1416, #5458 ) ;
#1878 = VERTEX_POINT ( 'NONE', #6403 ) ;
#1879 = DIRECTION ( 'NONE',  ( 0.0000000000000000000, 1.000000000000000000, 0.0000000000000000000 ) ) ;
#1880 = AXIS2_PLACEMENT_3D ( 'NONE', #4696, #10584, #3665 ) ;
#1881 = VERTEX_POINT ( 'NONE', #6294 ) ;
#1882 = FILL_AREA_STYLE_COLOUR ( '', #9082 ) ;
#1883 = UNCERTAINTY_MEASURE_WITH_UNIT (LENGTH_MEASURE( 1.000000000000000082E-05 ), #552, 'distance_accuracy_value', 'NONE');
#1884 = STYLED_ITEM ( 'NONE', ( #8362 ), #9740 ) ;
#1885 =( GEOMETRIC_REPRESENTATION_CONTEXT ( 3 ) GLOBAL_UNCERTAINTY_ASSIGNED_CONTEXT ( ( #6396 ) ) GLOBAL_UNIT_ASSIGNED_CONTEXT ( ( #3928, #8816, #1546 ) ) REPRESENTATION_CONTEXT ( 'NONE', 'WORKASPACE' ) );
#1886 = EDGE_CURVE ( 'NONE', #3628, #7875, #6911, .T. ) ;
#1887 = ADVANCED_FACE ( 'NONE', ( #529 ), #6360, .T. ) ;
#1888 = SURFACE_STYLE_FILL_AREA ( #6955 ) ;
#1889 =( LENGTH_UNIT ( ) NAMED_UNIT ( * ) SI_UNIT ( .MILLI., .METRE. ) );
#1890 = AXIS2_PLACEMENT_3D ( 'NONE', #6479, #522, #7479 ) ;
#1891 = EDGE_CURVE ( 'NONE', #2519, #761, #12295, .T. ) ;
#1892 = FACE_OUTER_BOUND ( 'NONE', #273, .T. ) ;
#1893 = DIRECTION ( 'NONE',  ( 1.000000000000000000, -0.0000000000000000000, 0.0000000000000000000 ) ) ;
#1894 = DIRECTION ( 'NONE',  ( -0.0000000000000000000, 0.0000000000000000000, 1.000000000000000000 ) ) ;
#1895 = SURFACE_STYLE_USAGE ( .BOTH. , #7813 ) ;
#1896 =( NAMED_UNIT ( * ) SI_UNIT ( $, .STERADIAN. ) SOLID_ANGLE_UNIT ( ) );
#1897 = ADVANCED_FACE ( 'NONE', ( #4747 ), #3621, .T. ) ;
#1898 = LINE ( 'NONE', #1588, #6852 ) ;
#1899 = VERTEX_POINT ( 'NONE', #3367 ) ;
#1900 = VERTEX_POINT ( 'NONE', #1513 ) ;
#1901 = ORIENTED_EDGE ( 'NONE', *, *, #5557, .T. ) ;
#1902 = DIRECTION ( 'NONE',  ( 0.0000000000000000000, 1.000000000000000000, 0.0000000000000000000 ) ) ;
#1903 = VERTEX_POINT ( 'NONE', #1094 ) ;
#1904 =( GEOMETRIC_REPRESENTATION_CONTEXT ( 3 ) GLOBAL_UNCERTAINTY_ASSIGNED_CONTEXT ( ( #9242 ) ) GLOBAL_UNIT_ASSIGNED_CONTEXT ( ( #12313, #12275, #12138 ) ) REPRESENTATION_CONTEXT ( 'NONE', 'WORKASPACE' ) );
#1905 =( NAMED_UNIT ( * ) PLANE_ANGLE_UNIT ( ) SI_UNIT ( $, .RADIAN. ) );
#1906 = VERTEX_POINT ( 'NONE', #1051 ) ;
#1907 = SURFACE_SIDE_STYLE ('',( #4607 ) ) ;
#1908 = VECTOR ( 'NONE', #6208, 1000.000000000000000 ) ;
#1909 =( LENGTH_UNIT ( ) NAMED_UNIT ( * ) SI_UNIT ( .MILLI., .METRE. ) );
#1910 = EDGE_CURVE ( 'NONE', #3520, #5403, #1138, .T. ) ;
#1911 = EDGE_LOOP ( 'NONE', ( #6150, #6765, #8620, #4488 ) ) ;
#1912 = CARTESIAN_POINT ( 'NONE',  ( 0.7590647362923303998, -0.05000000000000000278, 1.375493264616636457 ) ) ;
#1913 =( GEOMETRIC_REPRESENTATION_CONTEXT ( 3 ) GLOBAL_UNCERTAINTY_ASSIGNED_CONTEXT ( ( #11066 ) ) GLOBAL_UNIT_ASSIGNED_CONTEXT ( ( #1324, #8254, #2335 ) ) REPRESENTATION_CONTEXT ( 'NONE', 'WORKASPACE' ) );
#1914 = DIRECTION ( 'NONE',  ( 0.0000000000000000000, 0.0000000000000000000, -1.000000000000000000 ) ) ;
#1915 = VERTEX_POINT ( 'NONE', #3497 ) ;
#1916 = CARTESIAN_POINT ( 'NONE',  ( -0.1412377610681545548, 0.1000000000000000056, -1.416874574924349872 ) ) ;
#1917 = CARTESIAN_POINT ( 'NONE',  ( 1.650000000000000355, -0.05000000000000000278, 0.07500000000000017764 ) ) ;
#1918 = SURFACE_STYLE_USAGE ( .BOTH. , #7834 ) ;
#1919 = SURFACE_STYLE_FILL_AREA ( #4653 ) ;
#1920 = DIRECTION ( 'NONE',  ( -1.000000000000000000, 0.0000000000000000000, 0.0000000000000000000 ) ) ;
#1921 = CARTESIAN_POINT ( 'NONE',  ( -1.197916575926319283, 0.1000000000000000056, 0.0000000000000000000 ) ) ;
#1922 = VERTEX_POINT ( 'NONE', #51 ) ;
#1923 = EDGE_LOOP ( 'NONE', ( #11902, #11922, #12386, #12685 ) ) ;
#1924 = PRESENTATION_STYLE_ASSIGNMENT (( #7837 ) ) ;
#1925 = SURFACE_SIDE_STYLE ('',( #386 ) ) ;
#1926 = EDGE_CURVE ( 'NONE', #270, #2356, #11360, .T. ) ;
#1927 = FILL_AREA_STYLE_COLOUR ( '', #4348 ) ;
#1928 = PRESENTATION_LAYER_ASSIGNMENT (  '', '', ( #574 ) ) ;
#1929 = ORIENTED_EDGE ( 'NONE', *, *, #573, .F. ) ;
#1930 = VECTOR ( 'NONE', #6934, 1000.000000000000000 ) ;
#1931 = SURFACE_STYLE_FILL_AREA ( #11963 ) ;
#1932 = CARTESIAN_POINT ( 'NONE',  ( 0.0000000000000000000, 0.1000000000000000056, 0.2000076143446563315 ) ) ;
#1933 = ORIENTED_EDGE ( 'NONE', *, *, #1010, .T. ) ;
#1934 = DIRECTION ( 'NONE',  ( 0.0000000000000000000, 1.000000000000000000, -0.0000000000000000000 ) ) ;
#1935 = DIRECTION ( 'NONE',  ( 2.189696164768673130E-14, 0.0000000000000000000, 1.000000000000000000 ) ) ;
#1936 = SURFACE_STYLE_FILL_AREA ( #10918 ) ;
#1937 = DIRECTION ( 'NONE',  ( 1.000000000000000000, -0.0000000000000000000, 0.0000000000000000000 ) ) ;
#1938 = CARTESIAN_POINT ( 'NONE',  ( 0.0000000000000000000, -0.05000000000000000278, 0.2000076143446563315 ) ) ;
#1939 = DIRECTION ( 'NONE',  ( 0.0000000000000000000, 0.0000000000000000000, 1.000000000000000000 ) ) ;
#1940 = SURFACE_SIDE_STYLE ('',( #2964 ) ) ;
#1941 = EDGE_LOOP ( 'NONE', ( #925, #9748, #550, #4785 ) ) ;
#1942 = STYLED_ITEM ( 'NONE', ( #1433 ), #12693 ) ;
#1943 =( GEOMETRIC_REPRESENTATION_CONTEXT ( 3 ) GLOBAL_UNCERTAINTY_ASSIGNED_CONTEXT ( ( #10382 ) ) GLOBAL_UNIT_ASSIGNED_CONTEXT ( ( #2687, #9608, #3667 ) ) REPRESENTATION_CONTEXT ( 'NONE', 'WORKASPACE' ) );
#1944 = EDGE_CURVE ( 'NONE', #11106, #11409, #11052, .T. ) ;
#1945 = VECTOR ( 'NONE', #3855, 1000.000000000000000 ) ;
#1946 = EDGE_CURVE ( 'NONE', #9074, #5189, #3477, .T. ) ;
#1947 = DIRECTION ( 'NONE',  ( 0.0000000000000000000, 0.0000000000000000000, -1.000000000000000000 ) ) ;
#1948 = CARTESIAN_POINT ( 'NONE',  ( -0.5127599671840918916, 0.1000000000000000056, -1.416874574924349872 ) ) ;
#1949 = AXIS2_PLACEMENT_3D ( 'NONE', #6798, #845, #7789 ) ;
#1950 = CARTESIAN_POINT ( 'NONE',  ( 0.0000000000000000000, 0.1000000000000000056, 0.0000000000000000000 ) ) ;
#1951 = VERTEX_POINT ( 'NONE', #9247 ) ;
#1952 = ORIENTED_EDGE ( 'NONE', *, *, #10685, .T. ) ;
#1953 = CARTESIAN_POINT ( 'NONE',  ( 1.540045451220497963, -0.05000000000000000278, 0.1083811245156857256 ) ) ;
#1954 = AXIS2_PLACEMENT_3D ( 'NONE', #12213, #10230, #12019 ) ;
#1955 = PRESENTATION_STYLE_ASSIGNMENT (( #7799 ) ) ;
#1956 = COLOUR_RGB ( '',1.000000000000000000, 1.000000000000000000, 1.000000000000000000 ) ;
#1957 = UNCERTAINTY_MEASURE_WITH_UNIT (LENGTH_MEASURE( 1.000000000000000082E-05 ), #11641, 'distance_accuracy_value', 'NONE');
#1958 =( NAMED_UNIT ( * ) SI_UNIT ( $, .STERADIAN. ) SOLID_ANGLE_UNIT ( ) );
#1959 = DIRECTION ( 'NONE',  ( 0.0000000000000000000, 1.000000000000000000, 0.0000000000000000000 ) ) ;
#1960 = DIRECTION ( 'NONE',  ( -1.000000000000000000, 0.0000000000000000000, 0.0000000000000000000 ) ) ;
#1961 = CARTESIAN_POINT ( 'NONE',  ( -0.1549999999999993883, -0.05000000000000000278, 1.375493264616636679 ) ) ;
#1962 = PRESENTATION_LAYER_ASSIGNMENT (  '', '', ( #620 ) ) ;
#1963 = DIRECTION ( 'NONE',  ( 0.0000000000000000000, 0.0000000000000000000, 1.000000000000000000 ) ) ;
#1964 = VECTOR ( 'NONE', #5697, 1000.000000000000000 ) ;
#1965 = ORIENTED_EDGE ( 'NONE', *, *, #5579, .T. ) ;
#1966 =( GEOMETRIC_REPRESENTATION_CONTEXT ( 3 ) GLOBAL_UNCERTAINTY_ASSIGNED_CONTEXT ( ( #3715 ) ) GLOBAL_UNIT_ASSIGNED_CONTEXT ( ( #9678, #3768, #10676 ) ) REPRESENTATION_CONTEXT ( 'NONE', 'WORKASPACE' ) );
#1967 = LINE ( 'NONE', #8714, #1659 ) ;
#1968 = FILL_AREA_STYLE_COLOUR ( '', #732 ) ;
#1969 = DIRECTION ( 'NONE',  ( 1.000000000000000000, 0.0000000000000000000, 0.0000000000000000000 ) ) ;
#1970 = FILL_AREA_STYLE ('',( #9702 ) ) ;
#1971 = VERTEX_POINT ( 'NONE', #2381 ) ;
#1972 = LINE ( 'NONE', #4552, #1663 ) ;
#1973 = VERTEX_POINT ( 'NONE', #5461 ) ;
#1974 = UNCERTAINTY_MEASURE_WITH_UNIT (LENGTH_MEASURE( 1.000000000000000082E-05 ), #1852, 'distance_accuracy_value', 'NONE');
#1975 = ORIENTED_EDGE ( 'NONE', *, *, #5741, .T. ) ;
#1976 = FACE_OUTER_BOUND ( 'NONE', #12062, .T. ) ;
#1977 = EDGE_LOOP ( 'NONE', ( #5623, #5023, #4406, #12097 ) ) ;
#1978 = ORIENTED_EDGE ( 'NONE', *, *, #1185, .T. ) ;
#1979 = DIRECTION ( 'NONE',  ( -1.000000000000000000, 0.0000000000000000000, 0.0000000000000000000 ) ) ;
#1980 = PRESENTATION_LAYER_ASSIGNMENT (  '', '', ( #2646 ) ) ;
#1981 = CARTESIAN_POINT ( 'NONE',  ( -1.257124604555293734, 0.1000000000000000056, 0.1623686072350682963 ) ) ;
#1982 = DIRECTION ( 'NONE',  ( 0.0000000000000000000, 0.0000000000000000000, -1.000000000000000000 ) ) ;
#1983 = PRESENTATION_LAYER_ASSIGNMENT (  '', '', ( #634 ) ) ;
#1984 =( GEOMETRIC_REPRESENTATION_CONTEXT ( 3 ) GLOBAL_UNCERTAINTY_ASSIGNED_CONTEXT ( ( #7664 ) ) GLOBAL_UNIT_ASSIGNED_CONTEXT ( ( #4008, #3961, #3921 ) ) REPRESENTATION_CONTEXT ( 'NONE', 'WORKASPACE' ) );
#1985 = LINE ( 'NONE', #6283, #1351 ) ;
#1986 = CARTESIAN_POINT ( 'NONE',  ( 1.540045451220497963, -0.05000000000000000278, -0.1083811245156857395 ) ) ;
#1987 = ORIENTED_EDGE ( 'NONE', *, *, #7827, .T. ) ;
#1988 = VECTOR ( 'NONE', #3205, 1000.000000000000000 ) ;
#1989 = CARTESIAN_POINT ( 'NONE',  ( -0.1412377610681545548, 0.1000000000000000056, -1.277681107331943622 ) ) ;
#1990 = ORIENTED_EDGE ( 'NONE', *, *, #7424, .F. ) ;
#1991 = COLOUR_RGB ( '',1.000000000000000000, 1.000000000000000000, 1.000000000000000000 ) ;
#1992 = FACE_OUTER_BOUND ( 'NONE', #9893, .T. ) ;
#1993 = VERTEX_POINT ( 'NONE', #12232 ) ;
#1994 = STYLED_ITEM ( 'NONE', ( #8304 ), #8313 ) ;
#1995 = VERTEX_POINT ( 'NONE', #2463 ) ;
#1996 = DIRECTION ( 'NONE',  ( 0.0000000000000000000, 1.000000000000000000, -0.0000000000000000000 ) ) ;
#1997 = CARTESIAN_POINT ( 'NONE',  ( 0.0000000000000000000, -0.05000000000000000278, -1.649999999999998579 ) ) ;
#1998 = ORIENTED_EDGE ( 'NONE', *, *, #2410, .F. ) ;
#1999 = SURFACE_SIDE_STYLE ('',( #5369 ) ) ;
#2000 = COLOUR_RGB ( '',1.000000000000000000, 1.000000000000000000, 1.000000000000000000 ) ;
#2001 = DIRECTION ( 'NONE',  ( 0.0000000000000000000, 1.000000000000000000, -0.0000000000000000000 ) ) ;
#2002 = SURFACE_STYLE_FILL_AREA ( #4449 ) ;
#2003 =( LENGTH_UNIT ( ) NAMED_UNIT ( * ) SI_UNIT ( .MILLI., .METRE. ) );
#2004 = DIRECTION ( 'NONE',  ( 0.0000000000000000000, 1.000000000000000000, 0.0000000000000000000 ) ) ;
#2005 = LINE ( 'NONE', #922, #6956 ) ;
#2006 = CARTESIAN_POINT ( 'NONE',  ( 0.1372400328159084637, 0.1000000000000000056, 0.0000000000000000000 ) ) ;
#2007 = VECTOR ( 'NONE', #4418, 1000.000000000000000 ) ;
#2008 = ORIENTED_EDGE ( 'NONE', *, *, #3199, .T. ) ;
#2009 = ORIENTED_EDGE ( 'NONE', *, *, #11189, .F. ) ;
#2010 = MECHANICAL_DESIGN_GEOMETRIC_PRESENTATION_REPRESENTATION (  '', ( #12177 ), #2666 ) ;
#2011 = EDGE_CURVE ( 'NONE', #1007, #11752, #5806, .T. ) ;
#2012 = CARTESIAN_POINT ( 'NONE',  ( 1.134999999999999787, -0.05000000000000000278, -1.199999999999999289 ) ) ;
#2013 = EDGE_CURVE ( 'NONE', #613, #7135, #6110, .T. ) ;
#2014 = CARTESIAN_POINT ( 'NONE',  ( 1.401837281655233136, 0.1499999999999999944, 1.399999999999999911 ) ) ;
#2015 = VECTOR ( 'NONE', #1195, 1000.000000000000000 ) ;
#2016 = ORIENTED_EDGE ( 'NONE', *, *, #9741, .T. ) ;
#2017 = CARTESIAN_POINT ( 'NONE',  ( -0.4849999999999994316, 0.0000000000000000000, 0.0000000000000000000 ) ) ;
#2018 = PLANE ( 'NONE',  #11949 ) ;
#2019 = CARTESIAN_POINT ( 'NONE',  ( 1.257124604555293956, 0.1000000000000000056, 0.1031605786060936225 ) ) ;
#2020 = SURFACE_STYLE_FILL_AREA ( #7553 ) ;
#2021 = CARTESIAN_POINT ( 'NONE',  ( 0.4810022717477533405, 0.0000000000000000000, -1.416874574924349872 ) ) ;
#2022 = VECTOR ( 'NONE', #2578, 1000.000000000000000 ) ;
#2023 = ORIENTED_EDGE ( 'NONE', *, *, #4076, .F. ) ;
#2024 = EDGE_LOOP ( 'NONE', ( #2590, #2624, #4352, #10193 ) ) ;
#2025 = CARTESIAN_POINT ( 'NONE',  ( -0.7912377610681550211, -0.05000000000000000278, -1.277681107331943622 ) ) ;
#2026 = CARTESIAN_POINT ( 'NONE',  ( 0.0000000000000000000, -0.05000000000000000278, -1.277681107331943622 ) ) ;
#2027 = DIRECTION ( 'NONE',  ( 0.0000000000000000000, 0.0000000000000000000, 1.000000000000000000 ) ) ;
#2028 = FILL_AREA_STYLE_COLOUR ( '', #2556 ) ;
#2029 =( LENGTH_UNIT ( ) NAMED_UNIT ( * ) SI_UNIT ( .MILLI., .METRE. ) );
#2030 = MECHANICAL_DESIGN_GEOMETRIC_PRESENTATION_REPRESENTATION (  '', ( #670 ), #2682 ) ;
#2031 = CARTESIAN_POINT ( 'NONE',  ( 1.540045451220498407, 0.1000000000000000056, -0.07500000000000017764 ) ) ;
#2032 = VECTOR ( 'NONE', #5260, 1000.000000000000000 ) ;
#2033 = FILL_AREA_STYLE ('',( #1050 ) ) ;
#2034 =( LENGTH_UNIT ( ) NAMED_UNIT ( * ) SI_UNIT ( .MILLI., .METRE. ) );
#2035 = CARTESIAN_POINT ( 'NONE',  ( -1.171933149074797953, 0.1000000000000000056, -0.2369407634194545809 ) ) ;
#2036 = CARTESIAN_POINT ( 'NONE',  ( -1.134999999999998010, 0.0000000000000000000, -0.3161628721251190655 ) ) ;
#2037 = ADVANCED_FACE ( 'NONE', ( #8122 ), #3323, .T. ) ;
#2038 = ORIENTED_EDGE ( 'NONE', *, *, #12180, .F. ) ;
#2039 = LINE ( 'NONE', #7122, #6981 ) ;
#2040 = ORIENTED_EDGE ( 'NONE', *, *, #8844, .T. ) ;
#2041 = CARTESIAN_POINT ( 'NONE',  ( -0.4849999999999994316, 0.1000000000000000056, -1.416874574924349872 ) ) ;
#2042 = VECTOR ( 'NONE', #6346, 1000.000000000000000 ) ;
#2043 = UNCERTAINTY_MEASURE_WITH_UNIT (LENGTH_MEASURE( 1.000000000000000082E-05 ), #3320, 'distance_accuracy_value', 'NONE');
#2044 = CARTESIAN_POINT ( 'NONE',  ( 0.0000000000000000000, 0.1000000000000000056, -0.2000076143446563315 ) ) ;
#2045 = MECHANICAL_DESIGN_GEOMETRIC_PRESENTATION_REPRESENTATION (  '', ( #17 ), #2692 ) ;
#2046 = SURFACE_STYLE_FILL_AREA ( #12632 ) ;
#2047 =( NAMED_UNIT ( * ) PLANE_ANGLE_UNIT ( ) SI_UNIT ( $, .RADIAN. ) );
#2048 = PLANE ( 'NONE',  #7993 ) ;
#2049 = CARTESIAN_POINT ( 'NONE',  ( 0.8189977282522473701, 0.1000000000000000056, -1.277681107331943622 ) ) ;
#2050 = DIRECTION ( 'NONE',  ( 0.0000000000000000000, 0.0000000000000000000, 1.000000000000000000 ) ) ;
#2051 =( NAMED_UNIT ( * ) SI_UNIT ( $, .STERADIAN. ) SOLID_ANGLE_UNIT ( ) );
#2052 = ADVANCED_FACE ( 'NONE', ( #4597 ), #10142, .T. ) ;
#2053 = EDGE_CURVE ( 'NONE', #7949, #7654, #11196, .T. ) ;
#2054 = EDGE_CURVE ( 'NONE', #8932, #12388, #6256, .T. ) ;
#2055 = VECTOR ( 'NONE', #7257, 1000.000000000000000 ) ;
#2056 = SURFACE_STYLE_USAGE ( .BOTH. , #7975 ) ;
#2057 = VECTOR ( 'NONE', #264, 1000.000000000000000 ) ;
#2058 = EDGE_LOOP ( 'NONE', ( #9167, #963, #3116, #6083 ) ) ;
#2059 = DIRECTION ( 'NONE',  ( 0.0000000000000000000, 0.0000000000000000000, -1.000000000000000000 ) ) ;
#2060 = UNCERTAINTY_MEASURE_WITH_UNIT (LENGTH_MEASURE( 1.000000000000000082E-05 ), #2908, 'distance_accuracy_value', 'NONE');
#2061 =( NAMED_UNIT ( * ) PLANE_ANGLE_UNIT ( ) SI_UNIT ( $, .RADIAN. ) );
#2062 = CARTESIAN_POINT ( 'NONE',  ( -0.5127599671840918916, -0.05000000000000000278, -1.416874574924349872 ) ) ;
#2063 = DIRECTION ( 'NONE',  ( 0.0000000000000000000, 0.0000000000000000000, 1.000000000000000000 ) ) ;
#2064 = ORIENTED_EDGE ( 'NONE', *, *, #2500, .T. ) ;
#2065 = CIRCLE ( 'NONE', #9251, 0.09130182425276713032 ) ;
#2066 =( GEOMETRIC_REPRESENTATION_CONTEXT ( 3 ) GLOBAL_UNCERTAINTY_ASSIGNED_CONTEXT ( ( #6157 ) ) GLOBAL_UNIT_ASSIGNED_CONTEXT ( ( #7513, #2277, #3048 ) ) REPRESENTATION_CONTEXT ( 'NONE', 'WORKASPACE' ) );
#2067 = AXIS2_PLACEMENT_3D ( 'NONE', #10569, #9656, #3742 ) ;
#2068 = AXIS2_PLACEMENT_3D ( 'NONE', #12759, #12525, #11985 ) ;
#2069 = DIRECTION ( 'NONE',  ( 0.0000000000000000000, 1.000000000000000000, -0.0000000000000000000 ) ) ;
#2070 = ORIENTED_EDGE ( 'NONE', *, *, #10486, .T. ) ;
#2071 = EDGE_CURVE ( 'NONE', #274, #8329, #977, .T. ) ;
#2072 = DIRECTION ( 'NONE',  ( -1.000000000000000000, 0.0000000000000000000, 0.0000000000000000000 ) ) ;
#2073 = DIRECTION ( 'NONE',  ( 0.0000000000000000000, 1.000000000000000000, -0.0000000000000000000 ) ) ;
#2074 = DIRECTION ( 'NONE',  ( 0.0000000000000000000, 0.0000000000000000000, 1.000000000000000000 ) ) ;
#2075 =( GEOMETRIC_REPRESENTATION_CONTEXT ( 3 ) GLOBAL_UNCERTAINTY_ASSIGNED_CONTEXT ( ( #5005 ) ) GLOBAL_UNIT_ASSIGNED_CONTEXT ( ( #4377, #7411, #7069 ) ) REPRESENTATION_CONTEXT ( 'NONE', 'WORKASPACE' ) );
#2076 = PLANE ( 'NONE',  #5173 ) ;
#2077 = ORIENTED_EDGE ( 'NONE', *, *, #4076, .T. ) ;
#2078 =( NAMED_UNIT ( * ) PLANE_ANGLE_UNIT ( ) SI_UNIT ( $, .RADIAN. ) );
#2079 = ORIENTED_EDGE ( 'NONE', *, *, #11485, .T. ) ;
#2080 = DIRECTION ( 'NONE',  ( 0.0000000000000000000, 0.0000000000000000000, -1.000000000000000000 ) ) ;
#2081 = ADVANCED_FACE ( 'NONE', ( #10894 ), #3136, .T. ) ;
#2082 = CARTESIAN_POINT ( 'NONE',  ( 0.0000000000000000000, 0.1000000000000000056, -0.1031605786060936225 ) ) ;
#2083 = ORIENTED_EDGE ( 'NONE', *, *, #12383, .T. ) ;
#2084 = EDGE_CURVE ( 'NONE', #10686, #7949, #9948, .T. ) ;
#2085 = CARTESIAN_POINT ( 'NONE',  ( 0.0000000000000000000, 0.1499999999999999944, -1.500000000000000000 ) ) ;
#2086 = LINE ( 'NONE', #8497, #9029 ) ;
#2087 = CARTESIAN_POINT ( 'NONE',  ( 0.0000000000000000000, -0.05000000000000000278, 1.249999999999999112 ) ) ;
#2088 = FILL_AREA_STYLE_COLOUR ( '', #9817 ) ;
#2089 = ORIENTED_EDGE ( 'NONE', *, *, #269, .T. ) ;
#2090 = STYLED_ITEM ( 'NONE', ( #4974 ), #8955 ) ;
#2091 = FACE_OUTER_BOUND ( 'NONE', #9331, .T. ) ;
#2092 = FILL_AREA_STYLE_COLOUR ( '', #5353 ) ;
#2093 = CARTESIAN_POINT ( 'NONE',  ( 0.5700859015357763182, 0.1000000000000000056, 1.276162611327208873 ) ) ;
#2094 = SURFACE_SIDE_STYLE ('',( #8514 ) ) ;
#2095 = ORIENTED_EDGE ( 'NONE', *, *, #5880, .F. ) ;
#2096 = CYLINDRICAL_SURFACE ( 'NONE', #8297, 0.05920802862897456276 ) ;
#2097 =( LENGTH_UNIT ( ) NAMED_UNIT ( * ) SI_UNIT ( .MILLI., .METRE. ) );
#2098 = COLOUR_RGB ( '',1.000000000000000000, 1.000000000000000000, 1.000000000000000000 ) ;
#2099 = CARTESIAN_POINT ( 'NONE',  ( -1.455814029726843373, 0.1499999999999999944, 1.355814029726843728 ) ) ;
#2100 = ORIENTED_EDGE ( 'NONE', *, *, #6281, .F. ) ;
#2101 = CARTESIAN_POINT ( 'NONE',  ( 0.1160883464570598989, 0.1000000000000000056, -0.0000000000000000000 ) ) ;
#2102 = PRESENTATION_LAYER_ASSIGNMENT (  '', '', ( #748 ) ) ;
#2103 = VECTOR ( 'NONE', #8256, 1000.000000000000000 ) ;
#2104 = DIRECTION ( 'NONE',  ( 0.0000000000000000000, 0.0000000000000000000, -1.000000000000000000 ) ) ;
#2105 = ORIENTED_EDGE ( 'NONE', *, *, #1538, .T. ) ;
#2106 =( NAMED_UNIT ( * ) SI_UNIT ( $, .STERADIAN. ) SOLID_ANGLE_UNIT ( ) );
#2107 = CARTESIAN_POINT ( 'NONE',  ( -1.162759967184092247, -0.05000000000000000278, 0.0000000000000000000 ) ) ;
#2108 = CARTESIAN_POINT ( 'NONE',  ( 1.134999999999999787, 0.0000000000000000000, 0.0000000000000000000 ) ) ;
#2109 = FILL_AREA_STYLE_COLOUR ( '', #11115 ) ;
#2110 = LINE ( 'NONE', #12578, #7357 ) ;
#2111 = SURFACE_SIDE_STYLE ('',( #6647 ) ) ;
#2112 = DIRECTION ( 'NONE',  ( -2.189696164768673130E-14, 0.0000000000000000000, 1.000000000000000000 ) ) ;
#2113 = LINE ( 'NONE', #8904, #9675 ) ;
#2114 = PRESENTATION_STYLE_ASSIGNMENT (( #12059 ) ) ;
#2115 = SURFACE_STYLE_USAGE ( .BOTH. , #2328 ) ;
#2116 = ORIENTED_EDGE ( 'NONE', *, *, #120, .F. ) ;
#2117 =( GEOMETRIC_REPRESENTATION_CONTEXT ( 3 ) GLOBAL_UNCERTAINTY_ASSIGNED_CONTEXT ( ( #194 ) ) GLOBAL_UNIT_ASSIGNED_CONTEXT ( ( #1443, #8360, #2431 ) ) REPRESENTATION_CONTEXT ( 'NONE', 'WORKASPACE' ) );
#2118 = EDGE_CURVE ( 'NONE', #11502, #7287, #12584, .T. ) ;
#2119 = EDGE_CURVE ( 'NONE', #4645, #519, #7330, .T. ) ;
#2120 = SURFACE_STYLE_FILL_AREA ( #10602 ) ;
#2121 = PRESENTATION_LAYER_ASSIGNMENT (  '', '', ( #771 ) ) ;
#2122 = UNCERTAINTY_MEASURE_WITH_UNIT (LENGTH_MEASURE( 1.000000000000000082E-05 ), #11008, 'distance_accuracy_value', 'NONE');
#2123 = CARTESIAN_POINT ( 'NONE',  ( 1.134999999999999787, 0.1000000000000000056, -1.416874574924349872 ) ) ;
#2124 = LINE ( 'NONE', #6619, #9688 ) ;
#2125 = CARTESIAN_POINT ( 'NONE',  ( 0.0000000000000000000, 0.1000000000000000056, 0.2000076143446563315 ) ) ;
#2126 = FACE_OUTER_BOUND ( 'NONE', #6497, .T. ) ;
#2127 = ORIENTED_EDGE ( 'NONE', *, *, #8154, .T. ) ;
#2128 = ORIENTED_EDGE ( 'NONE', *, *, #7213, .T. ) ;
#2129 = SURFACE_STYLE_FILL_AREA ( #1970 ) ;
#2130 = COLOUR_RGB ( '',1.000000000000000000, 1.000000000000000000, 1.000000000000000000 ) ;
#2131 = DIRECTION ( 'NONE',  ( 0.0000000000000000000, 0.0000000000000000000, 1.000000000000000000 ) ) ;
#2132 = SURFACE_STYLE_USAGE ( .BOTH. , #8058 ) ;
#2133 = SURFACE_SIDE_STYLE ('',( #7583 ) ) ;
#2134 = PRESENTATION_LAYER_ASSIGNMENT (  '', '', ( #784 ) ) ;
#2135 = AXIS2_PLACEMENT_3D ( 'NONE', #12806, #7909, #2822 ) ;
#2136 = EDGE_LOOP ( 'NONE', ( #8230, #10149, #5019, #3651 ) ) ;
#2137 = EDGE_CURVE ( 'NONE', #10840, #4660, #4736, .T. ) ;
#2138 =( NAMED_UNIT ( * ) PLANE_ANGLE_UNIT ( ) SI_UNIT ( $, .RADIAN. ) );
#2139 = UNCERTAINTY_MEASURE_WITH_UNIT (LENGTH_MEASURE( 1.000000000000000082E-05 ), #11845, 'distance_accuracy_value', 'NONE');
#2140 = ORIENTED_EDGE ( 'NONE', *, *, #8248, .F. ) ;
#2141 = VERTEX_POINT ( 'NONE', #11342 ) ;
#2142 =( GEOMETRIC_REPRESENTATION_CONTEXT ( 3 ) GLOBAL_UNCERTAINTY_ASSIGNED_CONTEXT ( ( #9007 ) ) GLOBAL_UNIT_ASSIGNED_CONTEXT ( ( #2378, #9292, #3363 ) ) REPRESENTATION_CONTEXT ( 'NONE', 'WORKASPACE' ) );
#2143 = ORIENTED_EDGE ( 'NONE', *, *, #3741, .F. ) ;
#2144 = CARTESIAN_POINT ( 'NONE',  ( 1.499999999999999556, 0.1499999999999999944, -1.301837281655233713 ) ) ;
#2145 = SURFACE_STYLE_USAGE ( .BOTH. , #2192 ) ;
#2146 = VERTEX_POINT ( 'NONE', #11294 ) ;
#2147 = EDGE_CURVE ( 'NONE', #7523, #2603, #9649, .T. ) ;
#2148 = FILL_AREA_STYLE ('',( #4047 ) ) ;
#2149 = CARTESIAN_POINT ( 'NONE',  ( 0.0000000000000000000, -0.05000000000000000278, 0.0000000000000000000 ) ) ;
#2150 = PLANE ( 'NONE',  #6811 ) ;
#2151 = ORIENTED_EDGE ( 'NONE', *, *, #10129, .F. ) ;
#2152 =( NAMED_UNIT ( * ) PLANE_ANGLE_UNIT ( ) SI_UNIT ( $, .RADIAN. ) );
#2153 = LINE ( 'NONE', #6037, #4501 ) ;
#2154 = CARTESIAN_POINT ( 'NONE',  ( 0.1650000000000009237, 0.1000000000000000056, -1.277681107331943622 ) ) ;
#2155 = CARTESIAN_POINT ( 'NONE',  ( 0.0000000000000000000, 0.1000000000000000056, -0.1031605786060936225 ) ) ;
#2156 = ORIENTED_EDGE ( 'NONE', *, *, #8154, .F. ) ;
#2157 = VERTEX_POINT ( 'NONE', #9613 ) ;
#2158 = DIRECTION ( 'NONE',  ( 0.0000000000000000000, 1.000000000000000000, 0.0000000000000000000 ) ) ;
#2159 =( GEOMETRIC_REPRESENTATION_CONTEXT ( 3 ) GLOBAL_UNCERTAINTY_ASSIGNED_CONTEXT ( ( #3302 ) ) GLOBAL_UNIT_ASSIGNED_CONTEXT ( ( #7388, #7482, #7273 ) ) REPRESENTATION_CONTEXT ( 'NONE', 'WORKASPACE' ) );
#2160 = DIRECTION ( 'NONE',  ( 1.000000000000000000, -0.0000000000000000000, 0.0000000000000000000 ) ) ;
#2161 = AXIS2_PLACEMENT_3D ( 'NONE', #9385, #3476, #10399 ) ;
#2162 = EDGE_CURVE ( 'NONE', #11820, #4704, #4430, .T. ) ;
#2163 = ORIENTED_EDGE ( 'NONE', *, *, #8823, .T. ) ;
#2164 =( NAMED_UNIT ( * ) SI_UNIT ( $, .STERADIAN. ) SOLID_ANGLE_UNIT ( ) );
#2165 = COLOUR_RGB ( '',0.2509803921568627416, 0.2509803921568627416, 0.2509803921568627416 ) ;
#2166 = PRESENTATION_LAYER_ASSIGNMENT (  '', '', ( #1499 ) ) ;
#2167 = FACE_OUTER_BOUND ( 'NONE', #6182, .T. ) ;
#2168 = ORIENTED_EDGE ( 'NONE', *, *, #9476, .T. ) ;
#2169 = LINE ( 'NONE', #9073, #4517 ) ;
#2170 = ORIENTED_EDGE ( 'NONE', *, *, #9776, .F. ) ;
#2171 = CARTESIAN_POINT ( 'NONE',  ( -1.134999999999999787, 0.1000000000000000056, 0.0000000000000000000 ) ) ;
#2172 = SURFACE_STYLE_FILL_AREA ( #11885 ) ;
#2173 = CARTESIAN_POINT ( 'NONE',  ( -1.291219160478732864, 0.6999999999999998446, 1.191219160478732997 ) ) ;
#2174 = LINE ( 'NONE', #9629, #757 ) ;
#2175 =( LENGTH_UNIT ( ) NAMED_UNIT ( * ) SI_UNIT ( .MILLI., .METRE. ) );
#2176 = LINE ( 'NONE', #6894, #9742 ) ;
#2177 = LINE ( 'NONE', #5334, #9744 ) ;
#2178 = PRESENTATION_LAYER_ASSIGNMENT (  '', '', ( #2813 ) ) ;
#2179 = ORIENTED_EDGE ( 'NONE', *, *, #3475, .T. ) ;
#2180 = EDGE_CURVE ( 'NONE', #12357, #12481, #9343, .T. ) ;
#2181 = SURFACE_STYLE_FILL_AREA ( #878 ) ;
#2182 = MECHANICAL_DESIGN_GEOMETRIC_PRESENTATION_REPRESENTATION (  '', ( #820 ), #2816 ) ;
#2183 = CARTESIAN_POINT ( 'NONE',  ( -1.044003024146626046, -0.05000000000000000278, -0.3087081087201543061 ) ) ;
#2184 = FILL_AREA_STYLE_COLOUR ( '', #1167 ) ;
#2185 = ORIENTED_EDGE ( 'NONE', *, *, #7972, .F. ) ;
#2186 = LINE ( 'NONE', #3735, #4535 ) ;
#2188 = ORIENTED_EDGE ( 'NONE', *, *, #9774, .F. ) ;
#2187 = DIRECTION ( 'NONE',  ( 0.0000000000000000000, -1.000000000000000000, 0.0000000000000000000 ) ) ;
#2189 = DIRECTION ( 'NONE',  ( 0.0000000000000000000, 0.0000000000000000000, 1.000000000000000000 ) ) ;
#2190 = CARTESIAN_POINT ( 'NONE',  ( -0.1689977282522470148, -0.05000000000000000278, -1.416874574924349872 ) ) ;
#2191 = FACE_OUTER_BOUND ( 'NONE', #3518, .T. ) ;
#2192 = SURFACE_SIDE_STYLE ('',( #1602 ) ) ;
#2193 = DIRECTION ( 'NONE',  ( 1.000000000000000000, -0.0000000000000000000, 0.0000000000000000000 ) ) ;
#2194 = ORIENTED_EDGE ( 'NONE', *, *, #5851, .F. ) ;
#2195 = CARTESIAN_POINT ( 'NONE',  ( 0.8189977282522473701, 0.1000000000000000056, -1.649999999999998579 ) ) ;
#2196 = CARTESIAN_POINT ( 'NONE',  ( 0.8149999999999995026, 0.0000000000000000000, 1.375493264616636679 ) ) ;
#2197 = AXIS2_PLACEMENT_3D ( 'NONE', #1637, #8553, #2632 ) ;
#2198 = CIRCLE ( 'NONE', #12348, 0.1000000000000000472 ) ;
#2199 =( GEOMETRIC_REPRESENTATION_CONTEXT ( 3 ) GLOBAL_UNCERTAINTY_ASSIGNED_CONTEXT ( ( #6724 ) ) GLOBAL_UNIT_ASSIGNED_CONTEXT ( ( #2349, #9261, #3334 ) ) REPRESENTATION_CONTEXT ( 'NONE', 'WORKASPACE' ) );
#2201 = EDGE_CURVE ( 'NONE', #4152, #7311, #4096, .T. ) ;
#2200 = CARTESIAN_POINT ( 'NONE',  ( -1.171933149074797953, -0.05000000000000000278, 0.2369407634194545809 ) ) ;
#2202 = SURFACE_SIDE_STYLE ('',( #12504 ) ) ;
#2203 = EDGE_CURVE ( 'NONE', #10466, #5971, #2086, .T. ) ;
#2204 = FILL_AREA_STYLE ('',( #164 ) ) ;
#2205 = UNCERTAINTY_MEASURE_WITH_UNIT (LENGTH_MEASURE( 1.000000000000000082E-05 ), #11460, 'distance_accuracy_value', 'NONE');
#2206 = CARTESIAN_POINT ( 'NONE',  ( -0.5439116535429402433, 0.1000000000000000056, 0.0000000000000000000 ) ) ;
#2207 = FACE_OUTER_BOUND ( 'NONE', #9266, .T. ) ;
#2208 = VERTEX_POINT ( 'NONE', #8374 ) ;
#2209 = CARTESIAN_POINT ( 'NONE',  ( 0.4810022717477533405, 0.1000000000000000056, 0.0000000000000000000 ) ) ;
#2210 = STYLED_ITEM ( 'NONE', ( #8060 ), #559 ) ;
#2211 = PRESENTATION_STYLE_ASSIGNMENT (( #5162 ) ) ;
#2212 = CARTESIAN_POINT ( 'NONE',  ( 0.8189977282522473701, 0.1000000000000000056, -1.416874574924349872 ) ) ;
#2213 = ORIENTED_EDGE ( 'NONE', *, *, #10867, .T. ) ;
#2214 =( NAMED_UNIT ( * ) SI_UNIT ( $, .STERADIAN. ) SOLID_ANGLE_UNIT ( ) );
#2215 = FILL_AREA_STYLE ('',( #1149 ) ) ;
#2216 = UNCERTAINTY_MEASURE_WITH_UNIT (LENGTH_MEASURE( 1.000000000000000082E-05 ), #7324, 'distance_accuracy_value', 'NONE');
#2217 = SURFACE_STYLE_USAGE ( .BOTH. , #8129 ) ;
#2218 = PRESENTATION_LAYER_ASSIGNMENT (  '', '', ( #2852 ) ) ;
#2219 = EDGE_CURVE ( 'NONE', #1951, #12559, #11653, .T. ) ;
#2220 = ORIENTED_EDGE ( 'NONE', *, *, #907, .T. ) ;
#2221 = VERTEX_POINT ( 'NONE', #7634 ) ;
#2222 = AXIS2_PLACEMENT_3D ( 'NONE', #5489, #12395, #6462 ) ;
#2223 = FILL_AREA_STYLE ('',( #8134 ) ) ;
#2224 = ADVANCED_FACE ( 'NONE', ( #3778 ), #6218, .T. ) ;
#2225 = FILL_AREA_STYLE ('',( #145 ) ) ;
#2226 = DIRECTION ( 'NONE',  ( -0.1874275599918963087, -0.9642312064598242971, 0.1874275599918963087 ) ) ;
#2227 = DIRECTION ( 'NONE',  ( -2.168404344971007685E-15, 0.0000000000000000000, -1.000000000000000000 ) ) ;
#2228 = ORIENTED_EDGE ( 'NONE', *, *, #1223, .F. ) ;
#2229 = ORIENTED_EDGE ( 'NONE', *, *, #4816, .F. ) ;
#2230 = CARTESIAN_POINT ( 'NONE',  ( -1.171933149074798175, 0.1000000000000000056, -0.2000076143446563315 ) ) ;
#2231 = MECHANICAL_DESIGN_GEOMETRIC_PRESENTATION_REPRESENTATION (  '', ( #11075 ), #2868 ) ;
#2232 =( LENGTH_UNIT ( ) NAMED_UNIT ( * ) SI_UNIT ( .MILLI., .METRE. ) );
#2233 = PRESENTATION_LAYER_ASSIGNMENT (  '', '', ( #880 ) ) ;
#2234 =( GEOMETRIC_REPRESENTATION_CONTEXT ( 3 ) GLOBAL_UNCERTAINTY_ASSIGNED_CONTEXT ( ( #1722 ) ) GLOBAL_UNIT_ASSIGNED_CONTEXT ( ( #8680, #8634, #8592 ) ) REPRESENTATION_CONTEXT ( 'NONE', 'WORKASPACE' ) );
#2235 =( NAMED_UNIT ( * ) SI_UNIT ( $, .STERADIAN. ) SOLID_ANGLE_UNIT ( ) );
#2236 = EDGE_CURVE ( 'NONE', #11889, #5992, #6412, .T. ) ;
#2237 = CARTESIAN_POINT ( 'NONE',  ( 0.09069449998385259448, 0.0000000000000000000, 1.249999999999999112 ) ) ;
#2238 = ADVANCED_FACE ( 'NONE', ( #175 ), #3493, .T. ) ;
#2239 = DIRECTION ( 'NONE',  ( 0.0000000000000000000, 0.0000000000000000000, 1.000000000000000000 ) ) ;
#2240 = VERTEX_POINT ( 'NONE', #8391 ) ;
#2241 = ORIENTED_EDGE ( 'NONE', *, *, #7615, .F. ) ;
#2242 = SURFACE_SIDE_STYLE ('',( #11566 ) ) ;
#2243 = STYLED_ITEM ( 'NONE', ( #1511 ), #8204 ) ;
#2244 = DIRECTION ( 'NONE',  ( -1.000000000000000000, 0.0000000000000000000, 0.0000000000000000000 ) ) ;
#2245 = DIRECTION ( 'NONE',  ( 1.000000000000000000, 0.0000000000000000000, -0.0000000000000000000 ) ) ;
#2246 = ORIENTED_EDGE ( 'NONE', *, *, #11825, .F. ) ;
#2247 = AXIS2_PLACEMENT_3D ( 'NONE', #6846, #901, #7826 ) ;
#2248 = EDGE_CURVE ( 'NONE', #7026, #1971, #9494, .T. ) ;
#2249 =( NAMED_UNIT ( * ) PLANE_ANGLE_UNIT ( ) SI_UNIT ( $, .RADIAN. ) );
#2250 = EDGE_CURVE ( 'NONE', #6632, #10840, #6875, .T. ) ;
#2251 = CARTESIAN_POINT ( 'NONE',  ( 0.5439116535429402433, -0.05000000000000000278, 1.320000718934352335 ) ) ;
#2252 = VERTEX_POINT ( 'NONE', #3585 ) ;
#2253 = CARTESIAN_POINT ( 'NONE',  ( -0.1689977282522470148, 0.0000000000000000000, -0.0000000000000000000 ) ) ;
#2254 = CARTESIAN_POINT ( 'NONE',  ( 0.7912377610681550211, 0.1000000000000000056, -1.277681107331943622 ) ) ;
#2255 =( GEOMETRIC_REPRESENTATION_CONTEXT ( 3 ) GLOBAL_UNCERTAINTY_ASSIGNED_CONTEXT ( ( #4761 ) ) GLOBAL_UNIT_ASSIGNED_CONTEXT ( ( #3220, #10131, #4240 ) ) REPRESENTATION_CONTEXT ( 'NONE', 'WORKASPACE' ) );
#2256 = VECTOR ( 'NONE', #6791, 1000.000000000000000 ) ;
#2257 =( NAMED_UNIT ( * ) PLANE_ANGLE_UNIT ( ) SI_UNIT ( $, .RADIAN. ) );
#2258 = CARTESIAN_POINT ( 'NONE',  ( -0.1689977282522470148, 0.1000000000000000056, -1.649999999999998579 ) ) ;
#2259 = FILL_AREA_STYLE ('',( #7152 ) ) ;
#2260 = SURFACE_STYLE_FILL_AREA ( #7095 ) ;
#2261 = CARTESIAN_POINT ( 'NONE',  ( 0.0000000000000000000, -0.05000000000000000278, 1.249999999999999112 ) ) ;
#2262 = EDGE_LOOP ( 'NONE', ( #2931, #10194, #9730, #11704 ) ) ;
#2263 = AXIS2_PLACEMENT_3D ( 'NONE', #10384, #4493, #11367 ) ;
#2264 = SURFACE_SIDE_STYLE ('',( #6939 ) ) ;
#2265 = SURFACE_SIDE_STYLE ('',( #9018 ) ) ;
#2266 = FACE_OUTER_BOUND ( 'NONE', #5755, .T. ) ;
#2267 = FACE_OUTER_BOUND ( 'NONE', #1977, .T. ) ;
#2268 =( NAMED_UNIT ( * ) PLANE_ANGLE_UNIT ( ) SI_UNIT ( $, .RADIAN. ) );
#2269 = SURFACE_STYLE_USAGE ( .BOTH. , #8199 ) ;
#2270 = SURFACE_STYLE_FILL_AREA ( #11995 ) ;
#2271 = CARTESIAN_POINT ( 'NONE',  ( 0.0000000000000000000, -0.05000000000000000278, 1.649999999999999467 ) ) ;
#2272 =( NAMED_UNIT ( * ) SI_UNIT ( $, .STERADIAN. ) SOLID_ANGLE_UNIT ( ) );
#2273 = CARTESIAN_POINT ( 'NONE',  ( 0.0000000000000000000, 0.1000000000000000056, -1.199999999999999289 ) ) ;
#2274 = UNCERTAINTY_MEASURE_WITH_UNIT (LENGTH_MEASURE( 1.000000000000000082E-05 ), #6908, 'distance_accuracy_value', 'NONE');
#2275 = VERTEX_POINT ( 'NONE', #8423 ) ;
#2276 = ORIENTED_EDGE ( 'NONE', *, *, #6507, .F. ) ;
#2277 =( NAMED_UNIT ( * ) PLANE_ANGLE_UNIT ( ) SI_UNIT ( $, .RADIAN. ) );
#2278 = ORIENTED_EDGE ( 'NONE', *, *, #11045, .F. ) ;
#2279 = VECTOR ( 'NONE', #5943, 1000.000000000000000 ) ;
#2280 = EDGE_CURVE ( 'NONE', #9195, #12139, #9174, .T. ) ;
#2281 = LINE ( 'NONE', #9751, #12484 ) ;
#2282 = ORIENTED_EDGE ( 'NONE', *, *, #1926, .F. ) ;
#2283 = EDGE_CURVE ( 'NONE', #8487, #1288, #11807, .T. ) ;
#2284 = CARTESIAN_POINT ( 'NONE',  ( -1.134999999999999787, 0.1000000000000000056, 0.0000000000000000000 ) ) ;
#2285 = PLANE ( 'NONE',  #117 ) ;
#2286 = VECTOR ( 'NONE', #11942, 1000.000000000000000 ) ;
#2287 = DIRECTION ( 'NONE',  ( 0.0000000000000000000, 0.0000000000000000000, -1.000000000000000000 ) ) ;
#2288 = FACE_OUTER_BOUND ( 'NONE', #6289, .T. ) ;
#2289 = DIRECTION ( 'NONE',  ( 0.0000000000000000000, 0.0000000000000000000, -1.000000000000000000 ) ) ;
#2290 = VERTEX_POINT ( 'NONE', #6399 ) ;
#2291 = ORIENTED_EDGE ( 'NONE', *, *, #5056, .T. ) ;
#2292 = VECTOR ( 'NONE', #5648, 1000.000000000000000 ) ;
#2293 = SURFACE_STYLE_FILL_AREA ( #1733 ) ;
#2294 = ORIENTED_EDGE ( 'NONE', *, *, #573, .T. ) ;
#2295 = ADVANCED_FACE ( 'NONE', ( #1284 ), #7959, .F. ) ;
#2296 = FILL_AREA_STYLE_COLOUR ( '', #12158 ) ;
#2297 = FILL_AREA_STYLE ('',( #7229 ) ) ;
#2298 = DIRECTION ( 'NONE',  ( 0.0000000000000000000, -1.000000000000000000, 0.0000000000000000000 ) ) ;
#2299 = DIRECTION ( 'NONE',  ( 0.0000000000000000000, -1.000000000000000000, 0.0000000000000000000 ) ) ;
#2300 = PRESENTATION_STYLE_ASSIGNMENT (( #9103 ) ) ;
#2301 = STYLED_ITEM ( 'NONE', ( #11934 ), #3095 ) ;
#2302 = DIRECTION ( 'NONE',  ( 1.000000000000000000, -0.0000000000000000000, 0.0000000000000000000 ) ) ;
#2303 = EDGE_CURVE ( 'NONE', #7395, #7654, #5639, .T. ) ;
#2304 = ORIENTED_EDGE ( 'NONE', *, *, #10055, .F. ) ;
#2305 = LINE ( 'NONE', #11323, #7264 ) ;
#2306 = CIRCLE ( 'NONE', #6045, 0.1441859702731563275 ) ;
#2307 = MECHANICAL_DESIGN_GEOMETRIC_PRESENTATION_REPRESENTATION (  '', ( #297 ), #2959 ) ;
#2308 = VERTEX_POINT ( 'NONE', #1640 ) ;
#2309 = SURFACE_SIDE_STYLE ('',( #3370 ) ) ;
#2310 = ORIENTED_EDGE ( 'NONE', *, *, #968, .F. ) ;
#2311 = PRESENTATION_STYLE_ASSIGNMENT (( #632 ) ) ;
#2312 = EDGE_CURVE ( 'NONE', #3094, #1993, #2688, .T. ) ;
#2313 = DIRECTION ( 'NONE',  ( 0.0000000000000000000, 1.000000000000000000, -0.0000000000000000000 ) ) ;
#2314 = DIRECTION ( 'NONE',  ( 1.000000000000000000, -0.0000000000000000000, 0.0000000000000000000 ) ) ;
#2315 = LINE ( 'NONE', #3135, #3236 ) ;
#2316 = DIRECTION ( 'NONE',  ( 0.0000000000000000000, 1.000000000000000000, 0.0000000000000000000 ) ) ;
#2317 = DIRECTION ( 'NONE',  ( 0.0000000000000000000, 1.000000000000000000, 0.0000000000000000000 ) ) ;
#2318 =( LENGTH_UNIT ( ) NAMED_UNIT ( * ) SI_UNIT ( .MILLI., .METRE. ) );
#2319 = CARTESIAN_POINT ( 'NONE',  ( 0.0000000000000000000, 0.1000000000000000056, 0.0000000000000000000 ) ) ;
#2320 =( NAMED_UNIT ( * ) PLANE_ANGLE_UNIT ( ) SI_UNIT ( $, .RADIAN. ) );
#2321 = CARTESIAN_POINT ( 'NONE',  ( 0.4949999999999992184, 0.0000000000000000000, 0.0000000000000000000 ) ) ;
#2322 = DIRECTION ( 'NONE',  ( 0.0000000000000000000, 0.0000000000000000000, 1.000000000000000000 ) ) ;
#2323 = FACE_OUTER_BOUND ( 'NONE', #8784, .T. ) ;
#2324 = ORIENTED_EDGE ( 'NONE', *, *, #5466, .T. ) ;
#2325 = VERTEX_POINT ( 'NONE', #7384 ) ;
#2326 = EDGE_CURVE ( 'NONE', #10647, #4813, #2985, .T. ) ;
#2327 = COLOUR_RGB ( '',1.000000000000000000, 1.000000000000000000, 1.000000000000000000 ) ;
#2328 = SURFACE_SIDE_STYLE ('',( #12264 ) ) ;
#2329 =( LENGTH_UNIT ( ) NAMED_UNIT ( * ) SI_UNIT ( .MILLI., .METRE. ) );
#2330 = STYLED_ITEM ( 'NONE', ( #11909 ), #8767 ) ;
#2331 = SURFACE_SIDE_STYLE ('',( #11477 ) ) ;
#2332 = LINE ( 'NONE', #7331, #7289 ) ;
#2333 = CARTESIAN_POINT ( 'NONE',  ( -1.134999999999999787, -0.05000000000000000278, 1.649999999999999467 ) ) ;
#2334 = CARTESIAN_POINT ( 'NONE',  ( -1.162759967184092247, 0.1000000000000000056, -1.277681107331943622 ) ) ;
#2335 =( NAMED_UNIT ( * ) SI_UNIT ( $, .STERADIAN. ) SOLID_ANGLE_UNIT ( ) );
#2336 = CARTESIAN_POINT ( 'NONE',  ( 0.7590647362923303998, -0.05000000000000000278, 1.375493264616636457 ) ) ;
#2337 = DIRECTION ( 'NONE',  ( 0.0000000000000000000, -1.000000000000000000, 0.0000000000000000000 ) ) ;
#2338 = CARTESIAN_POINT ( 'NONE',  ( 1.162759967184092247, 0.1000000000000000056, -1.416874574924349872 ) ) ;
#2339 = ORIENTED_EDGE ( 'NONE', *, *, #466, .T. ) ;
#2340 = FACE_OUTER_BOUND ( 'NONE', #2136, .T. ) ;
#2341 = LINE ( 'NONE', #6424, #12092 ) ;
#2342 =( GEOMETRIC_REPRESENTATION_CONTEXT ( 3 ) GLOBAL_UNCERTAINTY_ASSIGNED_CONTEXT ( ( #4906 ) ) GLOBAL_UNIT_ASSIGNED_CONTEXT ( ( #6581, #645, #7591 ) ) REPRESENTATION_CONTEXT ( 'NONE', 'WORKASPACE' ) );
#2343 =( LENGTH_UNIT ( ) NAMED_UNIT ( * ) SI_UNIT ( .MILLI., .METRE. ) );
#2344 = STYLED_ITEM ( 'NONE', ( #10607 ), #4540 ) ;
#2345 = DIRECTION ( 'NONE',  ( 1.000000000000000000, -0.0000000000000000000, 0.0000000000000000000 ) ) ;
#2346 = VECTOR ( 'NONE', #9348, 1000.000000000000000 ) ;
#2347 = VECTOR ( 'NONE', #4961, 1000.000000000000000 ) ;
#2348 = DIRECTION ( 'NONE',  ( 0.0000000000000000000, 1.000000000000000000, 0.0000000000000000000 ) ) ;
#2349 =( LENGTH_UNIT ( ) NAMED_UNIT ( * ) SI_UNIT ( .MILLI., .METRE. ) );
#2350 = LINE ( 'NONE', #11006, #5011 ) ;
#2351 = ADVANCED_FACE ( 'NONE', ( #10570 ), #5872, .T. ) ;
#2352 = FILL_AREA_STYLE_COLOUR ( '', #10002 ) ;
#2353 = VECTOR ( 'NONE', #8647, 1000.000000000000000 ) ;
#2354 = UNCERTAINTY_MEASURE_WITH_UNIT (LENGTH_MEASURE( 1.000000000000000082E-05 ), #2363, 'distance_accuracy_value', 'NONE');
#2355 =( LENGTH_UNIT ( ) NAMED_UNIT ( * ) SI_UNIT ( .MILLI., .METRE. ) );
#2356 = VERTEX_POINT ( 'NONE', #155 ) ;
#2357 = COLOUR_RGB ( '',1.000000000000000000, 1.000000000000000000, 1.000000000000000000 ) ;
#2358 = ORIENTED_EDGE ( 'NONE', *, *, #5339, .T. ) ;
#2359 = DIRECTION ( 'NONE',  ( 0.0000000000000000000, 0.0000000000000000000, 1.000000000000000000 ) ) ;
#2360 = AXIS2_PLACEMENT_3D ( 'NONE', #7992, #2073, #8972 ) ;
#2361 = DIRECTION ( 'NONE',  ( 0.0000000000000000000, 1.000000000000000000, 0.0000000000000000000 ) ) ;
#2362 = AXIS2_PLACEMENT_3D ( 'NONE', #4908, #11794, #5891 ) ;
#2363 =( LENGTH_UNIT ( ) NAMED_UNIT ( * ) SI_UNIT ( .MILLI., .METRE. ) );
#2365 = EDGE_CURVE ( 'NONE', #302, #6621, #9328, .T. ) ;
#2364 = DIRECTION ( 'NONE',  ( 0.0000000000000000000, 1.000000000000000000, -0.0000000000000000000 ) ) ;
#2366 = SURFACE_SIDE_STYLE ('',( #12031 ) ) ;
#2367 = SURFACE_SIDE_STYLE ('',( #9662 ) ) ;
#2368 = EDGE_CURVE ( 'NONE', #12042, #11084, #6697, .T. ) ;
#2369 = DIRECTION ( 'NONE',  ( 0.0000000000000000000, 1.000000000000000000, -0.0000000000000000000 ) ) ;
#2370 = CYLINDRICAL_SURFACE ( 'NONE', #4695, 0.03338112451568553407 ) ;
#2371 = PLANE ( 'NONE',  #6952 ) ;
#2372 = STYLED_ITEM ( 'NONE', ( #7750 ), #6385 ) ;
#2373 = DIRECTION ( 'NONE',  ( 0.0000000000000000000, 0.0000000000000000000, 1.000000000000000000 ) ) ;
#2374 = ORIENTED_EDGE ( 'NONE', *, *, #687, .T. ) ;
#2375 = UNCERTAINTY_MEASURE_WITH_UNIT (LENGTH_MEASURE( 1.000000000000000082E-05 ), #11506, 'distance_accuracy_value', 'NONE');
#2376 = ORIENTED_EDGE ( 'NONE', *, *, #1552, .T. ) ;
#2377 = SURFACE_SIDE_STYLE ('',( #7935 ) ) ;
#2378 =( LENGTH_UNIT ( ) NAMED_UNIT ( * ) SI_UNIT ( .MILLI., .METRE. ) );
#2379 = DIRECTION ( 'NONE',  ( 1.000000000000000000, -0.0000000000000000000, 0.0000000000000000000 ) ) ;
#2380 = DIRECTION ( 'NONE',  ( 1.000000000000000000, -0.0000000000000000000, 0.0000000000000000000 ) ) ;
#2381 = CARTESIAN_POINT ( 'NONE',  ( -0.4949999999999992184, 0.1000000000000000056, 1.500000000000000000 ) ) ;
#2382 =( NAMED_UNIT ( * ) SI_UNIT ( $, .STERADIAN. ) SOLID_ANGLE_UNIT ( ) );
#2383 = ORIENTED_EDGE ( 'NONE', *, *, #11879, .T. ) ;
#2384 = PRESENTATION_LAYER_ASSIGNMENT (  '', '', ( #1029 ) ) ;
#2385 = ORIENTED_EDGE ( 'NONE', *, *, #10807, .F. ) ;
#2386 =( GEOMETRIC_REPRESENTATION_CONTEXT ( 3 ) GLOBAL_UNCERTAINTY_ASSIGNED_CONTEXT ( ( #11944 ) ) GLOBAL_UNIT_ASSIGNED_CONTEXT ( ( #5045, #11924, #6019 ) ) REPRESENTATION_CONTEXT ( 'NONE', 'WORKASPACE' ) );
#2387 = CARTESIAN_POINT ( 'NONE',  ( 0.1372400328159084637, -0.05000000000000000278, -1.277681107331943622 ) ) ;
#2388 = FILL_AREA_STYLE_COLOUR ( '', #5380 ) ;
#2389 = DIRECTION ( 'NONE',  ( 0.0000000000000000000, 1.000000000000000000, -0.0000000000000000000 ) ) ;
#2390 = ORIENTED_EDGE ( 'NONE', *, *, #5041, .F. ) ;
#2391 = VECTOR ( 'NONE', #4386, 1000.000000000000000 ) ;
#2392 = EDGE_LOOP ( 'NONE', ( #10209, #10532, #10986, #11609 ) ) ;
#2393 = CARTESIAN_POINT ( 'NONE',  ( 1.389381878823499061, 0.7190808995376545276, 1.191219160478732997 ) ) ;
#2394 = PRESENTATION_LAYER_ASSIGNMENT (  '', '', ( #1054 ) ) ;
#2395 = SURFACE_STYLE_USAGE ( .BOTH. , #2409 ) ;
#2396 = VECTOR ( 'NONE', #6161, 1000.000000000000000 ) ;
#2397 = VERTEX_POINT ( 'NONE', #6954 ) ;
#2398 = CARTESIAN_POINT ( 'NONE',  ( -1.540045451220497963, -0.05000000000000000278, -0.1083811245156857395 ) ) ;
#2399 = DIRECTION ( 'NONE',  ( 0.0000000000000000000, 0.0000000000000000000, 1.000000000000000000 ) ) ;
#2400 = CARTESIAN_POINT ( 'NONE',  ( 1.257124604555293734, 0.1000000000000000056, 0.1623686072350682963 ) ) ;
#2401 = MECHANICAL_DESIGN_GEOMETRIC_PRESENTATION_REPRESENTATION (  '', ( #384 ), #3051 ) ;
#2402 = SURFACE_STYLE_USAGE ( .BOTH. , #2367 ) ;
#2403 = DIRECTION ( 'NONE',  ( 1.000000000000000000, -0.0000000000000000000, 0.0000000000000000000 ) ) ;
#2404 = DIRECTION ( 'NONE',  ( 0.0000000000000000000, 0.0000000000000000000, 1.000000000000000000 ) ) ;
#2405 = ADVANCED_FACE ( 'NONE', ( #11640 ), #2817, .F. ) ;
#2406 = LINE ( 'NONE', #4302, #5058 ) ;
#2407 = FILL_AREA_STYLE ('',( #8335 ) ) ;
#2408 = VERTEX_POINT ( 'NONE', #2237 ) ;
#2409 = SURFACE_SIDE_STYLE ('',( #2927 ) ) ;
#2410 = EDGE_CURVE ( 'NONE', #10824, #2308, #5483, .T. ) ;
#2411 = CARTESIAN_POINT ( 'NONE',  ( 0.0000000000000000000, 0.1000000000000000056, -1.199999999999999289 ) ) ;
#2412 = AXIS2_PLACEMENT_3D ( 'NONE', #8581, #2661, #9570 ) ;
#2413 =( NAMED_UNIT ( * ) PLANE_ANGLE_UNIT ( ) SI_UNIT ( $, .RADIAN. ) );
#2414 = DIRECTION ( 'NONE',  ( -1.000000000000000000, 0.0000000000000000000, 0.0000000000000000000 ) ) ;
#2415 =( NAMED_UNIT ( * ) SI_UNIT ( $, .STERADIAN. ) SOLID_ANGLE_UNIT ( ) );
#2416 = STYLED_ITEM ( 'NONE', ( #2879 ), #9415 ) ;
#2417 = ORIENTED_EDGE ( 'NONE', *, *, #10061, .T. ) ;
#2418 = ADVANCED_FACE ( 'NONE', ( #10712, #10412 ), #45, .T. ) ;
#2419 = UNCERTAINTY_MEASURE_WITH_UNIT (LENGTH_MEASURE( 1.000000000000000082E-05 ), #8074, 'distance_accuracy_value', 'NONE');
#2420 = DIRECTION ( 'NONE',  ( 0.0000000000000000000, 0.0000000000000000000, -1.000000000000000000 ) ) ;
#2421 = CARTESIAN_POINT ( 'NONE',  ( 1.197916575926319283, 0.1000000000000000056, 0.1623686072350682963 ) ) ;
#2422 = DIRECTION ( 'NONE',  ( 1.000000000000000000, 0.0000000000000000000, -0.0000000000000000000 ) ) ;
#2423 = CARTESIAN_POINT ( 'NONE',  ( 0.0000000000000000000, 0.1000000000000000056, 1.649999999999999467 ) ) ;
#2424 = LINE ( 'NONE', #3637, #9983 ) ;
#2425 = PRESENTATION_STYLE_ASSIGNMENT (( #10066 ) ) ;
#2426 = ORIENTED_EDGE ( 'NONE', *, *, #9115, .F. ) ;
#2428 = ORIENTED_EDGE ( 'NONE', *, *, #4963, .F. ) ;
#2427 = PRESENTATION_LAYER_ASSIGNMENT (  '', '', ( #1763 ) ) ;
#2429 = VECTOR ( 'NONE', #10769, 1000.000000000000000 ) ;
#2430 = VERTEX_POINT ( 'NONE', #7198 ) ;
#2431 =( NAMED_UNIT ( * ) SI_UNIT ( $, .STERADIAN. ) SOLID_ANGLE_UNIT ( ) );
#2432 =( NAMED_UNIT ( * ) PLANE_ANGLE_UNIT ( ) SI_UNIT ( $, .RADIAN. ) );
#2433 = AXIS2_PLACEMENT_3D ( 'NONE', #3112, #10029, #4125 ) ;
#2434 = LINE ( 'NONE', #563, #9990 ) ;
#2435 = CARTESIAN_POINT ( 'NONE',  ( -0.7406944999838511734, 0.0000000000000000000, 1.249999999999999112 ) ) ;
#2436 = PRESENTATION_STYLE_ASSIGNMENT (( #8019 ) ) ;
#2437 = UNCERTAINTY_MEASURE_WITH_UNIT (LENGTH_MEASURE( 1.000000000000000082E-05 ), #3165, 'distance_accuracy_value', 'NONE');
#2438 = ORIENTED_EDGE ( 'NONE', *, *, #3680, .F. ) ;
#2439 = DIRECTION ( 'NONE',  ( 0.0000000000000000000, -1.000000000000000000, 0.0000000000000000000 ) ) ;
#2440 = SURFACE_STYLE_FILL_AREA ( #3338 ) ;
#2441 = VERTEX_POINT ( 'NONE', #8190 ) ;
#2442 = PRESENTATION_STYLE_ASSIGNMENT (( #7754 ) ) ;
#2443 = DIRECTION ( 'NONE',  ( 0.0000000000000000000, 0.0000000000000000000, 1.000000000000000000 ) ) ;
#2444 = ORIENTED_EDGE ( 'NONE', *, *, #6514, .F. ) ;
#2445 = FILL_AREA_STYLE ('',( #1498 ) ) ;
#2446 = CARTESIAN_POINT ( 'NONE',  ( 0.1372400328159084637, 0.0000000000000000000, -0.0000000000000000000 ) ) ;
#2447 = EDGE_LOOP ( 'NONE', ( #12479, #7915, #9185, #11788 ) ) ;
#2448 = FILL_AREA_STYLE ('',( #10850 ) ) ;
#2449 =( GEOMETRIC_REPRESENTATION_CONTEXT ( 3 ) GLOBAL_UNCERTAINTY_ASSIGNED_CONTEXT ( ( #3559 ) ) GLOBAL_UNIT_ASSIGNED_CONTEXT ( ( #1413, #11341, #11976 ) ) REPRESENTATION_CONTEXT ( 'NONE', 'WORKASPACE' ) );
#2450 = ORIENTED_EDGE ( 'NONE', *, *, #9168, .F. ) ;
#2451 = COLOUR_RGB ( '',0.2509803921568627416, 0.2509803921568627416, 0.2509803921568627416 ) ;
#2452 = CARTESIAN_POINT ( 'NONE',  ( 0.1650000000000009237, -0.05000000000000000278, 1.375493264616636679 ) ) ;
#2453 = FACE_OUTER_BOUND ( 'NONE', #3369, .T. ) ;
#2454 =( NAMED_UNIT ( * ) PLANE_ANGLE_UNIT ( ) SI_UNIT ( $, .RADIAN. ) );
#2455 = AXIS2_PLACEMENT_3D ( 'NONE', #9525, #8201, #7206 ) ;
#2456 = FILL_AREA_STYLE ('',( #2737 ) ) ;
#2457 = ORIENTED_EDGE ( 'NONE', *, *, #3626, .T. ) ;
#2458 = LINE ( 'NONE', #7901, #7407 ) ;
#2459 = EDGE_CURVE ( 'NONE', #9404, #8007, #9481, .T. ) ;
#2460 = LINE ( 'NONE', #795, #12652 ) ;
#2461 = ORIENTED_EDGE ( 'NONE', *, *, #9418, .F. ) ;
#2462 = PRESENTATION_LAYER_ASSIGNMENT (  '', '', ( #1113 ) ) ;
#2463 = CARTESIAN_POINT ( 'NONE',  ( 1.162759967184092247, 0.0000000000000000000, -1.277681107331943622 ) ) ;
#2464 = CARTESIAN_POINT ( 'NONE',  ( 0.8189977282522473701, 0.1000000000000000056, -1.199999999999999289 ) ) ;
#2465 =( LENGTH_UNIT ( ) NAMED_UNIT ( * ) SI_UNIT ( .MILLI., .METRE. ) );
#2466 = CARTESIAN_POINT ( 'NONE',  ( 0.8189977282522473701, -0.05000000000000000278, -1.277681107331943622 ) ) ;
#2467 = VERTEX_POINT ( 'NONE', #5188 ) ;
#2468 = ORIENTED_EDGE ( 'NONE', *, *, #9455, .F. ) ;
#2469 = CARTESIAN_POINT ( 'NONE',  ( 1.507075080061872185, 0.0000000000000000000, 0.1031605786060936225 ) ) ;
#2470 =( NAMED_UNIT ( * ) PLANE_ANGLE_UNIT ( ) SI_UNIT ( $, .RADIAN. ) );
#2471 = VERTEX_POINT ( 'NONE', #7159 ) ;
#2473 = EDGE_LOOP ( 'NONE', ( #5784, #5294, #9471, #7245 ) ) ;
#2472 = DIRECTION ( 'NONE',  ( 0.0000000000000000000, 1.000000000000000000, 0.0000000000000000000 ) ) ;
#2474 = AXIS2_PLACEMENT_3D ( 'NONE', #1478, #4405, #10289 ) ;
#2475 = AXIS2_PLACEMENT_3D ( 'NONE', #67, #7031, #1076 ) ;
#2476 = PLANE ( 'NONE',  #8822 ) ;
#2477 = EDGE_CURVE ( 'NONE', #12139, #7279, #6861, .T. ) ;
#2478 = VECTOR ( 'NONE', #1014, 1000.000000000000000 ) ;
#2479 = SURFACE_STYLE_USAGE ( .BOTH. , #8404 ) ;
#2480 =( LENGTH_UNIT ( ) NAMED_UNIT ( * ) SI_UNIT ( .MILLI., .METRE. ) );
#2481 = AXIS2_PLACEMENT_3D ( 'NONE', #6991, #3907, #2859 ) ;
#2482 = COLOUR_RGB ( '',0.2509803921568627416, 0.2509803921568627416, 0.2509803921568627416 ) ;
#2483 = AXIS2_PLACEMENT_3D ( 'NONE', #10128, #4239, #11131 ) ;
#2484 = VERTEX_POINT ( 'NONE', #6039 ) ;
#2485 = CARTESIAN_POINT ( 'NONE',  ( 1.171933149074798175, -0.05000000000000000278, 0.2000076143446563315 ) ) ;
#2486 = ORIENTED_EDGE ( 'NONE', *, *, #9358, .F. ) ;
#2487 = ORIENTED_EDGE ( 'NONE', *, *, #4992, .T. ) ;
#2488 = ADVANCED_FACE ( 'NONE', ( #9162 ), #5625, .T. ) ;
#2489 = CARTESIAN_POINT ( 'NONE',  ( 1.135000000000004894, 0.1000000000000000056, -2.485305147012454610E-14 ) ) ;
#2490 = CARTESIAN_POINT ( 'NONE',  ( 0.7912377610681550211, -0.05000000000000000278, 0.0000000000000000000 ) ) ;
#2492 = ADVANCED_FACE ( 'NONE', ( #643 ), #11786, .F. ) ;
#2491 = DIRECTION ( 'NONE',  ( 0.0000000000000000000, -1.000000000000000000, 0.0000000000000000000 ) ) ;
#2493 = SURFACE_STYLE_USAGE ( .BOTH. , #8413 ) ;
#2494 =( NAMED_UNIT ( * ) SI_UNIT ( $, .STERADIAN. ) SOLID_ANGLE_UNIT ( ) );
#2495 = COLOUR_RGB ( '',1.000000000000000000, 1.000000000000000000, 1.000000000000000000 ) ;
#2496 = PRESENTATION_LAYER_ASSIGNMENT (  '', '', ( #1142 ) ) ;
#2497 = EDGE_LOOP ( 'NONE', ( #2647, #2954, #3706, #4022 ) ) ;
#2498 = EDGE_CURVE ( 'NONE', #3203, #8541, #4711, .T. ) ;
#2499 = DIRECTION ( 'NONE',  ( 1.000000000000000000, -0.0000000000000000000, 0.0000000000000000000 ) ) ;
#2500 = EDGE_CURVE ( 'NONE', #4269, #871, #12571, .T. ) ;
#2501 = MECHANICAL_DESIGN_GEOMETRIC_PRESENTATION_REPRESENTATION (  '', ( #486 ), #3143 ) ;
#2502 = COLOUR_RGB ( '',1.000000000000000000, 1.000000000000000000, 1.000000000000000000 ) ;
#2503 = SURFACE_STYLE_FILL_AREA ( #7657 ) ;
#2504 = CARTESIAN_POINT ( 'NONE',  ( -0.8189977282522473701, -0.05000000000000000278, -1.277681107331943622 ) ) ;
#2505 = CARTESIAN_POINT ( 'NONE',  ( 1.599999999999999645, 0.1000000000000000056, -0.07500000000000017764 ) ) ;
#2506 = VERTEX_POINT ( 'NONE', #10968 ) ;
#2507 = AXIS2_PLACEMENT_3D ( 'NONE', #4263, #11150, #5271 ) ;
#2508 = FACE_OUTER_BOUND ( 'NONE', #10813, .T. ) ;
#2509 =( GEOMETRIC_REPRESENTATION_CONTEXT ( 3 ) GLOBAL_UNCERTAINTY_ASSIGNED_CONTEXT ( ( #3636 ) ) GLOBAL_UNIT_ASSIGNED_CONTEXT ( ( #10156, #4265, #11153 ) ) REPRESENTATION_CONTEXT ( 'NONE', 'WORKASPACE' ) );
#2510 = VECTOR ( 'NONE', #11664, 1000.000000000000000 ) ;
#2511 = UNCERTAINTY_MEASURE_WITH_UNIT (LENGTH_MEASURE( 1.000000000000000082E-05 ), #2232, 'distance_accuracy_value', 'NONE');
#2512 = DIRECTION ( 'NONE',  ( -1.000000000000000000, 0.0000000000000000000, -0.0000000000000000000 ) ) ;
#2513 = VERTEX_POINT ( 'NONE', #3757 ) ;
#2514 = VERTEX_POINT ( 'NONE', #12133 ) ;
#2515 = CARTESIAN_POINT ( 'NONE',  ( 0.0000000000000000000, 0.1000000000000000056, -1.416874574924349872 ) ) ;
#2516 = ORIENTED_EDGE ( 'NONE', *, *, #6344, .T. ) ;
#2517 = ORIENTED_EDGE ( 'NONE', *, *, #6193, .F. ) ;
#2518 = EDGE_LOOP ( 'NONE', ( #8483, #7871, #8369, #7394 ) ) ;
#2519 = VERTEX_POINT ( 'NONE', #3660 ) ;
#2520 = SURFACE_STYLE_USAGE ( .BOTH. , #8444 ) ;
#2521 =( LENGTH_UNIT ( ) NAMED_UNIT ( * ) SI_UNIT ( .MILLI., .METRE. ) );
#2522 = VERTEX_POINT ( 'NONE', #4945 ) ;
#2523 = UNCERTAINTY_MEASURE_WITH_UNIT (LENGTH_MEASURE( 1.000000000000000082E-05 ), #1575, 'distance_accuracy_value', 'NONE');
#2524 = PLANE ( 'NONE',  #7508 ) ;
#2525 = AXIS2_PLACEMENT_3D ( 'NONE', #5606, #12495, #10554 ) ;
#2527 = EDGE_CURVE ( 'NONE', #4625, #10059, #2065, .T. ) ;
#2526 = FILL_AREA_STYLE_COLOUR ( '', #7845 ) ;
#2528 = EDGE_CURVE ( 'NONE', #1922, #3828, #7012, .T. ) ;
#2529 = CARTESIAN_POINT ( 'NONE',  ( 0.7660883464570584778, 0.1000000000000000056, 1.320000718934352335 ) ) ;
#2530 = ADVANCED_FACE ( 'NONE', ( #9628 ), #8980, .T. ) ;
#2531 = ORIENTED_EDGE ( 'NONE', *, *, #12624, .T. ) ;
#2532 = COLOUR_RGB ( '',1.000000000000000000, 1.000000000000000000, 1.000000000000000000 ) ;
#2533 = PLANE ( 'NONE',  #3624 ) ;
#2534 = EDGE_CURVE ( 'NONE', #7674, #240, #6079, .T. ) ;
#2535 = DIRECTION ( 'NONE',  ( 0.0000000000000000000, 0.0000000000000000000, 1.000000000000000000 ) ) ;
#2536 = ORIENTED_EDGE ( 'NONE', *, *, #12546, .F. ) ;
#2537 = SURFACE_STYLE_FILL_AREA ( #2771 ) ;
#2538 = FACE_OUTER_BOUND ( 'NONE', #4072, .T. ) ;
#2539 = CARTESIAN_POINT ( 'NONE',  ( -0.8189977282522473701, 0.1000000000000000056, 0.0000000000000000000 ) ) ;
#2540 =( NAMED_UNIT ( * ) PLANE_ANGLE_UNIT ( ) SI_UNIT ( $, .RADIAN. ) );
#2541 = ORIENTED_EDGE ( 'NONE', *, *, #2898, .F. ) ;
#2542 = FILL_AREA_STYLE ('',( #3311 ) ) ;
#2543 = PRESENTATION_LAYER_ASSIGNMENT (  '', '', ( #1210 ) ) ;
#2544 =( LENGTH_UNIT ( ) NAMED_UNIT ( * ) SI_UNIT ( .MILLI., .METRE. ) );
#2545 = ADVANCED_FACE ( 'NONE', ( #791 ), #9189, .T. ) ;
#2546 = AXIS2_PLACEMENT_3D ( 'NONE', #9187, #3277, #10189 ) ;
#2547 = EDGE_CURVE ( 'NONE', #12797, #2887, #10079, .T. ) ;
#2548 = EDGE_LOOP ( 'NONE', ( #8826, #9279, #9604, #10035 ) ) ;
#2549 = FILL_AREA_STYLE_COLOUR ( '', #11980 ) ;
#2550 = COLOUR_RGB ( '',1.000000000000000000, 1.000000000000000000, 1.000000000000000000 ) ;
#2551 = PRESENTATION_LAYER_ASSIGNMENT (  '', '', ( #1218 ) ) ;
#2552 = DIRECTION ( 'NONE',  ( 0.0000000000000000000, 0.0000000000000000000, 1.000000000000000000 ) ) ;
#2553 = DIRECTION ( 'NONE',  ( 0.0000000000000000000, 1.000000000000000000, 0.0000000000000000000 ) ) ;
#2554 = DIRECTION ( 'NONE',  ( 0.0000000000000000000, 0.0000000000000000000, 1.000000000000000000 ) ) ;
#2555 = EDGE_CURVE ( 'NONE', #11906, #11358, #5165, .T. ) ;
#2556 = COLOUR_RGB ( '',0.2509803921568627416, 0.2509803921568627416, 0.2509803921568627416 ) ;
#2557 = ORIENTED_EDGE ( 'NONE', *, *, #10330, .F. ) ;
#2558 = COLOUR_RGB ( '',1.000000000000000000, 1.000000000000000000, 1.000000000000000000 ) ;
#2559 =( NAMED_UNIT ( * ) SI_UNIT ( $, .STERADIAN. ) SOLID_ANGLE_UNIT ( ) );
#2560 = FILL_AREA_STYLE ('',( #5512 ) ) ;
#2561 = LINE ( 'NONE', #7783, #1945 ) ;
#2562 = CARTESIAN_POINT ( 'NONE',  ( 0.0000000000000000000, -0.05000000000000000278, -1.277681107331943622 ) ) ;
#2563 = DIRECTION ( 'NONE',  ( 0.0000000000000000000, 1.000000000000000000, -0.0000000000000000000 ) ) ;
#2564 = EDGE_CURVE ( 'NONE', #11956, #12173, #12700, .T. ) ;
#2565 = FILL_AREA_STYLE ('',( #7503 ) ) ;
#2566 = VECTOR ( 'NONE', #6198, 1000.000000000000000 ) ;
#2567 = ORIENTED_EDGE ( 'NONE', *, *, #6261, .T. ) ;
#2568 = DIRECTION ( 'NONE',  ( 0.0000000000000000000, 0.0000000000000000000, -1.000000000000000000 ) ) ;
#2569 = CARTESIAN_POINT ( 'NONE',  ( 0.1160883464570598989, -0.05000000000000000278, 0.0000000000000000000 ) ) ;
#2570 = STYLED_ITEM ( 'NONE', ( #8064 ), #8652 ) ;
#2571 =( LENGTH_UNIT ( ) NAMED_UNIT ( * ) SI_UNIT ( .MILLI., .METRE. ) );
#2572 = PRESENTATION_STYLE_ASSIGNMENT (( #1120 ) ) ;
#2573 = SURFACE_STYLE_USAGE ( .BOTH. , #1795 ) ;
#2574 = VECTOR ( 'NONE', #11419, 1000.000000000000000 ) ;
#2575 = CARTESIAN_POINT ( 'NONE',  ( 1.162759967184092247, 0.0000000000000000000, 0.0000000000000000000 ) ) ;
#2576 = COLOUR_RGB ( '',1.000000000000000000, 1.000000000000000000, 1.000000000000000000 ) ;
#2577 = CYLINDRICAL_SURFACE ( 'NONE', #8557, 0.1000000000000000472 ) ;
#2578 = DIRECTION ( 'NONE',  ( 0.0000000000000000000, 1.000000000000000000, 0.0000000000000000000 ) ) ;
#2579 = ORIENTED_EDGE ( 'NONE', *, *, #12178, .F. ) ;
#2580 = COLOUR_RGB ( '',1.000000000000000000, 1.000000000000000000, 1.000000000000000000 ) ;
#2581 = STYLED_ITEM ( 'NONE', ( #12740 ), #11297 ) ;
#2582 = EDGE_CURVE ( 'NONE', #287, #5656, #7471, .T. ) ;
#2583 = UNCERTAINTY_MEASURE_WITH_UNIT (LENGTH_MEASURE( 1.000000000000000082E-05 ), #4752, 'distance_accuracy_value', 'NONE');
#2584 = MECHANICAL_DESIGN_GEOMETRIC_PRESENTATION_REPRESENTATION (  '', ( #574 ), #3247 ) ;
#2585 = FILL_AREA_STYLE_COLOUR ( '', #8582 ) ;
#2586 = DIRECTION ( 'NONE',  ( 0.0000000000000000000, 0.0000000000000000000, 1.000000000000000000 ) ) ;
#2587 = ORIENTED_EDGE ( 'NONE', *, *, #7516, .F. ) ;
#2588 = ORIENTED_EDGE ( 'NONE', *, *, #6541, .F. ) ;
#2589 = VECTOR ( 'NONE', #1959, 1000.000000000000000 ) ;
#2590 = ORIENTED_EDGE ( 'NONE', *, *, #7175, .T. ) ;
#2591 = FACE_OUTER_BOUND ( 'NONE', #11542, .T. ) ;
#2592 = DIRECTION ( 'NONE',  ( -1.000000000000000000, 0.0000000000000000000, 0.0000000000000000000 ) ) ;
#2593 = VERTEX_POINT ( 'NONE', #7500 ) ;
#2594 = DIRECTION ( 'NONE',  ( 1.000000000000000000, -0.0000000000000000000, 0.0000000000000000000 ) ) ;
#2595 = CARTESIAN_POINT ( 'NONE',  ( -0.5439116535429402433, -0.05000000000000000278, 0.0000000000000000000 ) ) ;
#2596 = FACE_OUTER_BOUND ( 'NONE', #171, .T. ) ;
#2597 = VECTOR ( 'NONE', #1460, 1000.000000000000000 ) ;
#2598 = CARTESIAN_POINT ( 'NONE',  ( 0.1650000000000009237, -0.05000000000000000278, 0.0000000000000000000 ) ) ;
#2599 = SURFACE_STYLE_FILL_AREA ( #12122 ) ;
#2600 = LINE ( 'NONE', #12385, #3210 ) ;
#2601 = VECTOR ( 'NONE', #1726, 1000.000000000000000 ) ;
#2602 = UNCERTAINTY_MEASURE_WITH_UNIT (LENGTH_MEASURE( 1.000000000000000082E-05 ), #3255, 'distance_accuracy_value', 'NONE');
#2603 = VERTEX_POINT ( 'NONE', #7891 ) ;
#2604 = EDGE_LOOP ( 'NONE', ( #2700, #7494, #814, #7037 ) ) ;
#2605 = AXIS2_PLACEMENT_3D ( 'NONE', #6768, #827, #7768 ) ;
#2606 = DIRECTION ( 'NONE',  ( -1.000000000000000000, 0.0000000000000000000, 0.0000000000000000000 ) ) ;
#2607 = FILL_AREA_STYLE ('',( #679 ) ) ;
#2608 = VERTEX_POINT ( 'NONE', #5732 ) ;
#2609 = EDGE_CURVE ( 'NONE', #11837, #8865, #12088, .T. ) ;
#2610 = EDGE_LOOP ( 'NONE', ( #3953, #10707, #3801, #7853, #2863, #1849, #8173, #11629, #7977, #4432 ) ) ;
#2611 = EDGE_CURVE ( 'NONE', #3681, #5644, #4564, .T. ) ;
#2612 = EDGE_LOOP ( 'NONE', ( #12654, #12825, #163, #213 ) ) ;
#2613 = AXIS2_PLACEMENT_3D ( 'NONE', #5766, #12660, #6741 ) ;
#2614 = VECTOR ( 'NONE', #10046, 1000.000000000000000 ) ;
#2615 = ADVANCED_FACE ( 'NONE', ( #1892 ), #12006, .T. ) ;
#2616 = FILL_AREA_STYLE_COLOUR ( '', #2558 ) ;
#2617 = DIRECTION ( 'NONE',  ( 0.0000000000000000000, -1.000000000000000000, 0.0000000000000000000 ) ) ;
#2618 = EDGE_LOOP ( 'NONE', ( #7241, #4888, #6409, #12170 ) ) ;
#2619 = PLANE ( 'NONE',  #12397 ) ;
#2620 = PLANE ( 'NONE',  #2655 ) ;
#2622 = ADVANCED_FACE ( 'NONE', ( #3596 ), #10187, .T. ) ;
#2621 =( NAMED_UNIT ( * ) SI_UNIT ( $, .STERADIAN. ) SOLID_ANGLE_UNIT ( ) );
#2623 = AXIS2_PLACEMENT_3D ( 'NONE', #6856, #6986, #7023 ) ;
#2624 = ORIENTED_EDGE ( 'NONE', *, *, #7464, .F. ) ;
#2625 = ORIENTED_EDGE ( 'NONE', *, *, #8086, .F. ) ;
#2626 = ORIENTED_EDGE ( 'NONE', *, *, #12099, .F. ) ;
#2627 =( LENGTH_UNIT ( ) NAMED_UNIT ( * ) SI_UNIT ( .MILLI., .METRE. ) );
#2628 = VECTOR ( 'NONE', #1893, 1000.000000000000000 ) ;
#2629 = ORIENTED_EDGE ( 'NONE', *, *, #4252, .T. ) ;
#2630 = MECHANICAL_DESIGN_GEOMETRIC_PRESENTATION_REPRESENTATION (  '', ( #620 ), #3286 ) ;
#2631 = CARTESIAN_POINT ( 'NONE',  ( -1.197916575926319283, -0.05000000000000000278, 0.2000076143446563315 ) ) ;
#2632 = DIRECTION ( 'NONE',  ( 0.0000000000000000000, 0.0000000000000000000, 1.000000000000000000 ) ) ;
#2633 = AXIS2_PLACEMENT_3D ( 'NONE', #12692, #6795, #843 ) ;
#2634 = ORIENTED_EDGE ( 'NONE', *, *, #8825, .F. ) ;
#2635 = SURFACE_STYLE_FILL_AREA ( #52 ) ;
#2636 = ORIENTED_EDGE ( 'NONE', *, *, #10409, .F. ) ;
#2637 = LINE ( 'NONE', #5981, #10214 ) ;
#2638 = ORIENTED_EDGE ( 'NONE', *, *, #1891, .T. ) ;
#2639 = CARTESIAN_POINT ( 'NONE',  ( -1.499999999999999778, 0.1499999999999999944, -1.301837281655233269 ) ) ;
#2640 =( NAMED_UNIT ( * ) PLANE_ANGLE_UNIT ( ) SI_UNIT ( $, .RADIAN. ) );
#2641 = LINE ( 'NONE', #7746, #10218 ) ;
#2642 = COLOUR_RGB ( '',1.000000000000000000, 1.000000000000000000, 1.000000000000000000 ) ;
#2643 = ORIENTED_EDGE ( 'NONE', *, *, #1009, .F. ) ;
#2644 = FILL_AREA_STYLE ('',( #11493 ) ) ;
#2645 = CARTESIAN_POINT ( 'NONE',  ( -0.8149999999999995026, 0.1000000000000000056, 1.375493264616636679 ) ) ;
#2646 = STYLED_ITEM ( 'NONE', ( #12609 ), #1461 ) ;
#2647 = ORIENTED_EDGE ( 'NONE', *, *, #8874, .F. ) ;
#2648 = EDGE_LOOP ( 'NONE', ( #1745, #1646, #1506, #1434 ) ) ;
#2649 = LINE ( 'NONE', #8071, #12834 ) ;
#2650 = MECHANICAL_DESIGN_GEOMETRIC_PRESENTATION_REPRESENTATION (  '', ( #634 ), #3303 ) ;
#2651 = PRESENTATION_LAYER_ASSIGNMENT (  '', '', ( #3304 ) ) ;
#2652 = CARTESIAN_POINT ( 'NONE',  ( -1.044003024146626046, 0.0000000000000000000, -0.4000099329729214226 ) ) ;
#2653 =( NAMED_UNIT ( * ) PLANE_ANGLE_UNIT ( ) SI_UNIT ( $, .RADIAN. ) );
#2654 = DIRECTION ( 'NONE',  ( 0.0000000000000000000, 1.000000000000000000, 0.0000000000000000000 ) ) ;
#2655 = AXIS2_PLACEMENT_3D ( 'NONE', #650, #7595, #1666 ) ;
#2656 = VECTOR ( 'NONE', #2104, 1000.000000000000000 ) ;
#2657 = VECTOR ( 'NONE', #2888, 1000.000000000000000 ) ;
#2658 = EDGE_LOOP ( 'NONE', ( #301, #746, #1235, #1418 ) ) ;
#2659 = PRESENTATION_STYLE_ASSIGNMENT (( #7340 ) ) ;
#2660 = DIRECTION ( 'NONE',  ( -0.0000000000000000000, 0.0000000000000000000, 1.000000000000000000 ) ) ;
#2661 = DIRECTION ( 'NONE',  ( 1.000000000000000000, 0.0000000000000000000, -0.0000000000000000000 ) ) ;
#2662 = DIRECTION ( 'NONE',  ( 0.0000000000000000000, -1.000000000000000000, 0.0000000000000000000 ) ) ;
#2663 = DIRECTION ( 'NONE',  ( 0.0000000000000000000, 0.0000000000000000000, 1.000000000000000000 ) ) ;
#2664 = FACE_OUTER_BOUND ( 'NONE', #12801, .T. ) ;
#2665 = VECTOR ( 'NONE', #2112, 1000.000000000000000 ) ;
#2666 =( GEOMETRIC_REPRESENTATION_CONTEXT ( 3 ) GLOBAL_UNCERTAINTY_ASSIGNED_CONTEXT ( ( #9068 ) ) GLOBAL_UNIT_ASSIGNED_CONTEXT ( ( #7055, #1108, #8053 ) ) REPRESENTATION_CONTEXT ( 'NONE', 'WORKASPACE' ) );
#2667 = EDGE_CURVE ( 'NONE', #12568, #9246, #9, .T. ) ;
#2668 = EDGE_CURVE ( 'NONE', #10420, #3025, #7621, .T. ) ;
#2669 = ORIENTED_EDGE ( 'NONE', *, *, #5223, .T. ) ;
#2670 = VECTOR ( 'NONE', #2606, 1000.000000000000000 ) ;
#2671 = VERTEX_POINT ( 'NONE', #10795 ) ;
#2672 = DIRECTION ( 'NONE',  ( 0.0000000000000000000, 0.0000000000000000000, 1.000000000000000000 ) ) ;
#2673 = STYLED_ITEM ( 'NONE', ( #4330 ), #9215 ) ;
#2674 = FILL_AREA_STYLE ('',( #7607 ) ) ;
#2675 = ORIENTED_EDGE ( 'NONE', *, *, #268, .F. ) ;
#2676 = DIRECTION ( 'NONE',  ( 0.0000000000000000000, 0.0000000000000000000, 1.000000000000000000 ) ) ;
#2677 = DIRECTION ( 'NONE',  ( 0.0000000000000000000, 0.0000000000000000000, 1.000000000000000000 ) ) ;
#2678 = DIRECTION ( 'NONE',  ( 0.0000000000000000000, -0.1908089953765452207, 0.9816271834476638647 ) ) ;
#2679 = CARTESIAN_POINT ( 'NONE',  ( 0.1650000000000009237, -0.05000000000000000278, 1.375493264616636679 ) ) ;
#2680 = UNCERTAINTY_MEASURE_WITH_UNIT (LENGTH_MEASURE( 1.000000000000000082E-05 ), #1865, 'distance_accuracy_value', 'NONE');
#2681 = EDGE_LOOP ( 'NONE', ( #12793, #10180, #4211, #11482 ) ) ;
#2682 =( GEOMETRIC_REPRESENTATION_CONTEXT ( 3 ) GLOBAL_UNCERTAINTY_ASSIGNED_CONTEXT ( ( #11213 ) ) GLOBAL_UNIT_ASSIGNED_CONTEXT ( ( #3979, #10893, #5006 ) ) REPRESENTATION_CONTEXT ( 'NONE', 'WORKASPACE' ) );
#2683 = AXIS2_PLACEMENT_3D ( 'NONE', #956, #7896, #1963 ) ;
#2684 =( NAMED_UNIT ( * ) SI_UNIT ( $, .STERADIAN. ) SOLID_ANGLE_UNIT ( ) );
#2685 = ORIENTED_EDGE ( 'NONE', *, *, #9776, .T. ) ;
#2686 = SURFACE_STYLE_FILL_AREA ( #458 ) ;
#2687 =( LENGTH_UNIT ( ) NAMED_UNIT ( * ) SI_UNIT ( .MILLI., .METRE. ) );
#2688 = LINE ( 'NONE', #2539, #30 ) ;
#2689 =( NAMED_UNIT ( * ) SI_UNIT ( $, .STERADIAN. ) SOLID_ANGLE_UNIT ( ) );
#2690 = VERTEX_POINT ( 'NONE', #1855 ) ;
#2691 = UNCERTAINTY_MEASURE_WITH_UNIT (LENGTH_MEASURE( 1.000000000000000082E-05 ), #11368, 'distance_accuracy_value', 'NONE');
#2692 =( GEOMETRIC_REPRESENTATION_CONTEXT ( 3 ) GLOBAL_UNCERTAINTY_ASSIGNED_CONTEXT ( ( #8238 ) ) GLOBAL_UNIT_ASSIGNED_CONTEXT ( ( #12113, #11813, #1165 ) ) REPRESENTATION_CONTEXT ( 'NONE', 'WORKASPACE' ) );
#2693 = EDGE_LOOP ( 'NONE', ( #3250, #2625, #2168, #1557 ) ) ;
#2694 = VECTOR ( 'NONE', #8993, 1000.000000000000000 ) ;
#2695 = CARTESIAN_POINT ( 'NONE',  ( -0.1060883464570583357, -0.05000000000000000278, 1.320000718934352335 ) ) ;
#2696 =( NAMED_UNIT ( * ) PLANE_ANGLE_UNIT ( ) SI_UNIT ( $, .RADIAN. ) );
#2697 = SURFACE_STYLE_USAGE ( .BOTH. , #3572 ) ;
#2698 = EDGE_CURVE ( 'NONE', #7268, #10871, #9922, .T. ) ;
#2699 = ORIENTED_EDGE ( 'NONE', *, *, #3892, .F. ) ;
#2700 = ORIENTED_EDGE ( 'NONE', *, *, #11691, .T. ) ;
#2701 = EDGE_CURVE ( 'NONE', #10953, #8100, #10241, .T. ) ;
#2702 = STYLED_ITEM ( 'NONE', ( #1388 ), #7007 ) ;
#2703 = DIRECTION ( 'NONE',  ( -0.0000000000000000000, 0.0000000000000000000, 1.000000000000000000 ) ) ;
#2704 = CIRCLE ( 'NONE', #6142, 0.05920802862897456276 ) ;
#2705 = VERTEX_POINT ( 'NONE', #11637 ) ;
#2706 = ORIENTED_EDGE ( 'NONE', *, *, #2203, .T. ) ;
#2707 = PLANE ( 'NONE',  #10800 ) ;
#2708 = PRESENTATION_STYLE_ASSIGNMENT (( #8898 ) ) ;
#2709 = CARTESIAN_POINT ( 'NONE',  ( 1.257124604555293956, -0.05000000000000000278, 0.1031605786060936225 ) ) ;
#2710 = LINE ( 'NONE', #10146, #7662 ) ;
#2711 = FILL_AREA_STYLE_COLOUR ( '', #11013 ) ;
#2712 = STYLED_ITEM ( 'NONE', ( #5873 ), #10064 ) ;
#2713 = AXIS2_PLACEMENT_3D ( 'NONE', #8108, #7804, #7672 ) ;
#2714 = EDGE_CURVE ( 'NONE', #9712, #5587, #5012, .T. ) ;
#2715 = VERTEX_POINT ( 'NONE', #9884 ) ;
#2716 = PLANE ( 'NONE',  #1880 ) ;
#2717 = AXIS2_PLACEMENT_3D ( 'NONE', #1046, #7995, #2074 ) ;
#2718 = FILL_AREA_STYLE ('',( #1731 ) ) ;
#2719 = CYLINDRICAL_SURFACE ( 'NONE', #2992, 0.03693314907479819387 ) ;
#2720 = SURFACE_STYLE_USAGE ( .BOTH. , #8660 ) ;
#2721 = VERTEX_POINT ( 'NONE', #756 ) ;
#2722 = SURFACE_STYLE_USAGE ( .BOTH. , #8661 ) ;
#2723 = PRESENTATION_STYLE_ASSIGNMENT (( #9248 ) ) ;
#2724 = PRESENTATION_STYLE_ASSIGNMENT (( #8843 ) ) ;
#2725 = COLOUR_RGB ( '',0.2509803921568627416, 0.2509803921568627416, 0.2509803921568627416 ) ;
#2726 = DIRECTION ( 'NONE',  ( 0.0000000000000000000, 1.000000000000000000, 0.0000000000000000000 ) ) ;
#2727 = EDGE_CURVE ( 'NONE', #12398, #8191, #6998, .T. ) ;
#2728 = DIRECTION ( 'NONE',  ( 0.0000000000000000000, 0.0000000000000000000, 1.000000000000000000 ) ) ;
#2729 = DIRECTION ( 'NONE',  ( 1.000000000000000000, -0.0000000000000000000, 0.0000000000000000000 ) ) ;
#2730 = DIRECTION ( 'NONE',  ( 0.0000000000000000000, 0.0000000000000000000, -1.000000000000000000 ) ) ;
#2731 = ORIENTED_EDGE ( 'NONE', *, *, #484, .T. ) ;
#2732 = AXIS2_PLACEMENT_3D ( 'NONE', #5709, #1719, #9668 ) ;
#2733 = ORIENTED_EDGE ( 'NONE', *, *, #7498, .F. ) ;
#2734 = LINE ( 'NONE', #856, #8010 ) ;
#2735 = UNCERTAINTY_MEASURE_WITH_UNIT (LENGTH_MEASURE( 1.000000000000000082E-05 ), #4289, 'distance_accuracy_value', 'NONE');
#2736 = VECTOR ( 'NONE', #10274, 1000.000000000000000 ) ;
#2737 = FILL_AREA_STYLE_COLOUR ( '', #6969 ) ;
#2738 = ORIENTED_EDGE ( 'NONE', *, *, #1782, .T. ) ;
#2739 = ORIENTED_EDGE ( 'NONE', *, *, #8436, .F. ) ;
#2740 = ORIENTED_EDGE ( 'NONE', *, *, #2368, .T. ) ;
#2741 = VECTOR ( 'NONE', #12737, 1000.000000000000000 ) ;
#2742 = ORIENTED_EDGE ( 'NONE', *, *, #803, .T. ) ;
#2743 = CARTESIAN_POINT ( 'NONE',  ( 1.257124604555293956, 0.1000000000000000056, 0.1031605786060936225 ) ) ;
#2744 = STYLED_ITEM ( 'NONE', ( #1294 ), #11731 ) ;
#2745 = MECHANICAL_DESIGN_GEOMETRIC_PRESENTATION_REPRESENTATION (  '', ( #748 ), #3425 ) ;
#2746 = PLANE ( 'NONE',  #3611 ) ;
#2747 = SURFACE_STYLE_FILL_AREA ( #5289 ) ;
#2748 = CARTESIAN_POINT ( 'NONE',  ( 0.0000000000000000000, 0.1000000000000000056, -1.416874574924349872 ) ) ;
#2749 = ORIENTED_EDGE ( 'NONE', *, *, #4111, .T. ) ;
#2750 = UNCERTAINTY_MEASURE_WITH_UNIT (LENGTH_MEASURE( 1.000000000000000082E-05 ), #11151, 'distance_accuracy_value', 'NONE');
#2751 = ORIENTED_EDGE ( 'NONE', *, *, #11267, .T. ) ;
#2752 = FILL_AREA_STYLE ('',( #4109 ) ) ;
#2753 = EDGE_LOOP ( 'NONE', ( #4859, #3119, #1901, #7979 ) ) ;
#2754 = SURFACE_STYLE_FILL_AREA ( #7305 ) ;
#2755 = COLOUR_RGB ( '',1.000000000000000000, 1.000000000000000000, 1.000000000000000000 ) ;
#2756 = DIRECTION ( 'NONE',  ( 0.0000000000000000000, 0.0000000000000000000, 1.000000000000000000 ) ) ;
#2757 = SURFACE_STYLE_USAGE ( .BOTH. , #8701 ) ;
#2758 = FACE_OUTER_BOUND ( 'NONE', #8062, .T. ) ;
#2759 = SURFACE_STYLE_USAGE ( .BOTH. , #8702 ) ;
#2760 = CARTESIAN_POINT ( 'NONE',  ( -1.540045451220498407, 0.1000000000000000056, 0.07500000000000017764 ) ) ;
#2761 = EDGE_CURVE ( 'NONE', #10186, #1453, #12251, .T. ) ;
#2762 = SURFACE_STYLE_FILL_AREA ( #8871 ) ;
#2763 = EDGE_CURVE ( 'NONE', #10655, #21, #1727, .T. ) ;
#2764 = ORIENTED_EDGE ( 'NONE', *, *, #10503, .T. ) ;
#2765 = LINE ( 'NONE', #7084, #118 ) ;
#2766 = ORIENTED_EDGE ( 'NONE', *, *, #9611, .T. ) ;
#2767 = MECHANICAL_DESIGN_GEOMETRIC_PRESENTATION_REPRESENTATION (  '', ( #771 ), #3446 ) ;
#2768 =( NAMED_UNIT ( * ) SI_UNIT ( $, .STERADIAN. ) SOLID_ANGLE_UNIT ( ) );
#2769 = DIRECTION ( 'NONE',  ( 0.0000000000000000000, -1.000000000000000000, 0.0000000000000000000 ) ) ;
#2770 = LINE ( 'NONE', #2975, #12673 ) ;
#2771 = FILL_AREA_STYLE ('',( #3111 ) ) ;
#2772 = CARTESIAN_POINT ( 'NONE',  ( -1.540045451220498407, 0.1000000000000000056, -0.07500000000000017764 ) ) ;
#2773 = CARTESIAN_POINT ( 'NONE',  ( -1.650000000000000355, 0.1000000000000000056, 0.07500000000000017764 ) ) ;
#2774 = CARTESIAN_POINT ( 'NONE',  ( -0.1689977282522470148, 0.0000000000000000000, -0.0000000000000000000 ) ) ;
#2775 = COLOUR_RGB ( '',1.000000000000000000, 1.000000000000000000, 1.000000000000000000 ) ;
#2776 = ORIENTED_EDGE ( 'NONE', *, *, #10150, .F. ) ;
#2777 = CARTESIAN_POINT ( 'NONE',  ( -1.134999999999999787, 0.0000000000000000000, -1.416874574924349872 ) ) ;
#2778 = MECHANICAL_DESIGN_GEOMETRIC_PRESENTATION_REPRESENTATION (  '', ( #784 ), #3455 ) ;
#2779 = AXIS2_PLACEMENT_3D ( 'NONE', #3128, #4943, #9655 ) ;
#2780 = FILL_AREA_STYLE_COLOUR ( '', #3074 ) ;
#2781 = EDGE_CURVE ( 'NONE', #10787, #7942, #4700, .T. ) ;
#2782 = ADVANCED_FACE ( 'NONE', ( #4062 ), #12429, .T. ) ;
#2783 = PLANE ( 'NONE',  #2605 ) ;
#2784 = PRESENTATION_LAYER_ASSIGNMENT (  '', '', ( #3459 ) ) ;
#2785 = EDGE_CURVE ( 'NONE', #4569, #10387, #5762, .T. ) ;
#2786 = CARTESIAN_POINT ( 'NONE',  ( 0.0000000000000000000, 0.0000000000000000000, -0.2000076143446563315 ) ) ;
#2787 = CARTESIAN_POINT ( 'NONE',  ( 0.1650000000000009237, 0.1000000000000000056, -1.500000000000000000 ) ) ;
#2788 = ORIENTED_EDGE ( 'NONE', *, *, #7098, .F. ) ;
#2789 = VECTOR ( 'NONE', #5502, 1000.000000000000000 ) ;
#2790 = PRESENTATION_STYLE_ASSIGNMENT (( #10611 ) ) ;
#2791 = CARTESIAN_POINT ( 'NONE',  ( -0.8189977282522473701, 0.1000000000000000056, 0.0000000000000000000 ) ) ;
#2792 = COLOUR_RGB ( '',1.000000000000000000, 1.000000000000000000, 1.000000000000000000 ) ;
#2793 = STYLED_ITEM ( 'NONE', ( #10591 ), #1887 ) ;
#2794 = FILL_AREA_STYLE_COLOUR ( '', #6280 ) ;
#2795 = PRESENTATION_LAYER_ASSIGNMENT (  '', '', ( #1489 ) ) ;
#2796 =( NAMED_UNIT ( * ) SI_UNIT ( $, .STERADIAN. ) SOLID_ANGLE_UNIT ( ) );
#2797 = CARTESIAN_POINT ( 'NONE',  ( 1.044003024146626046, 0.1000000000000000056, -0.3087081087201543061 ) ) ;
#2798 = EDGE_CURVE ( 'NONE', #4361, #4494, #11009, .T. ) ;
#2799 = CARTESIAN_POINT ( 'NONE',  ( 0.1372400328159084637, 0.1000000000000000056, -1.277681107331943622 ) ) ;
#2800 = DIRECTION ( 'NONE',  ( 0.0000000000000000000, 1.000000000000000000, 0.0000000000000000000 ) ) ;
#2801 = DIRECTION ( 'NONE',  ( 1.000000000000000000, -0.0000000000000000000, 0.0000000000000000000 ) ) ;
#2802 = EDGE_LOOP ( 'NONE', ( #6868, #9172, #7491, #6547 ) ) ;
#2803 = COLOUR_RGB ( '',1.000000000000000000, 1.000000000000000000, 1.000000000000000000 ) ;
#2804 = MECHANICAL_DESIGN_GEOMETRIC_PRESENTATION_REPRESENTATION (  '', ( #1499 ), #3482 ) ;
#2805 = CIRCLE ( 'NONE', #418, 0.05593526370766899181 ) ;
#2806 = CARTESIAN_POINT ( 'NONE',  ( -1.507075080061872185, 0.1000000000000000056, 0.1031605786060936225 ) ) ;
#2807 =( NAMED_UNIT ( * ) SI_UNIT ( $, .STERADIAN. ) SOLID_ANGLE_UNIT ( ) );
#2808 = ORIENTED_EDGE ( 'NONE', *, *, #12267, .T. ) ;
#2809 = CARTESIAN_POINT ( 'NONE',  ( 0.4810022717477533405, -0.05000000000000000278, -1.416874574924349872 ) ) ;
#2810 = FILL_AREA_STYLE_COLOUR ( '', #4619 ) ;
#2811 = FILL_AREA_STYLE_COLOUR ( '', #9453 ) ;
#2812 = ORIENTED_EDGE ( 'NONE', *, *, #12246, .F. ) ;
#2813 = STYLED_ITEM ( 'NONE', ( #6573 ), #11092 ) ;
#2814 = EDGE_CURVE ( 'NONE', #7824, #9557, #8386, .T. ) ;
#2815 = FILL_AREA_STYLE ('',( #10696 ) ) ;
#2816 =( GEOMETRIC_REPRESENTATION_CONTEXT ( 3 ) GLOBAL_UNCERTAINTY_ASSIGNED_CONTEXT ( ( #1801 ) ) GLOBAL_UNIT_ASSIGNED_CONTEXT ( ( #9777, #3873, #10768 ) ) REPRESENTATION_CONTEXT ( 'NONE', 'WORKASPACE' ) );
#2817 = CYLINDRICAL_SURFACE ( 'NONE', #10831, 0.03338112451568553407 ) ;
#2818 = DIRECTION ( 'NONE',  ( 0.0000000000000000000, -1.000000000000000000, 0.0000000000000000000 ) ) ;
#2819 = UNCERTAINTY_MEASURE_WITH_UNIT (LENGTH_MEASURE( 1.000000000000000082E-05 ), #5423, 'distance_accuracy_value', 'NONE');
#2820 = DIRECTION ( 'NONE',  ( 0.0000000000000000000, 0.0000000000000000000, -1.000000000000000000 ) ) ;
#2821 = VERTEX_POINT ( 'NONE', #4758 ) ;
#2822 = DIRECTION ( 'NONE',  ( -1.000000000000000000, 0.0000000000000000000, -0.0000000000000000000 ) ) ;
#2823 = DIRECTION ( 'NONE',  ( -1.000000000000000000, 0.0000000000000000000, 0.0000000000000000000 ) ) ;
#2824 = VERTEX_POINT ( 'NONE', #1005 ) ;
#2825 =( NAMED_UNIT ( * ) SI_UNIT ( $, .STERADIAN. ) SOLID_ANGLE_UNIT ( ) );
#2826 = CIRCLE ( 'NONE', #2507, 0.05593526370766899181 ) ;
#2827 = FILL_AREA_STYLE_COLOUR ( '', #5910 ) ;
#2828 = SURFACE_STYLE_FILL_AREA ( #662 ) ;
#2829 = ORIENTED_EDGE ( 'NONE', *, *, #7796, .T. ) ;
#2830 = VERTEX_POINT ( 'NONE', #6687 ) ;
#2831 = STYLED_ITEM ( 'NONE', ( #6374 ), #12575 ) ;
#2832 = CARTESIAN_POINT ( 'NONE',  ( 0.7406944999838511734, -0.05000000000000000278, 1.249999999999999112 ) ) ;
#2833 = ADVANCED_FACE ( 'NONE', ( #3106 ), #12556, .T. ) ;
#2834 = EDGE_CURVE ( 'NONE', #6864, #2909, #1877, .T. ) ;
#2835 = EDGE_CURVE ( 'NONE', #1283, #5618, #4553, .T. ) ;
#2836 = FILL_AREA_STYLE_COLOUR ( '', #3105 ) ;
#2837 = EDGE_LOOP ( 'NONE', ( #12790, #12181, #11243, #10796 ) ) ;
#2838 = VECTOR ( 'NONE', #2900, 1000.000000000000000 ) ;
#2839 =( NAMED_UNIT ( * ) SI_UNIT ( $, .STERADIAN. ) SOLID_ANGLE_UNIT ( ) );
#2840 = FILL_AREA_STYLE ('',( #1860 ) ) ;
#2841 = ADVANCED_FACE ( 'NONE', ( #7147 ), #9743, .T. ) ;
#2842 = COLOUR_RGB ( '',1.000000000000000000, 1.000000000000000000, 1.000000000000000000 ) ;
#2843 = FILL_AREA_STYLE_COLOUR ( '', #9145 ) ;
#2844 = ORIENTED_EDGE ( 'NONE', *, *, #10306, .T. ) ;
#2845 = AXIS2_PLACEMENT_3D ( 'NONE', #1170, #1230, #1584 ) ;
#2846 = PRESENTATION_STYLE_ASSIGNMENT (( #3629 ) ) ;
#2847 = DIRECTION ( 'NONE',  ( 0.0000000000000000000, 0.0000000000000000000, -1.000000000000000000 ) ) ;
#2848 = SURFACE_STYLE_USAGE ( .BOTH. , #8789 ) ;
#2849 = CARTESIAN_POINT ( 'NONE',  ( 0.4810022717477533405, 0.0000000000000000000, -1.199999999999999289 ) ) ;
#2850 = ORIENTED_EDGE ( 'NONE', *, *, #10974, .T. ) ;
#2851 = LINE ( 'NONE', #546, #10446 ) ;
#2852 = STYLED_ITEM ( 'NONE', ( #5343 ), #2351 ) ;
#2853 =( NAMED_UNIT ( * ) SI_UNIT ( $, .STERADIAN. ) SOLID_ANGLE_UNIT ( ) );
#2855 = ADVANCED_FACE ( 'NONE', ( #11148 ), #11782, .T. ) ;
#2854 = CARTESIAN_POINT ( 'NONE',  ( 0.0000000000000000000, 0.1000000000000000056, -1.277681107331943622 ) ) ;
#2856 = EDGE_CURVE ( 'NONE', #9832, #10861, #4999, .T. ) ;
#2857 = PRESENTATION_LAYER_ASSIGNMENT (  '', '', ( #1554 ) ) ;
#2858 = DIRECTION ( 'NONE',  ( 0.0000000000000000000, 1.000000000000000000, 0.0000000000000000000 ) ) ;
#2859 = DIRECTION ( 'NONE',  ( 0.0000000000000000000, 0.0000000000000000000, 1.000000000000000000 ) ) ;
#2860 = CARTESIAN_POINT ( 'NONE',  ( 1.162759967184092247, 0.0000000000000000000, -1.416874574924349872 ) ) ;
#2861 = CARTESIAN_POINT ( 'NONE',  ( -0.5700859015357763182, 0.1000000000000000056, 1.276162611327208873 ) ) ;
#2862 = LINE ( 'NONE', #6178, #4776 ) ;
#2863 = ORIENTED_EDGE ( 'NONE', *, *, #5679, .T. ) ;
#2864 =( NAMED_UNIT ( * ) SI_UNIT ( $, .STERADIAN. ) SOLID_ANGLE_UNIT ( ) );
#2865 = VECTOR ( 'NONE', #4042, 1000.000000000000000 ) ;
#2866 = FILL_AREA_STYLE_COLOUR ( '', #3040 ) ;
#2867 =( NAMED_UNIT ( * ) PLANE_ANGLE_UNIT ( ) SI_UNIT ( $, .RADIAN. ) );
#2868 =( GEOMETRIC_REPRESENTATION_CONTEXT ( 3 ) GLOBAL_UNCERTAINTY_ASSIGNED_CONTEXT ( ( #2899 ) ) GLOBAL_UNIT_ASSIGNED_CONTEXT ( ( #7310, #6365, #5831 ) ) REPRESENTATION_CONTEXT ( 'NONE', 'WORKASPACE' ) );
#2869 =( NAMED_UNIT ( * ) PLANE_ANGLE_UNIT ( ) SI_UNIT ( $, .RADIAN. ) );
#2870 = CARTESIAN_POINT ( 'NONE',  ( 1.197916575926319283, 0.0000000000000000000, 0.0000000000000000000 ) ) ;
#2871 = MECHANICAL_DESIGN_GEOMETRIC_PRESENTATION_REPRESENTATION (  '', ( #880 ), #3553 ) ;
#2872 = EDGE_CURVE ( 'NONE', #1878, #4797, #12845, .T. ) ;
#2873 = VECTOR ( 'NONE', #3771, 1000.000000000000000 ) ;
#2874 = LINE ( 'NONE', #4491, #225 ) ;
#2875 = ORIENTED_EDGE ( 'NONE', *, *, #11348, .F. ) ;
#2876 = LINE ( 'NONE', #2041, #10469 ) ;
#2877 = ORIENTED_EDGE ( 'NONE', *, *, #7498, .T. ) ;
#2878 = AXIS2_PLACEMENT_3D ( 'NONE', #10357, #4464, #11343 ) ;
#2879 = PRESENTATION_STYLE_ASSIGNMENT (( #10642 ) ) ;
#2880 =( LENGTH_UNIT ( ) NAMED_UNIT ( * ) SI_UNIT ( .MILLI., .METRE. ) );
#2881 = VECTOR ( 'NONE', #8449, 1000.000000000000000 ) ;
#2882 = COLOUR_RGB ( '',1.000000000000000000, 1.000000000000000000, 1.000000000000000000 ) ;
#2883 =( NAMED_UNIT ( * ) SI_UNIT ( $, .STERADIAN. ) SOLID_ANGLE_UNIT ( ) );
#2884 = ORIENTED_EDGE ( 'NONE', *, *, #6065, .F. ) ;
#2885 = PLANE ( 'NONE',  #12566 ) ;
#2886 = COLOUR_RGB ( '',1.000000000000000000, 1.000000000000000000, 1.000000000000000000 ) ;
#2887 = VERTEX_POINT ( 'NONE', #7735 ) ;
#2888 = DIRECTION ( 'NONE',  ( -1.000000000000000000, 0.0000000000000000000, 0.0000000000000000000 ) ) ;
#2889 = FILL_AREA_STYLE ('',( #945 ) ) ;
#2890 = EDGE_LOOP ( 'NONE', ( #8257, #1514, #440, #9558 ) ) ;
#2891 = LINE ( 'NONE', #952, #2589 ) ;
#2892 = LINE ( 'NONE', #11729, #12781 ) ;
#2893 =( NAMED_UNIT ( * ) PLANE_ANGLE_UNIT ( ) SI_UNIT ( $, .RADIAN. ) );
#2894 = ORIENTED_EDGE ( 'NONE', *, *, #5928, .T. ) ;
#2895 = FACE_OUTER_BOUND ( 'NONE', #739, .T. ) ;
#2896 = PRESENTATION_LAYER_ASSIGNMENT (  '', '', ( #1589 ) ) ;
#2897 = VECTOR ( 'NONE', #6343, 1000.000000000000000 ) ;
#2898 = EDGE_CURVE ( 'NONE', #10681, #4322, #7296, .T. ) ;
#2899 = UNCERTAINTY_MEASURE_WITH_UNIT (LENGTH_MEASURE( 1.000000000000000082E-05 ), #7310, 'distance_accuracy_value', 'NONE');
#2900 = DIRECTION ( 'NONE',  ( 0.0000000000000000000, 1.000000000000000000, 0.0000000000000000000 ) ) ;
#2901 = EDGE_CURVE ( 'NONE', #844, #102, #7608, .T. ) ;
#2902 = CARTESIAN_POINT ( 'NONE',  ( -1.540045451220497963, 0.1000000000000000056, -0.1083811245156857395 ) ) ;
#2903 = LINE ( 'NONE', #1772, #6159 ) ;
#2904 =( NAMED_UNIT ( * ) PLANE_ANGLE_UNIT ( ) SI_UNIT ( $, .RADIAN. ) );
#2905 = VERTEX_POINT ( 'NONE', #5959 ) ;
#2906 = CARTESIAN_POINT ( 'NONE',  ( 1.257124604555293956, 0.0000000000000000000, -0.1031605786060936225 ) ) ;
#2907 = CYLINDRICAL_SURFACE ( 'NONE', #8433, 0.03338112451568553407 ) ;
#2908 =( LENGTH_UNIT ( ) NAMED_UNIT ( * ) SI_UNIT ( .MILLI., .METRE. ) );
#2909 = VERTEX_POINT ( 'NONE', #11672 ) ;
#2910 = ORIENTED_EDGE ( 'NONE', *, *, #769, .F. ) ;
#2911 = FILL_AREA_STYLE ('',( #1927 ) ) ;
#2912 = PRESENTATION_STYLE_ASSIGNMENT (( #10374 ) ) ;
#2913 = ORIENTED_EDGE ( 'NONE', *, *, #11014, .T. ) ;
#2914 = UNCERTAINTY_MEASURE_WITH_UNIT (LENGTH_MEASURE( 1.000000000000000082E-05 ), #1432, 'distance_accuracy_value', 'NONE');
#2915 = AXIS2_PLACEMENT_3D ( 'NONE', #11620, #5719, #12607 ) ;
#2916 = VECTOR ( 'NONE', #338, 1000.000000000000000 ) ;
#2917 = LINE ( 'NONE', #4243, #272 ) ;
#2918 = STYLED_ITEM ( 'NONE', ( #7710 ), #5121 ) ;
#2919 = DIRECTION ( 'NONE',  ( 1.000000000000000000, -0.0000000000000000000, 0.0000000000000000000 ) ) ;
#2920 = EDGE_LOOP ( 'NONE', ( #1338, #7564, #5715, #1106 ) ) ;
#2921 = DIRECTION ( 'NONE',  ( 0.0000000000000000000, -1.000000000000000000, 0.0000000000000000000 ) ) ;
#2922 = CARTESIAN_POINT ( 'NONE',  ( 1.455814029726843373, 0.1499999999999999944, -1.500000000000000000 ) ) ;
#2923 = LINE ( 'NONE', #875, #2628 ) ;
#2924 = PRESENTATION_STYLE_ASSIGNMENT (( #4566 ) ) ;
#2925 = ORIENTED_EDGE ( 'NONE', *, *, #4111, .F. ) ;
#2926 = DIRECTION ( 'NONE',  ( 0.0000000000000000000, 0.0000000000000000000, 1.000000000000000000 ) ) ;
#2927 = SURFACE_STYLE_FILL_AREA ( #2456 ) ;
#2928 = LINE ( 'NONE', #1004, #12822 ) ;
#2929 = ORIENTED_EDGE ( 'NONE', *, *, #5412, .F. ) ;
#2930 = CARTESIAN_POINT ( 'NONE',  ( -0.7406944999838511734, -0.05000000000000000278, 1.249999999999999112 ) ) ;
#2931 = ORIENTED_EDGE ( 'NONE', *, *, #10240, .F. ) ;
#2932 = ORIENTED_EDGE ( 'NONE', *, *, #3676, .F. ) ;
#2933 = CARTESIAN_POINT ( 'NONE',  ( -0.4949999999999992184, -0.05000000000000000278, 1.649999999999999467 ) ) ;
#2934 = DIRECTION ( 'NONE',  ( 0.0000000000000000000, 0.0000000000000000000, 1.000000000000000000 ) ) ;
#2935 = DIRECTION ( 'NONE',  ( 0.0000000000000000000, 0.0000000000000000000, 1.000000000000000000 ) ) ;
#2936 = CIRCLE ( 'NONE', #9190, 0.05593526370766899181 ) ;
#2937 = EDGE_CURVE ( 'NONE', #2208, #8033, #12236, .T. ) ;
#2938 = CARTESIAN_POINT ( 'NONE',  ( 0.7660883464570584778, -0.05000000000000000278, 1.320000718934352335 ) ) ;
#2939 = EDGE_CURVE ( 'NONE', #8704, #4645, #9778, .T. ) ;
#2940 = COLOUR_RGB ( '',1.000000000000000000, 1.000000000000000000, 1.000000000000000000 ) ;
#2941 = STYLED_ITEM ( 'NONE', ( #8056 ), #6820 ) ;
#2942 = LINE ( 'NONE', #8383, #8215 ) ;
#2943 = LINE ( 'NONE', #665, #10534 ) ;
#2944 = CARTESIAN_POINT ( 'NONE',  ( 1.134999999999999787, -0.05000000000000000278, 0.0000000000000000000 ) ) ;
#2945 = CARTESIAN_POINT ( 'NONE',  ( -1.134999999999999787, 0.1000000000000000056, 0.0000000000000000000 ) ) ;
#2946 = DIRECTION ( 'NONE',  ( 1.000000000000000000, -0.0000000000000000000, 0.0000000000000000000 ) ) ;
#2947 = SURFACE_SIDE_STYLE ('',( #8881 ) ) ;
#2948 = ORIENTED_EDGE ( 'NONE', *, *, #2785, .T. ) ;
#2949 = FILL_AREA_STYLE_COLOUR ( '', #1027 ) ;
#2950 = CARTESIAN_POINT ( 'NONE',  ( 0.1160883464570598989, 0.0000000000000000000, 1.276162611327208651 ) ) ;
#2951 = PLANE ( 'NONE',  #1796 ) ;
#2952 = CARTESIAN_POINT ( 'NONE',  ( 1.171933149074797953, -0.05000000000000000278, -0.2369407634194545809 ) ) ;
#2953 = AXIS2_PLACEMENT_3D ( 'NONE', #8769, #8478, #2552 ) ;
#2954 = ORIENTED_EDGE ( 'NONE', *, *, #11176, .F. ) ;
#2955 = AXIS2_PLACEMENT_3D ( 'NONE', #12471, #6549, #618 ) ;
#2956 = AXIS2_PLACEMENT_3D ( 'NONE', #12627, #10750, #4855 ) ;
#2957 = EDGE_CURVE ( 'NONE', #326, #10787, #2341, .T. ) ;
#2958 = DIRECTION ( 'NONE',  ( 0.0000000000000000000, 0.0000000000000000000, -1.000000000000000000 ) ) ;
#2959 =( GEOMETRIC_REPRESENTATION_CONTEXT ( 3 ) GLOBAL_UNCERTAINTY_ASSIGNED_CONTEXT ( ( #12804 ) ) GLOBAL_UNIT_ASSIGNED_CONTEXT ( ( #4768, #11648, #5751 ) ) REPRESENTATION_CONTEXT ( 'NONE', 'WORKASPACE' ) );
#2960 = DIRECTION ( 'NONE',  ( 1.000000000000000000, 0.0000000000000000000, -0.0000000000000000000 ) ) ;
#2961 = EDGE_CURVE ( 'NONE', #502, #7452, #1898, .T. ) ;
#2962 = CARTESIAN_POINT ( 'NONE',  ( -0.08069449998385103129, 0.1000000000000000056, 1.249999999999999112 ) ) ;
#2963 = DIRECTION ( 'NONE',  ( 0.0000000000000000000, 0.0000000000000000000, 1.000000000000000000 ) ) ;
#2964 = SURFACE_STYLE_FILL_AREA ( #9184 ) ;
#2965 = EDGE_LOOP ( 'NONE', ( #6700, #8831, #8285, #8370, #7115, #4336, #7874, #3498, #9419, #6602, #10343, #10377, #8402, #1990, #5658, #12610, #3569, #2932, #12730, #2156, #10976, #2444, #7775, #11421, #2428, #2064, #5545, #7745, #8315, #8781, #5674, #7450, #1186, #11361, #1618, #6105, #7165, #3989, #2738, #638, #12594, #7281, #9044, #7188, #12518, #6817, #8616, #4857, #8446, #3682, #8310, #10991, #4724, #738, #3073, #3926, #2426, #4185, #8312, #4142, #10620, #868, #6620, #7102, #12206, #8902, #4788, #2739 ) ) ;
#2966 = LINE ( 'NONE', #2515, #7940 ) ;
#2967 = ORIENTED_EDGE ( 'NONE', *, *, #7659, .F. ) ;
#2968 = SURFACE_SIDE_STYLE ('',( #12500 ) ) ;
#2969 = ORIENTED_EDGE ( 'NONE', *, *, #11986, .F. ) ;
#2970 = UNCERTAINTY_MEASURE_WITH_UNIT (LENGTH_MEASURE( 1.000000000000000082E-05 ), #1909, 'distance_accuracy_value', 'NONE');
#2971 = PLANE ( 'NONE',  #5488 ) ;
#2972 =( LENGTH_UNIT ( ) NAMED_UNIT ( * ) SI_UNIT ( .MILLI., .METRE. ) );
#2973 = SURFACE_SIDE_STYLE ('',( #957 ) ) ;
#2974 = EDGE_CURVE ( 'NONE', #8473, #2221, #7160, .T. ) ;
#2975 = CARTESIAN_POINT ( 'NONE',  ( 0.1372400328159084637, -0.05000000000000000278, -0.0000000000000000000 ) ) ;
#2976 = ORIENTED_EDGE ( 'NONE', *, *, #2974, .F. ) ;
#2977 =( NAMED_UNIT ( * ) SI_UNIT ( $, .STERADIAN. ) SOLID_ANGLE_UNIT ( ) );
#2978 = CARTESIAN_POINT ( 'NONE',  ( -0.07991409846422234398, 0.1000000000000000056, 1.276162611327208873 ) ) ;
#2979 = PRESENTATION_LAYER_ASSIGNMENT (  '', '', ( #2330 ) ) ;
#2980 = ORIENTED_EDGE ( 'NONE', *, *, #8739, .T. ) ;
#2981 = VECTOR ( 'NONE', #6366, 1000.000000000000000 ) ;
#2982 = FILL_AREA_STYLE_COLOUR ( '', #6564 ) ;
#2983 = DIRECTION ( 'NONE',  ( 0.0000000000000000000, 0.0000000000000000000, 1.000000000000000000 ) ) ;
#2984 = CARTESIAN_POINT ( 'NONE',  ( 0.0000000000000000000, 0.1000000000000000056, 0.2000076143446563315 ) ) ;
#2985 = LINE ( 'NONE', #8276, #7638 ) ;
#2986 = UNCERTAINTY_MEASURE_WITH_UNIT (LENGTH_MEASURE( 1.000000000000000082E-05 ), #11443, 'distance_accuracy_value', 'NONE');
#2987 = FILL_AREA_STYLE_COLOUR ( '', #7693 ) ;
#2988 = EDGE_LOOP ( 'NONE', ( #4647, #12796, #7561, #5687 ) ) ;
#2989 = VECTOR ( 'NONE', #2361, 1000.000000000000000 ) ;
#2990 = SURFACE_STYLE_USAGE ( .BOTH. , #8915 ) ;
#2991 = CARTESIAN_POINT ( 'NONE',  ( 1.257124604555293956, -0.05000000000000000278, 0.1031605786060936225 ) ) ;
#2992 = AXIS2_PLACEMENT_3D ( 'NONE', #11193, #8261, #7313 ) ;
#2993 = EDGE_LOOP ( 'NONE', ( #8813, #9123, #10050, #10823 ) ) ;
#2995 = SURFACE_SIDE_STYLE ('',( #3694 ) ) ;
#2994 = LINE ( 'NONE', #8013, #2694 ) ;
#2996 =( NAMED_UNIT ( * ) SI_UNIT ( $, .STERADIAN. ) SOLID_ANGLE_UNIT ( ) );
#2997 = DIRECTION ( 'NONE',  ( 0.0000000000000000000, -1.000000000000000000, 0.0000000000000000000 ) ) ;
#2998 =( NAMED_UNIT ( * ) SI_UNIT ( $, .STERADIAN. ) SOLID_ANGLE_UNIT ( ) );
#2999 = VECTOR ( 'NONE', #501, 1000.000000000000000 ) ;
#3000 = CARTESIAN_POINT ( 'NONE',  ( -1.197916575926319283, -0.05000000000000000278, 0.1623686072350682963 ) ) ;
#3001 = SURFACE_SIDE_STYLE ('',( #8044 ) ) ;
#3002 = DIRECTION ( 'NONE',  ( 0.1874275599918956703, 0.9642312064598244081, 0.1874275599918963364 ) ) ;
#3003 = DIRECTION ( 'NONE',  ( 0.0000000000000000000, 0.0000000000000000000, 1.000000000000000000 ) ) ;
#3004 = LINE ( 'NONE', #8073, #5655 ) ;
#3005 = ORIENTED_EDGE ( 'NONE', *, *, #8825, .T. ) ;
#3006 = COLOUR_RGB ( '',1.000000000000000000, 1.000000000000000000, 1.000000000000000000 ) ;
#3007 = AXIS2_PLACEMENT_3D ( 'NONE', #4009, #10919, #5030 ) ;
#3008 = CARTESIAN_POINT ( 'NONE',  ( 0.4949999999999992184, -0.05000000000000000278, 1.375493264616636679 ) ) ;
#3009 = PRESENTATION_LAYER_ASSIGNMENT (  '', '', ( #1698 ) ) ;
#3010 = EDGE_CURVE ( 'NONE', #74, #3620, #4232, .T. ) ;
#3011 = SURFACE_STYLE_FILL_AREA ( #18 ) ;
#3012 = EDGE_CURVE ( 'NONE', #6827, #3079, #9468, .T. ) ;
#3013 = DIRECTION ( 'NONE',  ( 1.000000000000000000, 0.0000000000000000000, -0.0000000000000000000 ) ) ;
#3014 = AXIS2_PLACEMENT_3D ( 'NONE', #2087, #8990, #3057 ) ;
#3015 = SURFACE_SIDE_STYLE ('',( #5021 ) ) ;
#3016 = ORIENTED_EDGE ( 'NONE', *, *, #8106, .T. ) ;
#3017 = FILL_AREA_STYLE_COLOUR ( '', #6061 ) ;
#3018 = DIRECTION ( 'NONE',  ( 0.0000000000000000000, 0.0000000000000000000, -1.000000000000000000 ) ) ;
#3019 = COLOUR_RGB ( '',1.000000000000000000, 1.000000000000000000, 1.000000000000000000 ) ;
#3020 = DIRECTION ( 'NONE',  ( 0.0000000000000000000, 0.0000000000000000000, -1.000000000000000000 ) ) ;
#3021 =( NAMED_UNIT ( * ) PLANE_ANGLE_UNIT ( ) SI_UNIT ( $, .RADIAN. ) );
#3022 = CYLINDRICAL_SURFACE ( 'NONE', #6227, 0.05593526370766899181 ) ;
#3023 = MECHANICAL_DESIGN_GEOMETRIC_PRESENTATION_REPRESENTATION (  '', ( #1029 ), #3699 ) ;
#3024 = CARTESIAN_POINT ( 'NONE',  ( 0.0000000000000000000, -0.05000000000000000278, -1.416874574924349872 ) ) ;
#3025 = VERTEX_POINT ( 'NONE', #2036 ) ;
#3026 = PRESENTATION_LAYER_ASSIGNMENT (  '', '', ( #3705 ) ) ;
#3027 = LINE ( 'NONE', #2854, #10612 ) ;
#3028 = COLOUR_RGB ( '',1.000000000000000000, 1.000000000000000000, 1.000000000000000000 ) ;
#3029 = LINE ( 'NONE', #3253, #5386 ) ;
#3030 = CARTESIAN_POINT ( 'NONE',  ( -1.162759967184092247, -0.05000000000000000278, -1.277681107331943622 ) ) ;
#3031 = CARTESIAN_POINT ( 'NONE',  ( 0.0000000000000000000, 0.0000000000000000000, -1.199999999999999289 ) ) ;
#3032 = VERTEX_POINT ( 'NONE', #11049 ) ;
#3033 = ORIENTED_EDGE ( 'NONE', *, *, #8692, .F. ) ;
#3034 = CARTESIAN_POINT ( 'NONE',  ( -1.455814029726843373, 0.1499999999999999944, -1.355814029726843728 ) ) ;
#3035 = PLANE ( 'NONE',  #7656 ) ;
#3036 = EDGE_LOOP ( 'NONE', ( #528, #187, #59, #12667 ) ) ;
#3037 = ORIENTED_EDGE ( 'NONE', *, *, #295, .T. ) ;
#3038 = LINE ( 'NONE', #3822, #75 ) ;
#3039 = FILL_AREA_STYLE ('',( #6997 ) ) ;
#3040 = COLOUR_RGB ( '',1.000000000000000000, 1.000000000000000000, 1.000000000000000000 ) ;
#3041 = SURFACE_SIDE_STYLE ('',( #1840 ) ) ;
#3042 = AXIS2_PLACEMENT_3D ( 'NONE', #2336, #11457, #12731 ) ;
#3043 = COLOUR_RGB ( '',1.000000000000000000, 1.000000000000000000, 1.000000000000000000 ) ;
#3044 = ADVANCED_FACE ( 'NONE', ( #1265 ), #7957, .T. ) ;
#3045 = MECHANICAL_DESIGN_GEOMETRIC_PRESENTATION_REPRESENTATION (  '', ( #1054 ), #3721 ) ;
#3046 = COLOUR_RGB ( '',1.000000000000000000, 1.000000000000000000, 1.000000000000000000 ) ;
#3047 = ORIENTED_EDGE ( 'NONE', *, *, #10832, .T. ) ;
#3048 =( NAMED_UNIT ( * ) SI_UNIT ( $, .STERADIAN. ) SOLID_ANGLE_UNIT ( ) );
#3049 = ORIENTED_EDGE ( 'NONE', *, *, #1399, .T. ) ;
#3050 = ORIENTED_EDGE ( 'NONE', *, *, #11646, .F. ) ;
#3051 =( GEOMETRIC_REPRESENTATION_CONTEXT ( 3 ) GLOBAL_UNCERTAINTY_ASSIGNED_CONTEXT ( ( #6340 ) ) GLOBAL_UNIT_ASSIGNED_CONTEXT ( ( #1874, #8795, #2853 ) ) REPRESENTATION_CONTEXT ( 'NONE', 'WORKASPACE' ) );
#3052 = DIRECTION ( 'NONE',  ( 1.000000000000000000, 0.0000000000000000000, -0.0000000000000000000 ) ) ;
#3053 = ORIENTED_EDGE ( 'NONE', *, *, #6467, .F. ) ;
#3054 = UNCERTAINTY_MEASURE_WITH_UNIT (LENGTH_MEASURE( 1.000000000000000082E-05 ), #3159, 'distance_accuracy_value', 'NONE');
#3055 = DIRECTION ( 'NONE',  ( -1.000000000000000000, 0.0000000000000000000, 0.0000000000000000000 ) ) ;
#3056 = ORIENTED_EDGE ( 'NONE', *, *, #9223, .F. ) ;
#3057 = DIRECTION ( 'NONE',  ( 1.000000000000000000, 0.0000000000000000000, 0.0000000000000000000 ) ) ;
#3058 = VECTOR ( 'NONE', #6453, 1000.000000000000000 ) ;
#3059 = SURFACE_STYLE_FILL_AREA ( #481 ) ;
#3060 = ORIENTED_EDGE ( 'NONE', *, *, #4988, .F. ) ;
#3061 = ADVANCED_FACE ( 'NONE', ( #10548 ), #3646, .F. ) ;
#3062 = AXIS2_PLACEMENT_3D ( 'NONE', #12485, #6569, #631 ) ;
#3063 = EDGE_CURVE ( 'NONE', #4183, #8880, #9622, .T. ) ;
#3064 = PRESENTATION_LAYER_ASSIGNMENT (  '', '', ( #1750 ) ) ;
#3065 = DIRECTION ( 'NONE',  ( 0.0000000000000000000, 0.0000000000000000000, 1.000000000000000000 ) ) ;
#3066 =( LENGTH_UNIT ( ) NAMED_UNIT ( * ) SI_UNIT ( .MILLI., .METRE. ) );
#3067 = PRESENTATION_STYLE_ASSIGNMENT (( #9923 ) ) ;
#3068 = ORIENTED_EDGE ( 'NONE', *, *, #143, .F. ) ;
#3069 =( NAMED_UNIT ( * ) SI_UNIT ( $, .STERADIAN. ) SOLID_ANGLE_UNIT ( ) );
#3070 = DIRECTION ( 'NONE',  ( 0.0000000000000000000, 0.0000000000000000000, 1.000000000000000000 ) ) ;
#3071 = PRESENTATION_LAYER_ASSIGNMENT (  '', '', ( #2416 ) ) ;
#3072 = UNCERTAINTY_MEASURE_WITH_UNIT (LENGTH_MEASURE( 1.000000000000000082E-05 ), #589, 'distance_accuracy_value', 'NONE');
#3073 = ORIENTED_EDGE ( 'NONE', *, *, #2201, .T. ) ;
#3074 = COLOUR_RGB ( '',1.000000000000000000, 1.000000000000000000, 1.000000000000000000 ) ;
#3075 = LINE ( 'NONE', #79, #8047 ) ;
#3076 = FILL_AREA_STYLE ('',( #3256 ) ) ;
#3077 = ORIENTED_EDGE ( 'NONE', *, *, #5223, .F. ) ;
#3078 = COLOUR_RGB ( '',1.000000000000000000, 1.000000000000000000, 1.000000000000000000 ) ;
#3079 = VERTEX_POINT ( 'NONE', #2773 ) ;
#3080 = DIRECTION ( 'NONE',  ( -1.000000000000000000, 0.0000000000000000000, 0.0000000000000000000 ) ) ;
#3081 =( NAMED_UNIT ( * ) PLANE_ANGLE_UNIT ( ) SI_UNIT ( $, .RADIAN. ) );
#3082 = FACE_OUTER_BOUND ( 'NONE', #1137, .T. ) ;
#3083 = DIRECTION ( 'NONE',  ( 0.0000000000000000000, 0.0000000000000000000, -1.000000000000000000 ) ) ;
#3084 = DIRECTION ( 'NONE',  ( 0.0000000000000000000, 0.0000000000000000000, 1.000000000000000000 ) ) ;
#3085 = MECHANICAL_DESIGN_GEOMETRIC_PRESENTATION_REPRESENTATION (  '', ( #1763 ), #3758 ) ;
#3086 = AXIS2_PLACEMENT_3D ( 'NONE', #4087, #10994, #5094 ) ;
#3087 = FILL_AREA_STYLE ('',( #10920 ) ) ;
#3088 = PLANE ( 'NONE',  #9119 ) ;
#3089 =( LENGTH_UNIT ( ) NAMED_UNIT ( * ) SI_UNIT ( .MILLI., .METRE. ) );
#3090 = DIRECTION ( 'NONE',  ( -1.000000000000000000, 0.0000000000000000000, 0.0000000000000000000 ) ) ;
#3091 = LINE ( 'NONE', #5362, #10670 ) ;
#3092 = FACE_OUTER_BOUND ( 'NONE', #12352, .T. ) ;
#3093 = FACE_OUTER_BOUND ( 'NONE', #10618, .T. ) ;
#3094 = VERTEX_POINT ( 'NONE', #4677 ) ;
#3095 = ADVANCED_FACE ( 'NONE', ( #4701 ), #2371, .T. ) ;
#3096 = SURFACE_STYLE_FILL_AREA ( #11353 ) ;
#3097 = PLANE ( 'NONE',  #1087 ) ;
#3098 = VECTOR ( 'NONE', #10415, 1000.000000000000000 ) ;
#3099 = SURFACE_SIDE_STYLE ('',( #912 ) ) ;
#3100 = VERTEX_POINT ( 'NONE', #12600 ) ;
#3101 = DIRECTION ( 'NONE',  ( -1.000000000000000000, 0.0000000000000000000, -0.0000000000000000000 ) ) ;
#3102 = DIRECTION ( 'NONE',  ( 0.0000000000000000000, 0.0000000000000000000, -1.000000000000000000 ) ) ;
#3103 = AXIS2_PLACEMENT_3D ( 'NONE', #7466, #7367, #7326 ) ;
#3104 = EDGE_CURVE ( 'NONE', #7287, #3025, #6072, .T. ) ;
#3105 = COLOUR_RGB ( '',1.000000000000000000, 1.000000000000000000, 1.000000000000000000 ) ;
#3106 = FACE_OUTER_BOUND ( 'NONE', #5306, .T. ) ;
#3107 = MECHANICAL_DESIGN_GEOMETRIC_PRESENTATION_REPRESENTATION (  '', ( #1113 ), #3786 ) ;
#3108 = DIRECTION ( 'NONE',  ( 1.000000000000000000, -0.0000000000000000000, 0.0000000000000000000 ) ) ;
#3109 =( NAMED_UNIT ( * ) PLANE_ANGLE_UNIT ( ) SI_UNIT ( $, .RADIAN. ) );
#3110 =( LENGTH_UNIT ( ) NAMED_UNIT ( * ) SI_UNIT ( .MILLI., .METRE. ) );
#3111 = FILL_AREA_STYLE_COLOUR ( '', #3616 ) ;
#3112 = CARTESIAN_POINT ( 'NONE',  ( 1.540045451220497963, 0.1000000000000000056, -0.1083811245156857395 ) ) ;
#3113 = AXIS2_PLACEMENT_3D ( 'NONE', #5528, #5106, #9334 ) ;
#3114 = STYLED_ITEM ( 'NONE', ( #1831 ), #10269 ) ;
#3115 = STYLED_ITEM ( 'NONE', ( #11303 ), #3390 ) ;
#3116 = ORIENTED_EDGE ( 'NONE', *, *, #10720, .F. ) ;
#3117 = EDGE_CURVE ( 'NONE', #10059, #8341, #12256, .T. ) ;
#3118 = SURFACE_SIDE_STYLE ('',( #11512 ) ) ;
#3119 = ORIENTED_EDGE ( 'NONE', *, *, #1538, .F. ) ;
#3120 =( NAMED_UNIT ( * ) PLANE_ANGLE_UNIT ( ) SI_UNIT ( $, .RADIAN. ) );
#3121 = CARTESIAN_POINT ( 'NONE',  ( 0.5439116535429402433, -0.05000000000000000278, 1.276162611327208651 ) ) ;
#3123 = ADVANCED_FACE ( 'NONE', ( #3435 ), #4846, .T. ) ;
#3122 = CARTESIAN_POINT ( 'NONE',  ( -1.599999999999999645, 0.1499999999999999944, 0.0000000000000000000 ) ) ;
#3125 = VERTEX_POINT ( 'NONE', #10617 ) ;
#3124 = AXIS2_PLACEMENT_3D ( 'NONE', #2200, #1172, #206 ) ;
#3126 = DIRECTION ( 'NONE',  ( -1.000000000000000000, 0.0000000000000000000, 0.0000000000000000000 ) ) ;
#3127 = UNCERTAINTY_MEASURE_WITH_UNIT (LENGTH_MEASURE( 1.000000000000000082E-05 ), #8075, 'distance_accuracy_value', 'NONE');
#3128 = CARTESIAN_POINT ( 'NONE',  ( 1.540045451220497963, 0.0000000000000000000, 0.1083811245156857256 ) ) ;
#3129 = ORIENTED_EDGE ( 'NONE', *, *, #12770, .F. ) ;
#3130 = ORIENTED_EDGE ( 'NONE', *, *, #2872, .T. ) ;
#3131 = MECHANICAL_DESIGN_GEOMETRIC_PRESENTATION_REPRESENTATION (  '', ( #1142 ), #3818 ) ;
#3132 = EDGE_CURVE ( 'NONE', #10951, #10939, #7461, .T. ) ;
#3133 = DIRECTION ( 'NONE',  ( -0.0000000000000000000, 0.0000000000000000000, -1.000000000000000000 ) ) ;
#3134 = EDGE_CURVE ( 'NONE', #3185, #1192, #12688, .T. ) ;
#3135 = CARTESIAN_POINT ( 'NONE',  ( 1.405086914306735490, 0.6382854961714153896, -1.206924195961968982 ) ) ;
#3136 = PLANE ( 'NONE',  #2455 ) ;
#3137 = SURFACE_SIDE_STYLE ('',( #9129 ) ) ;
#3138 = UNCERTAINTY_MEASURE_WITH_UNIT (LENGTH_MEASURE( 1.000000000000000082E-05 ), #10477, 'distance_accuracy_value', 'NONE');
#3139 =( NAMED_UNIT ( * ) SI_UNIT ( $, .STERADIAN. ) SOLID_ANGLE_UNIT ( ) );
#3140 = ORIENTED_EDGE ( 'NONE', *, *, #9827, .T. ) ;
#3141 = ORIENTED_EDGE ( 'NONE', *, *, #2763, .F. ) ;
#3142 = VECTOR ( 'NONE', #8914, 1000.000000000000000 ) ;
#3143 =( GEOMETRIC_REPRESENTATION_CONTEXT ( 3 ) GLOBAL_UNCERTAINTY_ASSIGNED_CONTEXT ( ( #10674 ) ) GLOBAL_UNIT_ASSIGNED_CONTEXT ( ( #4063, #10965, #5065 ) ) REPRESENTATION_CONTEXT ( 'NONE', 'WORKASPACE' ) );
#3144 = SURFACE_SIDE_STYLE ('',( #7364 ) ) ;
#3145 = DIRECTION ( 'NONE',  ( 0.0000000000000000000, 0.0000000000000000000, 1.000000000000000000 ) ) ;
#3146 = SURFACE_SIDE_STYLE ('',( #9984 ) ) ;
#3147 = DIRECTION ( 'NONE',  ( 0.0000000000000000000, 1.000000000000000000, 0.0000000000000000000 ) ) ;
#3148 = ORIENTED_EDGE ( 'NONE', *, *, #4295, .F. ) ;
#3149 = LINE ( 'NONE', #3871, #11051 ) ;
#3150 = FILL_AREA_STYLE ('',( #9075 ) ) ;
#3151 = VECTOR ( 'NONE', #4482, 1000.000000000000000 ) ;
#3152 = DIRECTION ( 'NONE',  ( 0.0000000000000000000, 1.000000000000000000, -0.0000000000000000000 ) ) ;
#3153 = ORIENTED_EDGE ( 'NONE', *, *, #4609, .F. ) ;
#3154 = STYLED_ITEM ( 'NONE', ( #12732 ), #11887 ) ;
#3155 = STYLED_ITEM ( 'NONE', ( #3228 ), #5035 ) ;
#3156 = SURFACE_STYLE_FILL_AREA ( #2644 ) ;
#3157 = PLANE ( 'NONE',  #4709 ) ;
#3158 = PLANE ( 'NONE',  #7772 ) ;
#3159 =( LENGTH_UNIT ( ) NAMED_UNIT ( * ) SI_UNIT ( .MILLI., .METRE. ) );
#3160 = VERTEX_POINT ( 'NONE', #5778 ) ;
#3161 = CARTESIAN_POINT ( 'NONE',  ( 1.134999999999999787, -0.05000000000000000278, -0.2369407634194544698 ) ) ;
#3162 = CARTESIAN_POINT ( 'NONE',  ( 1.044003024146626046, 0.0000000000000000000, -0.4000099329729214226 ) ) ;
#3163 = CARTESIAN_POINT ( 'NONE',  ( 0.4810022717477533405, 0.0000000000000000000, -1.277681107331943622 ) ) ;
#3164 = FILL_AREA_STYLE ('',( #4144 ) ) ;
#3165 =( LENGTH_UNIT ( ) NAMED_UNIT ( * ) SI_UNIT ( .MILLI., .METRE. ) );
#3166 = SURFACE_STYLE_USAGE ( .BOTH. , #9106 ) ;
#3167 = SURFACE_STYLE_USAGE ( .BOTH. , #3755 ) ;
#3168 = ADVANCED_FACE ( 'NONE', ( #2207 ), #3609, .T. ) ;
#3169 = FILL_AREA_STYLE ('',( #1617 ) ) ;
#3170 = SURFACE_STYLE_FILL_AREA ( #11966 ) ;
#3171 = ORIENTED_EDGE ( 'NONE', *, *, #3991, .T. ) ;
#3172 = VECTOR ( 'NONE', #6600, 1000.000000000000000 ) ;
#3173 = EDGE_CURVE ( 'NONE', #741, #10339, #8847, .T. ) ;
#3174 = COLOUR_RGB ( '',1.000000000000000000, 1.000000000000000000, 1.000000000000000000 ) ;
#3175 = EDGE_CURVE ( 'NONE', #9847, #6302, #9766, .T. ) ;
#3176 = COLOUR_RGB ( '',1.000000000000000000, 1.000000000000000000, 1.000000000000000000 ) ;
#3177 = STYLED_ITEM ( 'NONE', ( #6512 ), #6739 ) ;
#3178 = DIRECTION ( 'NONE',  ( 0.0000000000000000000, 1.000000000000000000, -0.0000000000000000000 ) ) ;
#3179 = EDGE_CURVE ( 'NONE', #8022, #7493, #3586, .T. ) ;
#3180 = VECTOR ( 'NONE', #6702, 1000.000000000000000 ) ;
#3181 = SURFACE_STYLE_USAGE ( .BOTH. , #9117 ) ;
#3182 =( NAMED_UNIT ( * ) PLANE_ANGLE_UNIT ( ) SI_UNIT ( $, .RADIAN. ) );
#3183 = ADVANCED_FACE ( 'NONE', ( #6222 ), #12681, .T. ) ;
#3184 = VECTOR ( 'NONE', #4446, 1000.000000000000000 ) ;
#3185 = VERTEX_POINT ( 'NONE', #8339 ) ;
#3186 = VECTOR ( 'NONE', #520, 1000.000000000000000 ) ;
#3187 = SURFACE_STYLE_FILL_AREA ( #9654 ) ;
#3188 = DIRECTION ( 'NONE',  ( -1.000000000000000000, 0.0000000000000000000, 0.0000000000000000000 ) ) ;
#3189 = CARTESIAN_POINT ( 'NONE',  ( 0.5439116535429402433, 0.0000000000000000000, 1.320000718934352335 ) ) ;
#3190 = CARTESIAN_POINT ( 'NONE',  ( -1.405285648646613650, 0.1131787902083005448, 1.305285648646613783 ) ) ;
#3191 = LINE ( 'NONE', #1543, #2881 ) ;
#3192 = SURFACE_SIDE_STYLE ('',( #3702 ) ) ;
#3193 = VECTOR ( 'NONE', #7025, 1000.000000000000000 ) ;
#3194 = MECHANICAL_DESIGN_GEOMETRIC_PRESENTATION_REPRESENTATION (  '', ( #1210 ), #3881 ) ;
#3195 = PRESENTATION_LAYER_ASSIGNMENT (  '', '', ( #1884 ) ) ;
#3196 = STYLED_ITEM ( 'NONE', ( #938 ), #2855 ) ;
#3197 = VERTEX_POINT ( 'NONE', #3434 ) ;
#3198 = FILL_AREA_STYLE ('',( #6108 ) ) ;
#3199 = EDGE_CURVE ( 'NONE', #2157, #4952, #10235, .T. ) ;
#3200 = FACE_OUTER_BOUND ( 'NONE', #11424, .T. ) ;
#3201 = ORIENTED_EDGE ( 'NONE', *, *, #1399, .F. ) ;
#3202 = ORIENTED_EDGE ( 'NONE', *, *, #143, .T. ) ;
#3203 = VERTEX_POINT ( 'NONE', #2485 ) ;
#3204 = MECHANICAL_DESIGN_GEOMETRIC_PRESENTATION_REPRESENTATION (  '', ( #1218 ), #3889 ) ;
#3205 = DIRECTION ( 'NONE',  ( 0.0000000000000000000, 0.0000000000000000000, 1.000000000000000000 ) ) ;
#3206 = EDGE_CURVE ( 'NONE', #4280, #8923, #5001, .T. ) ;
#3207 = FILL_AREA_STYLE ('',( #12072 ) ) ;
#3208 = LINE ( 'NONE', #382, #2897 ) ;
#3209 = DIRECTION ( 'NONE',  ( 0.0000000000000000000, 1.000000000000000000, 0.0000000000000000000 ) ) ;
#3210 = VECTOR ( 'NONE', #4708, 1000.000000000000000 ) ;
#3211 = DIRECTION ( 'NONE',  ( 1.000000000000000000, -0.0000000000000000000, -0.0000000000000000000 ) ) ;
#3212 = ORIENTED_EDGE ( 'NONE', *, *, #4402, .T. ) ;
#3213 = ORIENTED_EDGE ( 'NONE', *, *, #7598, .T. ) ;
#3214 = VECTOR ( 'NONE', #2617, 1000.000000000000000 ) ;
#3216 = FILL_AREA_STYLE ('',( #8746 ) ) ;
#3215 = VECTOR ( 'NONE', #4665, 1000.000000000000000 ) ;
#3217 = FILL_AREA_STYLE_COLOUR ( '', #12789 ) ;
#3218 = LINE ( 'NONE', #12150, #8490 ) ;
#3219 = ORIENTED_EDGE ( 'NONE', *, *, #4680, .T. ) ;
#3220 =( LENGTH_UNIT ( ) NAMED_UNIT ( * ) SI_UNIT ( .MILLI., .METRE. ) );
#3221 = STYLED_ITEM ( 'NONE', ( #7194 ), #2052 ) ;
#3222 = CARTESIAN_POINT ( 'NONE',  ( 0.5439116535429402433, 0.1000000000000000056, 1.276162611327208651 ) ) ;
#3223 =( NAMED_UNIT ( * ) PLANE_ANGLE_UNIT ( ) SI_UNIT ( $, .RADIAN. ) );
#3224 = FACE_OUTER_BOUND ( 'NONE', #4419, .T. ) ;
#3225 = UNCERTAINTY_MEASURE_WITH_UNIT (LENGTH_MEASURE( 1.000000000000000082E-05 ), #4914, 'distance_accuracy_value', 'NONE');
#3226 = EDGE_CURVE ( 'NONE', #9508, #9944, #12550, .T. ) ;
#3227 = ORIENTED_EDGE ( 'NONE', *, *, #10483, .F. ) ;
#3228 = PRESENTATION_STYLE_ASSIGNMENT (( #5385 ) ) ;
#3229 = CARTESIAN_POINT ( 'NONE',  ( 0.0000000000000000000, 0.1000000000000000056, -1.277681107331943622 ) ) ;
#3230 = LINE ( 'NONE', #6719, #583 ) ;
#3231 = PRESENTATION_LAYER_ASSIGNMENT (  '', '', ( #2570 ) ) ;
#3232 = VECTOR ( 'NONE', #8237, 1000.000000000000000 ) ;
#3233 = PRESENTATION_STYLE_ASSIGNMENT (( #12217 ) ) ;
#3234 = SURFACE_STYLE_FILL_AREA ( #7618 ) ;
#3235 = VERTEX_POINT ( 'NONE', #6903 ) ;
#3236 = VECTOR ( 'NONE', #10060, 999.9999999999998863 ) ;
#3237 = CARTESIAN_POINT ( 'NONE',  ( 0.4810022717477533405, -0.05000000000000000278, -1.199999999999999289 ) ) ;
#3238 = LINE ( 'NONE', #9710, #279 ) ;
#3239 = ORIENTED_EDGE ( 'NONE', *, *, #9967, .T. ) ;
#3240 = SURFACE_STYLE_FILL_AREA ( #3527 ) ;
#3241 = AXIS2_PLACEMENT_3D ( 'NONE', #9311, #3398, #10300 ) ;
#3242 = ORIENTED_EDGE ( 'NONE', *, *, #4862, .F. ) ;
#3243 = EDGE_CURVE ( 'NONE', #5195, #3100, #12847, .T. ) ;
#3244 =( NAMED_UNIT ( * ) PLANE_ANGLE_UNIT ( ) SI_UNIT ( $, .RADIAN. ) );
#3245 = LINE ( 'NONE', #1409, #5889 ) ;
#3246 = CIRCLE ( 'NONE', #10242, 0.05920802862897456276 ) ;
#3247 =( GEOMETRIC_REPRESENTATION_CONTEXT ( 3 ) GLOBAL_UNCERTAINTY_ASSIGNED_CONTEXT ( ( #6413 ) ) GLOBAL_UNIT_ASSIGNED_CONTEXT ( ( #4177, #11063, #5179 ) ) REPRESENTATION_CONTEXT ( 'NONE', 'WORKASPACE' ) );
#3248 = VERTEX_POINT ( 'NONE', #2435 ) ;
#3249 = CARTESIAN_POINT ( 'NONE',  ( 0.8189977282522473701, 0.1000000000000000056, 0.0000000000000000000 ) ) ;
#3250 = ORIENTED_EDGE ( 'NONE', *, *, #4753, .F. ) ;
#3252 = EDGE_LOOP ( 'NONE', ( #202, #2675, #10732, #3047 ) ) ;
#3251 = SURFACE_STYLE_USAGE ( .BOTH. , #9161 ) ;
#3253 = CARTESIAN_POINT ( 'NONE',  ( 0.0000000000000000000, 0.0000000000000000000, -1.500000000000000000 ) ) ;
#3254 = LINE ( 'NONE', #6434, #10842 ) ;
#3255 =( LENGTH_UNIT ( ) NAMED_UNIT ( * ) SI_UNIT ( .MILLI., .METRE. ) );
#3256 = FILL_AREA_STYLE_COLOUR ( '', #4245 ) ;
#3257 = PLANE ( 'NONE',  #4288 ) ;
#3258 = EDGE_LOOP ( 'NONE', ( #4599, #10582, #2844, #10899 ) ) ;
#3259 = VERTEX_POINT ( 'NONE', #1448 ) ;
#3260 = SURFACE_STYLE_USAGE ( .BOTH. , #3305 ) ;
#3261 = EDGE_LOOP ( 'NONE', ( #6030, #6170, #6318, #6492 ) ) ;
#3262 = CARTESIAN_POINT ( 'NONE',  ( -0.8149999999999995026, 0.0000000000000000000, 1.500000000000000000 ) ) ;
#3263 = CARTESIAN_POINT ( 'NONE',  ( 1.042656287931754022, 0.1000000000000000056, -0.3999999999999976907 ) ) ;
#3264 =( NAMED_UNIT ( * ) PLANE_ANGLE_UNIT ( ) SI_UNIT ( $, .RADIAN. ) );
#3265 = PRESENTATION_LAYER_ASSIGNMENT (  '', '', ( #1942 ) ) ;
#3266 = COLOUR_RGB ( '',1.000000000000000000, 1.000000000000000000, 1.000000000000000000 ) ;
#3267 = STYLED_ITEM ( 'NONE', ( #4759 ), #5799 ) ;
#3269 = EDGE_CURVE ( 'NONE', #2593, #9831, #7300, .T. ) ;
#3268 = DIRECTION ( 'NONE',  ( 0.0000000000000000000, 0.0000000000000000000, -1.000000000000000000 ) ) ;
#3271 = ADVANCED_FACE ( 'NONE', ( #4691 ), #12720, .T. ) ;
#3270 = DIRECTION ( 'NONE',  ( 1.000000000000000000, -0.0000000000000000000, 0.0000000000000000000 ) ) ;
#3272 = CARTESIAN_POINT ( 'NONE',  ( -1.291219160478732864, 0.6999999999999999556, -1.191219160478733219 ) ) ;
#3273 = EDGE_CURVE ( 'NONE', #2252, #12452, #8683, .T. ) ;
#3274 = DIRECTION ( 'NONE',  ( -1.000000000000000000, 0.0000000000000000000, -0.0000000000000000000 ) ) ;
#3275 = STYLED_ITEM ( 'NONE', ( #6223 ), #6240 ) ;
#3276 = ORIENTED_EDGE ( 'NONE', *, *, #3606, .F. ) ;
#3277 = DIRECTION ( 'NONE',  ( 0.0000000000000000000, 0.0000000000000000000, -1.000000000000000000 ) ) ;
#3278 = ORIENTED_EDGE ( 'NONE', *, *, #657, .T. ) ;
#3279 = LINE ( 'NONE', #10884, #630 ) ;
#3280 = STYLED_ITEM ( 'NONE', ( #4981 ), #644 ) ;
#3281 = CARTESIAN_POINT ( 'NONE',  ( 0.1090647362923319458, 0.1000000000000000056, 1.375493264616636457 ) ) ;
#3282 = SURFACE_SIDE_STYLE ('',( #11579 ) ) ;
#3283 = ORIENTED_EDGE ( 'NONE', *, *, #4921, .F. ) ;
#3284 = ORIENTED_EDGE ( 'NONE', *, *, #3206, .T. ) ;
#3285 = CARTESIAN_POINT ( 'NONE',  ( -1.540045451220498407, 0.0000000000000000000, -0.07500000000000017764 ) ) ;
#3286 =( GEOMETRIC_REPRESENTATION_CONTEXT ( 3 ) GLOBAL_UNCERTAINTY_ASSIGNED_CONTEXT ( ( #11931 ) ) GLOBAL_UNIT_ASSIGNED_CONTEXT ( ( #1262, #1220, #1163 ) ) REPRESENTATION_CONTEXT ( 'NONE', 'WORKASPACE' ) );
#3287 = AXIS2_PLACEMENT_3D ( 'NONE', #3808, #10714, #4830 ) ;
#3288 = PRESENTATION_STYLE_ASSIGNMENT (( #9898 ) ) ;
#3289 = CARTESIAN_POINT ( 'NONE',  ( -0.7590647362923303998, -0.05000000000000000278, 1.375493264616636457 ) ) ;
#3290 = SURFACE_STYLE_USAGE ( .BOTH. , #9204 ) ;
#3291 = CARTESIAN_POINT ( 'NONE',  ( -1.257124604555293956, 0.1000000000000000056, 0.1031605786060936225 ) ) ;
#3292 = CARTESIAN_POINT ( 'NONE',  ( 0.7406944999838511734, 0.1000000000000000056, 1.249999999999999112 ) ) ;
#3293 = COLOUR_RGB ( '',0.2509803921568627416, 0.2509803921568627416, 0.2509803921568627416 ) ;
#3294 = ORIENTED_EDGE ( 'NONE', *, *, #3442, .F. ) ;
#3295 = FILL_AREA_STYLE ('',( #860 ) ) ;
#3296 =( LENGTH_UNIT ( ) NAMED_UNIT ( * ) SI_UNIT ( .MILLI., .METRE. ) );
#3297 = FILL_AREA_STYLE_COLOUR ( '', #3293 ) ;
#3298 = EDGE_LOOP ( 'NONE', ( #6816, #6347, #4967, #4370 ) ) ;
#3299 = AXIS2_PLACEMENT_3D ( 'NONE', #5711, #11556, #8550 ) ;
#3301 = CARTESIAN_POINT ( 'NONE',  ( 0.1372400328159084637, -0.05000000000000000278, -1.277681107331943622 ) ) ;
#3300 = LINE ( 'NONE', #1389, #8566 ) ;
#3302 = UNCERTAINTY_MEASURE_WITH_UNIT (LENGTH_MEASURE( 1.000000000000000082E-05 ), #7388, 'distance_accuracy_value', 'NONE');
#3303 =( GEOMETRIC_REPRESENTATION_CONTEXT ( 3 ) GLOBAL_UNCERTAINTY_ASSIGNED_CONTEXT ( ( #8778 ) ) GLOBAL_UNIT_ASSIGNED_CONTEXT ( ( #2480, #9379, #3467 ) ) REPRESENTATION_CONTEXT ( 'NONE', 'WORKASPACE' ) );
#3304 = STYLED_ITEM ( 'NONE', ( #10519 ), #3783 ) ;
#3305 = SURFACE_SIDE_STYLE ('',( #284 ) ) ;
#3306 = ORIENTED_EDGE ( 'NONE', *, *, #11765, .T. ) ;
#3307 =( NAMED_UNIT ( * ) SI_UNIT ( $, .STERADIAN. ) SOLID_ANGLE_UNIT ( ) );
#3308 =( NAMED_UNIT ( * ) SI_UNIT ( $, .STERADIAN. ) SOLID_ANGLE_UNIT ( ) );
#3309 = DIRECTION ( 'NONE',  ( 0.0000000000000000000, 0.0000000000000000000, 1.000000000000000000 ) ) ;
#3310 = PRESENTATION_LAYER_ASSIGNMENT (  '', '', ( #1994 ) ) ;
#3311 = FILL_AREA_STYLE_COLOUR ( '', #2098 ) ;
#3312 = PLANE ( 'NONE',  #5780 ) ;
#3313 = DIRECTION ( 'NONE',  ( -1.000000000000000000, 0.0000000000000000000, -0.0000000000000000000 ) ) ;
#3314 = ORIENTED_EDGE ( 'NONE', *, *, #5484, .F. ) ;
#3315 = PLANE ( 'NONE',  #6521 ) ;
#3316 = SURFACE_STYLE_FILL_AREA ( #3494 ) ;
#3317 = UNCERTAINTY_MEASURE_WITH_UNIT (LENGTH_MEASURE( 1.000000000000000082E-05 ), #6295, 'distance_accuracy_value', 'NONE');
#3318 = LINE ( 'NONE', #7455, #2999 ) ;
#3319 = EDGE_CURVE ( 'NONE', #10761, #8688, #3729, .T. ) ;
#3320 =( LENGTH_UNIT ( ) NAMED_UNIT ( * ) SI_UNIT ( .MILLI., .METRE. ) );
#3321 = EDGE_CURVE ( 'NONE', #2146, #8485, #6060, .T. ) ;
#3322 = DIRECTION ( 'NONE',  ( 1.000000000000000000, -0.0000000000000000000, 0.0000000000000000000 ) ) ;
#3323 = PLANE ( 'NONE',  #3898 ) ;
#3324 = DIRECTION ( 'NONE',  ( 0.0000000000000000000, 0.0000000000000000000, 1.000000000000000000 ) ) ;
#3325 = EDGE_LOOP ( 'NONE', ( #8960, #5477, #628, #7113, #10518, #11237, #9436, #6315, #5263, #6767 ) ) ;
#3326 = DIRECTION ( 'NONE',  ( 0.0000000000000000000, -1.000000000000000000, 0.0000000000000000000 ) ) ;
#3327 = LINE ( 'NONE', #4712, #675 ) ;
#3328 = ORIENTED_EDGE ( 'NONE', *, *, #9574, .T. ) ;
#3329 = AXIS2_PLACEMENT_3D ( 'NONE', #6422, #480, #7422 ) ;
#3330 = LINE ( 'NONE', #5932, #362 ) ;
#3331 = SURFACE_STYLE_USAGE ( .BOTH. , #4307 ) ;
#3332 = CARTESIAN_POINT ( 'NONE',  ( -1.540045451220497963, 0.1000000000000000056, 0.1083811245156857256 ) ) ;
#3333 = FILL_AREA_STYLE ('',( #2388 ) ) ;
#3334 =( NAMED_UNIT ( * ) SI_UNIT ( $, .STERADIAN. ) SOLID_ANGLE_UNIT ( ) );
#3335 = ORIENTED_EDGE ( 'NONE', *, *, #8531, .T. ) ;
#3336 = PRESENTATION_LAYER_ASSIGNMENT (  '', '', ( #4010 ) ) ;
#3337 = FILL_AREA_STYLE_COLOUR ( '', #3483 ) ;
#3338 = FILL_AREA_STYLE ('',( #2352 ) ) ;
#3339 = AXIS2_PLACEMENT_3D ( 'NONE', #2791, #9720, #3804 ) ;
#3340 = VECTOR ( 'NONE', #1808, 1000.000000000000000 ) ;
#3341 = VECTOR ( 'NONE', #1652, 1000.000000000000000 ) ;
#3342 = DIRECTION ( 'NONE',  ( 0.0000000000000000000, 1.000000000000000000, -0.0000000000000000000 ) ) ;
#3343 =( NAMED_UNIT ( * ) SI_UNIT ( $, .STERADIAN. ) SOLID_ANGLE_UNIT ( ) );
#3344 = DIRECTION ( 'NONE',  ( 1.000000000000000000, -0.0000000000000000000, 0.0000000000000000000 ) ) ;
#3345 = PLANE ( 'NONE',  #11012 ) ;
#3346 = LINE ( 'NONE', #658, #10926 ) ;
#3347 = ORIENTED_EDGE ( 'NONE', *, *, #1946, .F. ) ;
#3348 = CARTESIAN_POINT ( 'NONE',  ( -1.197916575926319283, 0.1000000000000000056, -0.2000076143446563315 ) ) ;
#3349 =( LENGTH_UNIT ( ) NAMED_UNIT ( * ) SI_UNIT ( .MILLI., .METRE. ) );
#3350 = CIRCLE ( 'NONE', #11690, 0.1441859702731563275 ) ;
#3351 = ORIENTED_EDGE ( 'NONE', *, *, #3012, .F. ) ;
#3352 = FACE_OUTER_BOUND ( 'NONE', #5099, .T. ) ;
#3353 = ORIENTED_EDGE ( 'NONE', *, *, #6027, .T. ) ;
#3354 = VERTEX_POINT ( 'NONE', #12032 ) ;
#3355 = SURFACE_STYLE_FILL_AREA ( #1116 ) ;
#3356 = EDGE_CURVE ( 'NONE', #1364, #9750, #8380, .T. ) ;
#3357 = ORIENTED_EDGE ( 'NONE', *, *, #3608, .F. ) ;
#3358 = EDGE_LOOP ( 'NONE', ( #11441, #11890, #12372, #10376 ) ) ;
#3359 = EDGE_CURVE ( 'NONE', #6210, #2690, #770, .T. ) ;
#3360 = AXIS2_PLACEMENT_3D ( 'NONE', #9954, #4066, #10966 ) ;
#3361 = SURFACE_STYLE_FILL_AREA ( #11438 ) ;
#3362 =( LENGTH_UNIT ( ) NAMED_UNIT ( * ) SI_UNIT ( .MILLI., .METRE. ) );
#3363 =( NAMED_UNIT ( * ) SI_UNIT ( $, .STERADIAN. ) SOLID_ANGLE_UNIT ( ) );
#3364 = LINE ( 'NONE', #7988, #2286 ) ;
#3365 = CARTESIAN_POINT ( 'NONE',  ( 0.4949999999999992184, 0.1000000000000000056, 1.375493264616636679 ) ) ;
#3366 = SURFACE_STYLE_FILL_AREA ( #9854 ) ;
#3367 = CARTESIAN_POINT ( 'NONE',  ( 1.134999999999998010, -0.05000000000000000278, -0.3161628721251190655 ) ) ;
#3368 = CARTESIAN_POINT ( 'NONE',  ( 0.0000000000000000000, -0.05000000000000000278, -1.277681107331943622 ) ) ;
#3369 = EDGE_LOOP ( 'NONE', ( #4259, #90, #7805, #1567 ) ) ;
#3370 = SURFACE_STYLE_FILL_AREA ( #8228 ) ;
#3371 = ORIENTED_EDGE ( 'NONE', *, *, #2013, .T. ) ;
#3372 = PRESENTATION_STYLE_ASSIGNMENT (( #7708 ) ) ;
#3373 = ORIENTED_EDGE ( 'NONE', *, *, #12417, .F. ) ;
#3374 = ORIENTED_EDGE ( 'NONE', *, *, #2834, .F. ) ;
#3375 = ORIENTED_EDGE ( 'NONE', *, *, #10922, .T. ) ;
#3376 = UNCERTAINTY_MEASURE_WITH_UNIT (LENGTH_MEASURE( 1.000000000000000082E-05 ), #4727, 'distance_accuracy_value', 'NONE');
#3377 = ADVANCED_FACE ( 'NONE', ( #459 ), #11447, .T. ) ;
#3378 = ORIENTED_EDGE ( 'NONE', *, *, #11659, .F. ) ;
#3379 = CARTESIAN_POINT ( 'NONE',  ( -1.257124604555293956, 0.0000000000000000000, -0.1031605786060936225 ) ) ;
#3380 = DIRECTION ( 'NONE',  ( 0.0000000000000000000, -1.000000000000000000, 0.0000000000000000000 ) ) ;
#3381 = PRESENTATION_STYLE_ASSIGNMENT (( #575 ) ) ;
#3382 = STYLED_ITEM ( 'NONE', ( #5100 ), #1111 ) ;
#3383 = PRESENTATION_LAYER_ASSIGNMENT (  '', '', ( #2712 ) ) ;
#3384 = STYLED_ITEM ( 'NONE', ( #8538 ), #3183 ) ;
#3385 = DIRECTION ( 'NONE',  ( 0.0000000000000000000, -1.000000000000000000, 0.0000000000000000000 ) ) ;
#3386 = VECTOR ( 'NONE', #6960, 1000.000000000000000 ) ;
#3387 = EDGE_CURVE ( 'NONE', #7505, #4494, #5388, .T. ) ;
#3388 = ORIENTED_EDGE ( 'NONE', *, *, #3916, .F. ) ;
#3389 = SURFACE_STYLE_FILL_AREA ( #8846 ) ;
#3390 = ADVANCED_FACE ( 'NONE', ( #8689 ), #10493, .T. ) ;
#3391 = DIRECTION ( 'NONE',  ( -0.0000000000000000000, 0.0000000000000000000, 1.000000000000000000 ) ) ;
#3392 = LINE ( 'NONE', #4425, #8340 ) ;
#3393 = ORIENTED_EDGE ( 'NONE', *, *, #803, .F. ) ;
#3394 = STYLED_ITEM ( 'NONE', ( #5111 ), #123 ) ;
#3395 = AXIS2_PLACEMENT_3D ( 'NONE', #8891, #2960, #9877 ) ;
#3396 = FILL_AREA_STYLE ('',( #3449 ) ) ;
#3397 = UNCERTAINTY_MEASURE_WITH_UNIT (LENGTH_MEASURE( 1.000000000000000082E-05 ), #6506, 'distance_accuracy_value', 'NONE');
#3398 = DIRECTION ( 'NONE',  ( 1.000000000000000000, 0.0000000000000000000, -0.0000000000000000000 ) ) ;
#3399 = DIRECTION ( 'NONE',  ( -1.000000000000000000, 0.0000000000000000000, -0.0000000000000000000 ) ) ;
#3400 = CARTESIAN_POINT ( 'NONE',  ( 1.135000000000004894, -0.05000000000000000278, -2.485305147012454610E-14 ) ) ;
#3401 = SURFACE_SIDE_STYLE ('',( #10325 ) ) ;
#3402 = CYLINDRICAL_SURFACE ( 'NONE', #8264, 0.1000000000000000472 ) ;
#3404 = ADVANCED_FACE ( 'NONE', ( #135 ), #9947, .T. ) ;
#3403 = DIRECTION ( 'NONE',  ( 0.0000000000000000000, 0.0000000000000000000, 1.000000000000000000 ) ) ;
#3405 = DIRECTION ( 'NONE',  ( 0.0000000000000000000, -1.000000000000000000, 0.0000000000000000000 ) ) ;
#3406 = LINE ( 'NONE', #1715, #8666 ) ;
#3407 = EDGE_LOOP ( 'NONE', ( #10851, #3357, #8627, #2374, #9111, #9499, #12760, #3531, #7858, #3534, #8937, #6483, #11340, #4145, #3984, #1505, #425, #8357, #7258, #2105 ) ) ;
#3408 = LINE ( 'NONE', #12261, #8355 ) ;
#3409 = EDGE_LOOP ( 'NONE', ( #6895, #7815, #8126, #10445 ) ) ;
#3410 = SURFACE_STYLE_USAGE ( .BOTH. , #9320 ) ;
#3411 = EDGE_CURVE ( 'NONE', #8699, #9750, #4213, .T. ) ;
#3412 = COLOUR_RGB ( '',1.000000000000000000, 1.000000000000000000, 1.000000000000000000 ) ;
#3413 = DIRECTION ( 'NONE',  ( -1.000000000000000000, 0.0000000000000000000, 0.0000000000000000000 ) ) ;
#3414 = CARTESIAN_POINT ( 'NONE',  ( 0.5087622389318458005, 0.1000000000000000056, 0.0000000000000000000 ) ) ;
#3415 = MECHANICAL_DESIGN_GEOMETRIC_PRESENTATION_REPRESENTATION (  '', ( #2090 ), #4081 ) ;
#3416 = VECTOR ( 'NONE', #7301, 1000.000000000000000 ) ;
#3417 = ORIENTED_EDGE ( 'NONE', *, *, #6144, .T. ) ;
#3418 = DIRECTION ( 'NONE',  ( 0.0000000000000000000, 0.0000000000000000000, -1.000000000000000000 ) ) ;
#3419 = ORIENTED_EDGE ( 'NONE', *, *, #9402, .T. ) ;
#3420 = ORIENTED_EDGE ( 'NONE', *, *, #11209, .T. ) ;
#3421 = PLANE ( 'NONE',  #9846 ) ;
#3422 = CARTESIAN_POINT ( 'NONE',  ( 0.0000000000000000000, 0.1000000000000000056, 0.0000000000000000000 ) ) ;
#3423 = AXIS2_PLACEMENT_3D ( 'NONE', #2944, #9848, #3950 ) ;
#3424 = DIRECTION ( 'NONE',  ( -2.189696164768673130E-14, 0.0000000000000000000, 1.000000000000000000 ) ) ;
#3425 =( GEOMETRIC_REPRESENTATION_CONTEXT ( 3 ) GLOBAL_UNCERTAINTY_ASSIGNED_CONTEXT ( ( #9585 ) ) GLOBAL_UNIT_ASSIGNED_CONTEXT ( ( #3066, #9972, #4085 ) ) REPRESENTATION_CONTEXT ( 'NONE', 'WORKASPACE' ) );
#3426 = CARTESIAN_POINT ( 'NONE',  ( -0.07991409846422234398, -0.05000000000000000278, 1.276162611327208873 ) ) ;
#3427 = VECTOR ( 'NONE', #12292, 1000.000000000000000 ) ;
#3428 = PRESENTATION_STYLE_ASSIGNMENT (( #6023 ) ) ;
#3429 = ORIENTED_EDGE ( 'NONE', *, *, #2582, .F. ) ;
#3430 = VERTEX_POINT ( 'NONE', #9450 ) ;
#3431 = VECTOR ( 'NONE', #9100, 1000.000000000000000 ) ;
#3432 = CARTESIAN_POINT ( 'NONE',  ( 0.0000000000000000000, -0.05000000000000000278, 1.249999999999999112 ) ) ;
#3433 = LINE ( 'NONE', #4866, #11007 ) ;
#3434 = CARTESIAN_POINT ( 'NONE',  ( -0.5693055000161476586, 0.0000000000000000000, 1.249999999999999112 ) ) ;
#3435 = FACE_OUTER_BOUND ( 'NONE', #8381, .T. ) ;
#3436 = FACE_OUTER_BOUND ( 'NONE', #12626, .T. ) ;
#3437 = DIRECTION ( 'NONE',  ( -1.000000000000000000, 0.0000000000000000000, -0.0000000000000000000 ) ) ;
#3438 = DIRECTION ( 'NONE',  ( 0.0000000000000000000, 0.0000000000000000000, -1.000000000000000000 ) ) ;
#3439 = AXIS2_PLACEMENT_3D ( 'NONE', #1228, #11168, #5284 ) ;
#3440 = STYLED_ITEM ( 'NONE', ( #9191 ), #6035 ) ;
#3442 = EDGE_CURVE ( 'NONE', #2221, #10955, #11763, .T. ) ;
#3441 = CARTESIAN_POINT ( 'NONE',  ( -1.257124604555293956, 0.1000000000000000056, 0.1031605786060936225 ) ) ;
#3443 = SURFACE_SIDE_STYLE ('',( #560 ) ) ;
#3444 = EDGE_CURVE ( 'NONE', #8942, #12580, #12074, .T. ) ;
#3445 = COLOUR_RGB ( '',1.000000000000000000, 1.000000000000000000, 1.000000000000000000 ) ;
#3446 =( GEOMETRIC_REPRESENTATION_CONTEXT ( 3 ) GLOBAL_UNCERTAINTY_ASSIGNED_CONTEXT ( ( #11158 ) ) GLOBAL_UNIT_ASSIGNED_CONTEXT ( ( #1382, #8294, #2382 ) ) REPRESENTATION_CONTEXT ( 'NONE', 'WORKASPACE' ) );
#3447 = ORIENTED_EDGE ( 'NONE', *, *, #2527, .F. ) ;
#3448 = CARTESIAN_POINT ( 'NONE',  ( 1.599999999999999645, 0.1499999999999999944, 1.355814029726843728 ) ) ;
#3449 = FILL_AREA_STYLE_COLOUR ( '', #8206 ) ;
#3450 = ORIENTED_EDGE ( 'NONE', *, *, #2312, .T. ) ;
#3451 = PRESENTATION_STYLE_ASSIGNMENT (( #7785 ) ) ;
#3452 = SURFACE_SIDE_STYLE ('',( #10809 ) ) ;
#3453 = SURFACE_SIDE_STYLE ('',( #4393 ) ) ;
#3454 = ADVANCED_FACE ( 'NONE', ( #3897 ), #9043, .T. ) ;
#3455 =( GEOMETRIC_REPRESENTATION_CONTEXT ( 3 ) GLOBAL_UNCERTAINTY_ASSIGNED_CONTEXT ( ( #4381 ) ) GLOBAL_UNIT_ASSIGNED_CONTEXT ( ( #9910, #4002, #10910 ) ) REPRESENTATION_CONTEXT ( 'NONE', 'WORKASPACE' ) );
#3456 = STYLED_ITEM ( 'NONE', ( #11928 ), #2782 ) ;
#3457 = ORIENTED_EDGE ( 'NONE', *, *, #24, .F. ) ;
#3458 = EDGE_CURVE ( 'NONE', #2671, #2275, #2942, .T. ) ;
#3459 = STYLED_ITEM ( 'NONE', ( #9411 ), #7738 ) ;
#3460 = EDGE_CURVE ( 'NONE', #4721, #9177, #5604, .T. ) ;
#3461 = ORIENTED_EDGE ( 'NONE', *, *, #8673, .T. ) ;
#3462 = UNCERTAINTY_MEASURE_WITH_UNIT (LENGTH_MEASURE( 1.000000000000000082E-05 ), #6570, 'distance_accuracy_value', 'NONE');
#3463 = CARTESIAN_POINT ( 'NONE',  ( -0.8149999999999995026, 0.1000000000000000056, 0.0000000000000000000 ) ) ;
#3464 = FILL_AREA_STYLE_COLOUR ( '', #11073 ) ;
#3465 = VERTEX_POINT ( 'NONE', #7989 ) ;
#3466 =( NAMED_UNIT ( * ) PLANE_ANGLE_UNIT ( ) SI_UNIT ( $, .RADIAN. ) );
#3467 =( NAMED_UNIT ( * ) SI_UNIT ( $, .STERADIAN. ) SOLID_ANGLE_UNIT ( ) );
#3468 = DIRECTION ( 'NONE',  ( 0.0000000000000000000, 1.000000000000000000, 0.0000000000000000000 ) ) ;
#3469 = AXIS2_PLACEMENT_3D ( 'NONE', #4994, #4614, #4484 ) ;
#3470 = MECHANICAL_DESIGN_GEOMETRIC_PRESENTATION_REPRESENTATION (  '', ( #1489 ), #4148 ) ;
#3471 = PLANE ( 'NONE',  #10587 ) ;
#3472 = FACE_OUTER_BOUND ( 'NONE', #11040, .T. ) ;
#3473 = ORIENTED_EDGE ( 'NONE', *, *, #7373, .T. ) ;
#3474 = DIRECTION ( 'NONE',  ( 0.0000000000000000000, 1.000000000000000000, -0.0000000000000000000 ) ) ;
#3475 = EDGE_CURVE ( 'NONE', #8160, #154, #2649, .T. ) ;
#3476 = DIRECTION ( 'NONE',  ( -1.000000000000000000, 0.0000000000000000000, -0.0000000000000000000 ) ) ;
#3477 = LINE ( 'NONE', #8393, #3151 ) ;
#3478 = UNCERTAINTY_MEASURE_WITH_UNIT (LENGTH_MEASURE( 1.000000000000000082E-05 ), #2880, 'distance_accuracy_value', 'NONE');
#3479 = DIRECTION ( 'NONE',  ( 0.0000000000000000000, 0.0000000000000000000, 1.000000000000000000 ) ) ;
#3480 = DIRECTION ( 'NONE',  ( 0.0000000000000000000, 0.0000000000000000000, 1.000000000000000000 ) ) ;
#3481 = SURFACE_SIDE_STYLE ('',( #1672 ) ) ;
#3482 =( GEOMETRIC_REPRESENTATION_CONTEXT ( 3 ) GLOBAL_UNCERTAINTY_ASSIGNED_CONTEXT ( ( #6482 ) ) GLOBAL_UNIT_ASSIGNED_CONTEXT ( ( #5966, #16, #6968 ) ) REPRESENTATION_CONTEXT ( 'NONE', 'WORKASPACE' ) );
#3483 = COLOUR_RGB ( '',1.000000000000000000, 1.000000000000000000, 1.000000000000000000 ) ;
#3484 =( NAMED_UNIT ( * ) PLANE_ANGLE_UNIT ( ) SI_UNIT ( $, .RADIAN. ) );
#3485 = SURFACE_SIDE_STYLE ('',( #11783 ) ) ;
#3486 = DIRECTION ( 'NONE',  ( 0.0000000000000000000, 1.000000000000000000, -0.0000000000000000000 ) ) ;
#3487 = EDGE_LOOP ( 'NONE', ( #5671, #7073, #10148, #11846 ) ) ;
#3488 = DIRECTION ( 'NONE',  ( 0.0000000000000000000, -1.000000000000000000, 0.0000000000000000000 ) ) ;
#3489 = COLOUR_RGB ( '',1.000000000000000000, 1.000000000000000000, 1.000000000000000000 ) ;
#3490 = AXIS2_PLACEMENT_3D ( 'NONE', #3034, #4056, #3083 ) ;
#3491 = EDGE_CURVE ( 'NONE', #7279, #9843, #303, .T. ) ;
#3492 = SURFACE_SIDE_STYLE ('',( #4654 ) ) ;
#3493 = PLANE ( 'NONE',  #12399 ) ;
#3494 = FILL_AREA_STYLE ('',( #2585 ) ) ;
#3495 = COLOUR_RGB ( '',1.000000000000000000, 1.000000000000000000, 1.000000000000000000 ) ;
#3496 = CARTESIAN_POINT ( 'NONE',  ( -0.09906473629233038258, 0.0000000000000000000, 1.375493264616636457 ) ) ;
#3497 = CARTESIAN_POINT ( 'NONE',  ( 1.197916575926319283, 0.1000000000000000056, 0.2000076143446563315 ) ) ;
#3498 = ORIENTED_EDGE ( 'NONE', *, *, #5376, .F. ) ;
#3499 = VECTOR ( 'NONE', #6480, 1000.000000000000000 ) ;
#3500 = CARTESIAN_POINT ( 'NONE',  ( -0.7660883464570584778, 0.0000000000000000000, 1.276162611327208651 ) ) ;
#3501 = CARTESIAN_POINT ( 'NONE',  ( 0.0000000000000000000, 0.0000000000000000000, 0.1031605786060936225 ) ) ;
#3502 = CYLINDRICAL_SURFACE ( 'NONE', #10594, 0.05920802862897456276 ) ;
#3503 = CARTESIAN_POINT ( 'NONE',  ( -0.5439116535429402433, -0.05000000000000000278, 0.0000000000000000000 ) ) ;
#3504 = SURFACE_STYLE_FILL_AREA ( #4497 ) ;
#3505 = CARTESIAN_POINT ( 'NONE',  ( 0.7406944999838511734, 0.0000000000000000000, 1.249999999999999112 ) ) ;
#3506 = LINE ( 'NONE', #8703, #8142 ) ;
#3508 = ORIENTED_EDGE ( 'NONE', *, *, #12465, .T. ) ;
#3507 = PRESENTATION_LAYER_ASSIGNMENT (  '', '', ( #2831 ) ) ;
#3509 = CARTESIAN_POINT ( 'NONE',  ( 1.599999999999999645, 0.1000000000000000056, -0.0000000000000000000 ) ) ;
#3510 = DIRECTION ( 'NONE',  ( 1.000000000000000000, -0.0000000000000000000, 0.0000000000000000000 ) ) ;
#3511 = AXIS2_PLACEMENT_3D ( 'NONE', #465, #7404, #1483 ) ;
#3512 = LINE ( 'NONE', #8751, #8463 ) ;
#3513 = EDGE_CURVE ( 'NONE', #12679, #7824, #5304, .T. ) ;
#3514 = EDGE_LOOP ( 'NONE', ( #7939, #7161, #7317, #492 ) ) ;
#3515 = EDGE_CURVE ( 'NONE', #5574, #3599, #10227, .T. ) ;
#3516 = LINE ( 'NONE', #8585, #1177 ) ;
#3517 =( NAMED_UNIT ( * ) PLANE_ANGLE_UNIT ( ) SI_UNIT ( $, .RADIAN. ) );
#3518 = EDGE_LOOP ( 'NONE', ( #10906, #12390, #1406, #1442, #10102, #6463, #969, #2776, #3461, #1558 ) ) ;
#3519 =( NAMED_UNIT ( * ) SI_UNIT ( $, .STERADIAN. ) SOLID_ANGLE_UNIT ( ) );
#3520 = VERTEX_POINT ( 'NONE', #7474 ) ;
#3521 = DIRECTION ( 'NONE',  ( 0.0000000000000000000, -1.000000000000000000, 0.0000000000000000000 ) ) ;
#3522 = ORIENTED_EDGE ( 'NONE', *, *, #6930, .F. ) ;
#3523 = CARTESIAN_POINT ( 'NONE',  ( 0.0000000000000000000, 0.1000000000000000056, -0.1031605786060936225 ) ) ;
#3524 =( NAMED_UNIT ( * ) SI_UNIT ( $, .STERADIAN. ) SOLID_ANGLE_UNIT ( ) );
#3525 = AXIS2_PLACEMENT_3D ( 'NONE', #6290, #10640, #551 ) ;
#3526 = ORIENTED_EDGE ( 'NONE', *, *, #12646, .T. ) ;
#3527 = FILL_AREA_STYLE ('',( #6468 ) ) ;
#3528 = LINE ( 'NONE', #2155, #882 ) ;
#3529 = AXIS2_PLACEMENT_3D ( 'NONE', #5624, #5591, #2677 ) ;
#3530 = CARTESIAN_POINT ( 'NONE',  ( -0.7912377610681550211, 0.1000000000000000056, -1.277681107331943622 ) ) ;
#3531 = ORIENTED_EDGE ( 'NONE', *, *, #12401, .T. ) ;
#3532 = FACE_OUTER_BOUND ( 'NONE', #7731, .T. ) ;
#3533 = EDGE_CURVE ( 'NONE', #5269, #7559, #2332, .T. ) ;
#3534 = ORIENTED_EDGE ( 'NONE', *, *, #11022, .F. ) ;
#3535 = VECTOR ( 'NONE', #6542, 1000.000000000000000 ) ;
#3536 = LINE ( 'NONE', #11413, #5862 ) ;
#3537 = ORIENTED_EDGE ( 'NONE', *, *, #4719, .T. ) ;
#3538 = MECHANICAL_DESIGN_GEOMETRIC_PRESENTATION_REPRESENTATION (  '', ( #1554 ), #4221 ) ;
#3539 = UNCERTAINTY_MEASURE_WITH_UNIT (LENGTH_MEASURE( 1.000000000000000082E-05 ), #4139, 'distance_accuracy_value', 'NONE');
#3540 = CARTESIAN_POINT ( 'NONE',  ( -0.1060883464570583357, 0.1000000000000000056, -0.0000000000000000000 ) ) ;
#3541 =( NAMED_UNIT ( * ) SI_UNIT ( $, .STERADIAN. ) SOLID_ANGLE_UNIT ( ) );
#3542 = PRESENTATION_STYLE_ASSIGNMENT (( #4101 ) ) ;
#3543 = VERTEX_POINT ( 'NONE', #7291 ) ;
#3544 = VECTOR ( 'NONE', #10256, 1000.000000000000000 ) ;
#3545 = FACE_OUTER_BOUND ( 'NONE', #5128, .T. ) ;
#3546 = FILL_AREA_STYLE ('',( #2549 ) ) ;
#3547 = EDGE_LOOP ( 'NONE', ( #4685, #8368, #7649, #8887 ) ) ;
#3548 =( NAMED_UNIT ( * ) PLANE_ANGLE_UNIT ( ) SI_UNIT ( $, .RADIAN. ) );
#3549 = CIRCLE ( 'NONE', #5069, 0.09130182425276713032 ) ;
#3551 = ORIENTED_EDGE ( 'NONE', *, *, #7760, .T. ) ;
#3550 = FILL_AREA_STYLE_COLOUR ( '', #5108 ) ;
#3552 = PRESENTATION_LAYER_ASSIGNMENT (  '', '', ( #4230 ) ) ;
#3553 =( GEOMETRIC_REPRESENTATION_CONTEXT ( 3 ) GLOBAL_UNCERTAINTY_ASSIGNED_CONTEXT ( ( #4923 ) ) GLOBAL_UNIT_ASSIGNED_CONTEXT ( ( #3296, #10221, #4327 ) ) REPRESENTATION_CONTEXT ( 'NONE', 'WORKASPACE' ) );
#3554 = AXIS2_PLACEMENT_3D ( 'NONE', #7071, #7034, #6994 ) ;
#3555 = DIRECTION ( 'NONE',  ( 0.0000000000000000000, 1.000000000000000000, 0.0000000000000000000 ) ) ;
#3556 = EDGE_CURVE ( 'NONE', #2506, #8880, #9904, .T. ) ;
#3557 = VECTOR ( 'NONE', #4077, 1000.000000000000000 ) ;
#3558 = LINE ( 'NONE', #8645, #11127 ) ;
#3559 = UNCERTAINTY_MEASURE_WITH_UNIT (LENGTH_MEASURE( 1.000000000000000082E-05 ), #1413, 'distance_accuracy_value', 'NONE');
#3560 = LINE ( 'NONE', #3996, #918 ) ;
#3561 = DIRECTION ( 'NONE',  ( 0.0000000000000000000, 0.0000000000000000000, 1.000000000000000000 ) ) ;
#3562 = SURFACE_STYLE_USAGE ( .BOTH. , #9473 ) ;
#3563 = LINE ( 'NONE', #5491, #5586 ) ;
#3564 = AXIS2_PLACEMENT_3D ( 'NONE', #11251, #7295, #6383 ) ;
#3565 = CARTESIAN_POINT ( 'NONE',  ( -0.1689977282522470148, -0.05000000000000000278, -1.199999999999999289 ) ) ;
#3566 = VECTOR ( 'NONE', #933, 1000.000000000000000 ) ;
#3567 = ORIENTED_EDGE ( 'NONE', *, *, #3356, .T. ) ;
#3568 = SURFACE_STYLE_FILL_AREA ( #3913 ) ;
#3569 = ORIENTED_EDGE ( 'NONE', *, *, #11819, .F. ) ;
#3570 = SURFACE_STYLE_USAGE ( .BOTH. , #9484 ) ;
#3571 = DIRECTION ( 'NONE',  ( -2.189696164768673130E-14, 0.0000000000000000000, -1.000000000000000000 ) ) ;
#3572 = SURFACE_SIDE_STYLE ('',( #1130 ) ) ;
#3573 = DIRECTION ( 'NONE',  ( 0.0000000000000000000, 0.0000000000000000000, 1.000000000000000000 ) ) ;
#3574 = ORIENTED_EDGE ( 'NONE', *, *, #4862, .T. ) ;
#3575 =( NAMED_UNIT ( * ) SI_UNIT ( $, .STERADIAN. ) SOLID_ANGLE_UNIT ( ) );
#3576 =( NAMED_UNIT ( * ) SI_UNIT ( $, .STERADIAN. ) SOLID_ANGLE_UNIT ( ) );
#3577 = MECHANICAL_DESIGN_GEOMETRIC_PRESENTATION_REPRESENTATION (  '', ( #1589 ), #4248 ) ;
#3578 = ORIENTED_EDGE ( 'NONE', *, *, #3411, .T. ) ;
#3579 = LINE ( 'NONE', #611, #12570 ) ;
#3580 = EDGE_CURVE ( 'NONE', #9712, #1242, #7602, .T. ) ;
#3581 = EDGE_CURVE ( 'NONE', #12723, #5656, #2039, .T. ) ;
#3582 = CARTESIAN_POINT ( 'NONE',  ( 1.134999999999999787, 0.1000000000000000056, -1.277681107331943622 ) ) ;
#3583 = STYLED_ITEM ( 'NONE', ( #10636 ), #9144 ) ;
#3584 = DIRECTION ( 'NONE',  ( 0.0000000000000000000, 0.0000000000000000000, -1.000000000000000000 ) ) ;
#3585 = CARTESIAN_POINT ( 'NONE',  ( -1.162759967184092247, 0.1000000000000000056, -1.277681107331943622 ) ) ;
#3586 = CIRCLE ( 'NONE', #2713, 0.02617424799283601944 ) ;
#3587 = SURFACE_SIDE_STYLE ('',( #1705 ) ) ;
#3589 = ORIENTED_EDGE ( 'NONE', *, *, #8531, .F. ) ;
#3588 = DIRECTION ( 'NONE',  ( 0.0000000000000000000, 1.000000000000000000, 0.0000000000000000000 ) ) ;
#3590 = VECTOR ( 'NONE', #3326, 1000.000000000000000 ) ;
#3591 = CARTESIAN_POINT ( 'NONE',  ( 1.162759967184092247, 0.1000000000000000056, -1.416874574924349872 ) ) ;
#3592 = AXIS2_PLACEMENT_3D ( 'NONE', #1769, #8700, #2756 ) ;
#3593 = FILL_AREA_STYLE ('',( #1803 ) ) ;
#3594 = AXIS2_PLACEMENT_3D ( 'NONE', #8481, #2554, #9466 ) ;
#3595 = DIRECTION ( 'NONE',  ( 0.0000000000000000000, 0.0000000000000000000, 1.000000000000000000 ) ) ;
#3596 = FACE_OUTER_BOUND ( 'NONE', #10882, .T. ) ;
#3597 = DIRECTION ( 'NONE',  ( 0.0000000000000000000, 0.0000000000000000000, 1.000000000000000000 ) ) ;
#3598 = ORIENTED_EDGE ( 'NONE', *, *, #12049, .T. ) ;
#3599 = VERTEX_POINT ( 'NONE', #6552 ) ;
#3600 = SURFACE_STYLE_USAGE ( .BOTH. , #9520 ) ;
#3601 = VECTOR ( 'NONE', #12742, 1000.000000000000000 ) ;
#3602 = ORIENTED_EDGE ( 'NONE', *, *, #3063, .F. ) ;
#3603 = DIRECTION ( 'NONE',  ( 0.0000000000000000000, -0.0000000000000000000, 1.000000000000000000 ) ) ;
#3604 = VERTEX_POINT ( 'NONE', #7766 ) ;
#3606 = EDGE_CURVE ( 'NONE', #4238, #112, #4378, .T. ) ;
#3605 = FILL_AREA_STYLE ('',( #1624 ) ) ;
#3607 = CARTESIAN_POINT ( 'NONE',  ( 0.1372400328159084637, 0.1000000000000000056, 0.0000000000000000000 ) ) ;
#3608 = EDGE_CURVE ( 'NONE', #5431, #914, #4683, .T. ) ;
#3609 = PLANE ( 'NONE',  #2068 ) ;
#3610 = VERTEX_POINT ( 'NONE', #6284 ) ;
#3611 = AXIS2_PLACEMENT_3D ( 'NONE', #6732, #792, #7734 ) ;
#3612 =( NAMED_UNIT ( * ) SI_UNIT ( $, .STERADIAN. ) SOLID_ANGLE_UNIT ( ) );
#3613 = CARTESIAN_POINT ( 'NONE',  ( 0.0000000000000000000, 0.1000000000000000056, -1.199999999999999289 ) ) ;
#3614 = EDGE_LOOP ( 'NONE', ( #10346, #11252, #259, #1817 ) ) ;
#3615 = ORIENTED_EDGE ( 'NONE', *, *, #6363, .T. ) ;
#3616 = COLOUR_RGB ( '',0.2509803921568627416, 0.2509803921568627416, 0.2509803921568627416 ) ;
#3617 = DIRECTION ( 'NONE',  ( 0.0000000000000000000, -1.000000000000000000, 0.0000000000000000000 ) ) ;
#3618 =( NAMED_UNIT ( * ) SI_UNIT ( $, .STERADIAN. ) SOLID_ANGLE_UNIT ( ) );
#3619 = CARTESIAN_POINT ( 'NONE',  ( -1.459764889246169428, 0.1499999999999999667, -1.399999999999999911 ) ) ;
#3620 = VERTEX_POINT ( 'NONE', #6245 ) ;
#3621 = PLANE ( 'NONE',  #12738 ) ;
#3622 = AXIS2_PLACEMENT_3D ( 'NONE', #11461, #9715, #4585 ) ;
#3623 = UNCERTAINTY_MEASURE_WITH_UNIT (LENGTH_MEASURE( 1.000000000000000082E-05 ), #3638, 'distance_accuracy_value', 'NONE');
#3624 = AXIS2_PLACEMENT_3D ( 'NONE', #561, #7510, #1591 ) ;
#3625 = PRESENTATION_LAYER_ASSIGNMENT (  '', '', ( #2301 ) ) ;
#3626 = EDGE_CURVE ( 'NONE', #11202, #11179, #9605, .T. ) ;
#3627 = VECTOR ( 'NONE', #4253, 1000.000000000000000 ) ;
#3628 = VERTEX_POINT ( 'NONE', #6082 ) ;
#3629 = SURFACE_STYLE_USAGE ( .BOTH. , #9549 ) ;
#3630 = STYLED_ITEM ( 'NONE', ( #6610 ), #7921 ) ;
#3631 = FILL_AREA_STYLE_COLOUR ( '', #7577 ) ;
#3632 = DIRECTION ( 'NONE',  ( 0.0000000000000000000, -1.000000000000000000, 0.0000000000000000000 ) ) ;
#3633 = EDGE_CURVE ( 'NONE', #4856, #1878, #9289, .T. ) ;
#3634 = EDGE_LOOP ( 'NONE', ( #3378, #9653, #2140, #7683, #11677, #31, #11397, #5409, #12665, #9217, #10226, #6452 ) ) ;
#3635 = LINE ( 'NONE', #5684, #5962 ) ;
#3636 = UNCERTAINTY_MEASURE_WITH_UNIT (LENGTH_MEASURE( 1.000000000000000082E-05 ), #10156, 'distance_accuracy_value', 'NONE');
#3637 = CARTESIAN_POINT ( 'NONE',  ( 0.8189977282522473701, -0.05000000000000000278, -1.649999999999998579 ) ) ;
#3638 =( LENGTH_UNIT ( ) NAMED_UNIT ( * ) SI_UNIT ( .MILLI., .METRE. ) );
#3639 = ADVANCED_FACE ( 'NONE', ( #1408 ), #5438, .T. ) ;
#3640 = EDGE_CURVE ( 'NONE', #1851, #5900, #3091, .T. ) ;
#3641 = CARTESIAN_POINT ( 'NONE',  ( 0.7660883464570584778, 0.1000000000000000056, 0.0000000000000000000 ) ) ;
#3642 = VERTEX_POINT ( 'NONE', #5375 ) ;
#3643 = ADVANCED_FACE ( 'NONE', ( #129 ), #5227, .T. ) ;
#3644 = MECHANICAL_DESIGN_GEOMETRIC_PRESENTATION_REPRESENTATION (  '', ( #2330 ), #4349 ) ;
#3645 = PRESENTATION_STYLE_ASSIGNMENT (( #265 ) ) ;
#3646 = PLANE ( 'NONE',  #2956 ) ;
#3647 = CIRCLE ( 'NONE', #4423, 0.05920802862897456276 ) ;
#3648 = LINE ( 'NONE', #12491, #8605 ) ;
#3649 = FILL_AREA_STYLE_COLOUR ( '', #8349 ) ;
#3650 = DIRECTION ( 'NONE',  ( 0.0000000000000000000, -1.000000000000000000, 0.0000000000000000000 ) ) ;
#3651 = ORIENTED_EDGE ( 'NONE', *, *, #2459, .T. ) ;
#3652 = SURFACE_STYLE_USAGE ( .BOTH. , #9586 ) ;
#3653 = STYLED_ITEM ( 'NONE', ( #5657 ), #11537 ) ;
#3654 = MECHANICAL_DESIGN_GEOMETRIC_PRESENTATION_REPRESENTATION (  '', ( #2344 ), #4367 ) ;
#3655 = FILL_AREA_STYLE ('',( #12530 ) ) ;
#3656 = SURFACE_STYLE_USAGE ( .BOTH. , #9592 ) ;
#3657 = DIRECTION ( 'NONE',  ( 1.000000000000000000, -0.0000000000000000000, 0.0000000000000000000 ) ) ;
#3658 = DIRECTION ( 'NONE',  ( 0.0000000000000000000, 1.000000000000000000, -0.0000000000000000000 ) ) ;
#3659 = EDGE_LOOP ( 'NONE', ( #6625, #2185, #6553, #10550 ) ) ;
#3660 = CARTESIAN_POINT ( 'NONE',  ( -1.291219160478732864, 0.7190808995376545276, -1.289381878823499639 ) ) ;
#3661 = EDGE_LOOP ( 'NONE', ( #1595, #7016, #1240, #5297 ) ) ;
#3662 = LINE ( 'NONE', #6031, #707 ) ;
#3663 = LINE ( 'NONE', #4365, #11235 ) ;
#3664 = VERTEX_POINT ( 'NONE', #4889 ) ;
#3665 = DIRECTION ( 'NONE',  ( 0.0000000000000000000, 0.0000000000000000000, 1.000000000000000000 ) ) ;
#3666 = CARTESIAN_POINT ( 'NONE',  ( -0.7399140984642225138, -0.05000000000000000278, 1.276162611327208873 ) ) ;
#3667 =( NAMED_UNIT ( * ) SI_UNIT ( $, .STERADIAN. ) SOLID_ANGLE_UNIT ( ) );
#3668 = VECTOR ( 'NONE', #916, 1000.000000000000000 ) ;
#3669 = ORIENTED_EDGE ( 'NONE', *, *, #12480, .T. ) ;
#3670 = CARTESIAN_POINT ( 'NONE',  ( -1.134999999999999787, 0.1000000000000000056, 0.0000000000000000000 ) ) ;
#3671 = STYLED_ITEM ( 'NONE', ( #5916 ), #12729 ) ;
#3672 = DIRECTION ( 'NONE',  ( 0.0000000000000000000, 1.000000000000000000, -0.0000000000000000000 ) ) ;
#3673 = DIRECTION ( 'NONE',  ( 0.0000000000000000000, 1.000000000000000000, 0.0000000000000000000 ) ) ;
#3674 = VERTEX_POINT ( 'NONE', #12270 ) ;
#3675 = MECHANICAL_DESIGN_GEOMETRIC_PRESENTATION_REPRESENTATION (  '', ( #1698 ), #4385 ) ;
#3676 = EDGE_CURVE ( 'NONE', #9565, #368, #4530, .T. ) ;
#3677 = SURFACE_STYLE_FILL_AREA ( #5747 ) ;
#3678 = ORIENTED_EDGE ( 'NONE', *, *, #11819, .T. ) ;
#3679 = DIRECTION ( 'NONE',  ( 0.0000000000000000000, 0.0000000000000000000, 1.000000000000000000 ) ) ;
#3680 = EDGE_CURVE ( 'NONE', #6210, #2514, #12060, .T. ) ;
#3681 = VERTEX_POINT ( 'NONE', #4456 ) ;
#3682 = ORIENTED_EDGE ( 'NONE', *, *, #11835, .F. ) ;
#3683 = LINE ( 'NONE', #1556, #8948 ) ;
#3684 = PRESENTATION_LAYER_ASSIGNMENT (  '', '', ( #2372 ) ) ;
#3685 = DIRECTION ( 'NONE',  ( 1.000000000000000000, -0.0000000000000000000, 0.0000000000000000000 ) ) ;
#3686 = SURFACE_SIDE_STYLE ('',( #6942 ) ) ;
#3687 = LINE ( 'NONE', #3000, #6329 ) ;
#3688 = ORIENTED_EDGE ( 'NONE', *, *, #6839, .T. ) ;
#3689 = VECTOR ( 'NONE', #10419, 1000.000000000000000 ) ;
#3690 = FILL_AREA_STYLE_COLOUR ( '', #9686 ) ;
#3691 = DIRECTION ( 'NONE',  ( -1.000000000000000000, 0.0000000000000000000, 0.0000000000000000000 ) ) ;
#3692 = ADVANCED_FACE ( 'NONE', ( #4204 ), #10837, .T. ) ;
#3693 = EDGE_LOOP ( 'NONE', ( #11174, #10093, #9480, #7782 ) ) ;
#3694 = SURFACE_STYLE_FILL_AREA ( #3593 ) ;
#3695 = ORIENTED_EDGE ( 'NONE', *, *, #4218, .T. ) ;
#3696 = UNCERTAINTY_MEASURE_WITH_UNIT (LENGTH_MEASURE( 1.000000000000000082E-05 ), #8936, 'distance_accuracy_value', 'NONE');
#3697 = FILL_AREA_STYLE_COLOUR ( '', #2165 ) ;
#3698 = ORIENTED_EDGE ( 'NONE', *, *, #5154, .F. ) ;
#3699 =( GEOMETRIC_REPRESENTATION_CONTEXT ( 3 ) GLOBAL_UNCERTAINTY_ASSIGNED_CONTEXT ( ( #5068 ) ) GLOBAL_UNIT_ASSIGNED_CONTEXT ( ( #6695, #6572, #6528 ) ) REPRESENTATION_CONTEXT ( 'NONE', 'WORKASPACE' ) );
#3700 = CARTESIAN_POINT ( 'NONE',  ( 1.134999999999999787, 0.0000000000000000000, 1.500000000000000000 ) ) ;
#3701 = EDGE_CURVE ( 'NONE', #1821, #5843, #3245, .T. ) ;
#3702 = SURFACE_STYLE_FILL_AREA ( #9124 ) ;
#3703 = PRESENTATION_STYLE_ASSIGNMENT (( #5808 ) ) ;
#3704 = SURFACE_SIDE_STYLE ('',( #140 ) ) ;
#3705 = STYLED_ITEM ( 'NONE', ( #594 ), #7527 ) ;
#3706 = ORIENTED_EDGE ( 'NONE', *, *, #4295, .T. ) ;
#3707 = DIRECTION ( 'NONE',  ( 0.0000000000000000000, 1.000000000000000000, 0.0000000000000000000 ) ) ;
#3708 = VECTOR ( 'NONE', #9486, 1000.000000000000000 ) ;
#3709 = EDGE_LOOP ( 'NONE', ( #6248, #4980, #10016, #1270 ) ) ;
#3710 = DIRECTION ( 'NONE',  ( 0.0000000000000000000, 0.0000000000000000000, 1.000000000000000000 ) ) ;
#3711 = DIRECTION ( 'NONE',  ( 0.0000000000000000000, 0.0000000000000000000, -1.000000000000000000 ) ) ;
#3712 = DIRECTION ( 'NONE',  ( 0.0000000000000000000, 0.0000000000000000000, -1.000000000000000000 ) ) ;
#3713 = CARTESIAN_POINT ( 'NONE',  ( -1.197916575926319283, 0.1000000000000000056, 0.2000076143446563315 ) ) ;
#3714 = VECTOR ( 'NONE', #9800, 1000.000000000000000 ) ;
#3715 = UNCERTAINTY_MEASURE_WITH_UNIT (LENGTH_MEASURE( 1.000000000000000082E-05 ), #9678, 'distance_accuracy_value', 'NONE');
#3716 = CARTESIAN_POINT ( 'NONE',  ( 1.162759967184092247, 0.1000000000000000056, -1.277681107331943622 ) ) ;
#3717 = LINE ( 'NONE', #1325, #6354 ) ;
#3718 = CARTESIAN_POINT ( 'NONE',  ( -1.162759967184092247, -0.05000000000000000278, -1.416874574924349872 ) ) ;
#3719 = AXIS2_PLACEMENT_3D ( 'NONE', #209, #1431, #4242 ) ;
#3720 = DIRECTION ( 'NONE',  ( -1.000000000000000000, 0.0000000000000000000, -0.0000000000000000000 ) ) ;
#3721 =( GEOMETRIC_REPRESENTATION_CONTEXT ( 3 ) GLOBAL_UNCERTAINTY_ASSIGNED_CONTEXT ( ( #12734 ) ) GLOBAL_UNIT_ASSIGNED_CONTEXT ( ( #305, #248, #199 ) ) REPRESENTATION_CONTEXT ( 'NONE', 'WORKASPACE' ) );
#3722 = VERTEX_POINT ( 'NONE', #3530 ) ;
#3723 = SURFACE_STYLE_USAGE ( .BOTH. , #9636 ) ;
#3724 = ORIENTED_EDGE ( 'NONE', *, *, #10605, .T. ) ;
#3725 =( NAMED_UNIT ( * ) PLANE_ANGLE_UNIT ( ) SI_UNIT ( $, .RADIAN. ) );
#3726 =( NAMED_UNIT ( * ) PLANE_ANGLE_UNIT ( ) SI_UNIT ( $, .RADIAN. ) );
#3727 = PRESENTATION_STYLE_ASSIGNMENT (( #7272 ) ) ;
#3728 = CARTESIAN_POINT ( 'NONE',  ( -0.5127599671840918916, 0.1000000000000000056, -1.416874574924349872 ) ) ;
#3729 = LINE ( 'NONE', #12255, #3427 ) ;
#3730 = VECTOR ( 'NONE', #6976, 1000.000000000000000 ) ;
#3731 = ORIENTED_EDGE ( 'NONE', *, *, #6172, .T. ) ;
#3732 = SURFACE_SIDE_STYLE ('',( #10907 ) ) ;
#3733 = ORIENTED_EDGE ( 'NONE', *, *, #6095, .T. ) ;
#3734 = CARTESIAN_POINT ( 'NONE',  ( 1.134999999999999787, 0.0000000000000000000, 0.0000000000000000000 ) ) ;
#3735 = CARTESIAN_POINT ( 'NONE',  ( 0.0000000000000000000, 0.1000000000000000056, -0.2000076143446563315 ) ) ;
#3736 = CARTESIAN_POINT ( 'NONE',  ( 1.197916575926319283, 0.1000000000000000056, 0.1623686072350682963 ) ) ;
#3737 = LINE ( 'NONE', #7163, #8384 ) ;
#3738 = SURFACE_SIDE_STYLE ('',( #3187 ) ) ;
#3739 = VECTOR ( 'NONE', #6594, 1000.000000000000000 ) ;
#3740 = AXIS2_PLACEMENT_3D ( 'NONE', #7525, #1607, #8529 ) ;
#3741 = EDGE_CURVE ( 'NONE', #6156, #9588, #8516, .T. ) ;
#3742 = DIRECTION ( 'NONE',  ( 1.000000000000000000, 0.0000000000000000000, 0.0000000000000000000 ) ) ;
#3743 = MECHANICAL_DESIGN_GEOMETRIC_PRESENTATION_REPRESENTATION (  '', ( #1750 ), #4436 ) ;
#3744 = PRESENTATION_STYLE_ASSIGNMENT (( #2722 ) ) ;
#3745 = DIRECTION ( 'NONE',  ( 0.0000000000000000000, 1.000000000000000000, -0.0000000000000000000 ) ) ;
#3746 = CARTESIAN_POINT ( 'NONE',  ( 0.0000000000000000000, 0.1000000000000000056, 1.249999999999999112 ) ) ;
#3747 = MECHANICAL_DESIGN_GEOMETRIC_PRESENTATION_REPRESENTATION (  '', ( #2416 ), #4444 ) ;
#3748 = CARTESIAN_POINT ( 'NONE',  ( -1.507075080061872185, -0.05000000000000000278, -0.1031605786060936225 ) ) ;
#3749 = ORIENTED_EDGE ( 'NONE', *, *, #10306, .F. ) ;
#3750 = FACE_OUTER_BOUND ( 'NONE', #3252, .T. ) ;
#3751 = SURFACE_SIDE_STYLE ('',( #10166 ) ) ;
#3752 = CARTESIAN_POINT ( 'NONE',  ( 0.1650000000000009237, 0.1000000000000000056, -0.0000000000000000000 ) ) ;
#3753 = CARTESIAN_POINT ( 'NONE',  ( 1.134999999999999787, -0.05000000000000000278, 0.0000000000000000000 ) ) ;
#3754 = SURFACE_SIDE_STYLE ('',( #4379 ) ) ;
#3755 = SURFACE_SIDE_STYLE ('',( #7151 ) ) ;
#3756 = ORIENTED_EDGE ( 'NONE', *, *, #9356, .T. ) ;
#3757 = CARTESIAN_POINT ( 'NONE',  ( 1.197916575926319283, -0.05000000000000000278, -0.1623686072350682963 ) ) ;
#3758 =( GEOMETRIC_REPRESENTATION_CONTEXT ( 3 ) GLOBAL_UNCERTAINTY_ASSIGNED_CONTEXT ( ( #4364 ) ) GLOBAL_UNIT_ASSIGNED_CONTEXT ( ( #8168, #2249, #9151 ) ) REPRESENTATION_CONTEXT ( 'NONE', 'WORKASPACE' ) );
#3759 = FILL_AREA_STYLE ('',( #9021 ) ) ;
#3760 = AXIS2_PLACEMENT_3D ( 'NONE', #1155, #8099, #2189 ) ;
#3761 = CARTESIAN_POINT ( 'NONE',  ( -1.291219160478732864, 0.6999999999999998446, 1.191219160478732997 ) ) ;
#3762 = EDGE_LOOP ( 'NONE', ( #2220, #10876, #1598, #3278 ) ) ;
#3763 = LINE ( 'NONE', #10675, #6089 ) ;
#3764 = CARTESIAN_POINT ( 'NONE',  ( -1.257124604555293734, 0.1000000000000000056, -0.1623686072350682963 ) ) ;
#3765 = DIRECTION ( 'NONE',  ( 0.0000000000000000000, -1.000000000000000000, 0.0000000000000000000 ) ) ;
#3766 = PRESENTATION_STYLE_ASSIGNMENT (( #5155 ) ) ;
#3767 = DIRECTION ( 'NONE',  ( 0.0000000000000000000, 1.000000000000000000, 0.0000000000000000000 ) ) ;
#3768 =( NAMED_UNIT ( * ) PLANE_ANGLE_UNIT ( ) SI_UNIT ( $, .RADIAN. ) );
#3769 = ORIENTED_EDGE ( 'NONE', *, *, #5976, .F. ) ;
#3770 =( NAMED_UNIT ( * ) PLANE_ANGLE_UNIT ( ) SI_UNIT ( $, .RADIAN. ) );
#3771 = DIRECTION ( 'NONE',  ( 0.0000000000000000000, -1.000000000000000000, 0.0000000000000000000 ) ) ;
#3772 = DIRECTION ( 'NONE',  ( 0.0000000000000000000, 1.000000000000000000, 0.0000000000000000000 ) ) ;
#3773 = STYLED_ITEM ( 'NONE', ( #1924 ), #500 ) ;
#3774 = VERTEX_POINT ( 'NONE', #3700 ) ;
#3775 = CIRCLE ( 'NONE', #12026, 0.02617424799283601944 ) ;
#3776 = CARTESIAN_POINT ( 'NONE',  ( 0.0000000000000000000, 0.7999999999999999334, -1.191219160478732997 ) ) ;
#3777 = DIRECTION ( 'NONE',  ( 0.0000000000000000000, 0.0000000000000000000, 1.000000000000000000 ) ) ;
#3778 = FACE_OUTER_BOUND ( 'NONE', #12532, .T. ) ;
#3779 = AXIS2_PLACEMENT_3D ( 'NONE', #4716, #4421, #4339 ) ;
#3780 = FILL_AREA_STYLE ('',( #11593 ) ) ;
#3781 = VECTOR ( 'NONE', #12463, 1000.000000000000000 ) ;
#3783 = ADVANCED_FACE ( 'NONE', ( #603 ), #9589, .T. ) ;
#3782 = DIRECTION ( 'NONE',  ( -1.000000000000000000, 0.0000000000000000000, 0.0000000000000000000 ) ) ;
#3784 = EDGE_CURVE ( 'NONE', #5194, #8487, #4671, .T. ) ;
#3785 = CARTESIAN_POINT ( 'NONE',  ( 0.0000000000000000000, 0.1000000000000000056, -1.500000000000000000 ) ) ;
#3786 =( GEOMETRIC_REPRESENTATION_CONTEXT ( 3 ) GLOBAL_UNCERTAINTY_ASSIGNED_CONTEXT ( ( #3317 ) ) GLOBAL_UNIT_ASSIGNED_CONTEXT ( ( #6295, #346, #7298 ) ) REPRESENTATION_CONTEXT ( 'NONE', 'WORKASPACE' ) );
#3787 = CARTESIAN_POINT ( 'NONE',  ( -0.4849999999999994316, -0.05000000000000000278, 0.0000000000000000000 ) ) ;
#3788 = ORIENTED_EDGE ( 'NONE', *, *, #4921, .T. ) ;
#3789 = UNCERTAINTY_MEASURE_WITH_UNIT (LENGTH_MEASURE( 1.000000000000000082E-05 ), #5881, 'distance_accuracy_value', 'NONE');
#3790 = DIRECTION ( 'NONE',  ( 0.0000000000000000000, -1.000000000000000000, 0.0000000000000000000 ) ) ;
#3791 = SURFACE_SIDE_STYLE ('',( #6515 ) ) ;
#3792 = SURFACE_STYLE_FILL_AREA ( #12248 ) ;
#3793 = PLANE ( 'NONE',  #8930 ) ;
#3795 = ADVANCED_FACE ( 'NONE', ( #12221 ), #3471, .F. ) ;
#3794 = DIRECTION ( 'NONE',  ( -1.000000000000000000, 0.0000000000000000000, 0.0000000000000000000 ) ) ;
#3796 = STYLED_ITEM ( 'NONE', ( #5999 ), #1305 ) ;
#3797 = DIRECTION ( 'NONE',  ( 0.0000000000000000000, 0.0000000000000000000, -1.000000000000000000 ) ) ;
#3798 =( NAMED_UNIT ( * ) SI_UNIT ( $, .STERADIAN. ) SOLID_ANGLE_UNIT ( ) );
#3799 = AXIS2_PLACEMENT_3D ( 'NONE', #11079, #11036, #11002 ) ;
#3800 = EDGE_CURVE ( 'NONE', #10892, #565, #3406, .T. ) ;
#3801 = ORIENTED_EDGE ( 'NONE', *, *, #5911, .T. ) ;
#3802 = SURFACE_STYLE_FILL_AREA ( #1539 ) ;
#3803 = SURFACE_SIDE_STYLE ('',( #5118 ) ) ;
#3804 = DIRECTION ( 'NONE',  ( -0.0000000000000000000, 0.0000000000000000000, 1.000000000000000000 ) ) ;
#3805 = PRESENTATION_LAYER_ASSIGNMENT (  '', '', ( #1807 ) ) ;
#3806 = DIRECTION ( 'NONE',  ( 0.0000000000000000000, 0.0000000000000000000, -1.000000000000000000 ) ) ;
#3807 = DIRECTION ( 'NONE',  ( 0.0000000000000000000, 0.0000000000000000000, 1.000000000000000000 ) ) ;
#3808 = CARTESIAN_POINT ( 'NONE',  ( -1.171933149074797953, 0.0000000000000000000, -0.2369407634194545809 ) ) ;
#3809 = EDGE_LOOP ( 'NONE', ( #3788, #10959, #873, #3219 ) ) ;
#3810 = LINE ( 'NONE', #1207, #11379 ) ;
#3811 = ORIENTED_EDGE ( 'NONE', *, *, #5392, .T. ) ;
#3812 = DIRECTION ( 'NONE',  ( 0.0000000000000000000, 1.000000000000000000, 0.0000000000000000000 ) ) ;
#3813 = DIRECTION ( 'NONE',  ( 0.0000000000000000000, 1.000000000000000000, -0.0000000000000000000 ) ) ;
#3814 = CARTESIAN_POINT ( 'NONE',  ( -0.7660883464570584778, 0.1000000000000000056, 1.276162611327208651 ) ) ;
#3815 = PRESENTATION_STYLE_ASSIGNMENT (( #2990 ) ) ;
#3816 = FILL_AREA_STYLE_COLOUR ( '', #8546 ) ;
#3817 = PRESENTATION_STYLE_ASSIGNMENT (( #5473 ) ) ;
#3818 =( GEOMETRIC_REPRESENTATION_CONTEXT ( 3 ) GLOBAL_UNCERTAINTY_ASSIGNED_CONTEXT ( ( #9887 ) ) GLOBAL_UNIT_ASSIGNED_CONTEXT ( ( #10516, #4627, #11500 ) ) REPRESENTATION_CONTEXT ( 'NONE', 'WORKASPACE' ) );
#3819 = EDGE_CURVE ( 'NONE', #252, #5137, #11280, .T. ) ;
#3820 = EDGE_CURVE ( 'NONE', #9847, #5485, #6038, .T. ) ;
#3821 = CARTESIAN_POINT ( 'NONE',  ( -1.540045451220497963, 0.1000000000000000056, -0.1083811245156857395 ) ) ;
#3822 = CARTESIAN_POINT ( 'NONE',  ( 0.0000000000000000000, 0.1000000000000000056, -1.416874574924349872 ) ) ;
#3823 = LINE ( 'NONE', #8136, #6447 ) ;
#3824 =( LENGTH_UNIT ( ) NAMED_UNIT ( * ) SI_UNIT ( .MILLI., .METRE. ) );
#3825 = CARTESIAN_POINT ( 'NONE',  ( 0.0000000000000000000, -0.05000000000000000278, 1.249999999999999112 ) ) ;
#3826 = VERTEX_POINT ( 'NONE', #1470 ) ;
#3827 = FILL_AREA_STYLE ('',( #11671 ) ) ;
#3828 = VERTEX_POINT ( 'NONE', #1264 ) ;
#3829 = ADVANCED_FACE ( 'NONE', ( #8351 ), #1349, .T. ) ;
#3830 = SURFACE_STYLE_USAGE ( .BOTH. , #9746 ) ;
#3831 = DIRECTION ( 'NONE',  ( 0.0000000000000000000, 0.0000000000000000000, -1.000000000000000000 ) ) ;
#3832 = ORIENTED_EDGE ( 'NONE', *, *, #8088, .F. ) ;
#3833 = COLOUR_RGB ( '',1.000000000000000000, 1.000000000000000000, 1.000000000000000000 ) ;
#3834 = ADVANCED_FACE ( 'NONE', ( #2167 ), #428, .T. ) ;
#3835 = EDGE_LOOP ( 'NONE', ( #2929, #12659, #4166, #12035, #4502, #6299, #3276, #8611, #5947, #5641, #7399, #3973, #5858, #10319, #11753, #11831, #8552, #6203, #12023, #4594, #3373, #5481, #1179, #1843, #6151, #12012, #936, #2008, #8338, #11802, #6268, #3578, #659, #972, #8161, #9562, #4777, #1802, #4572, #2626, #2417, #7641, #10563, #6865, #7632, #1293, #11248, #11283, #1600, #9252, #5048, #7990, #390, #3375, #3522, #12637, #2179, #11499, #11459, #11245, #9546, #1080, #5176, #9896, #9841, #9872, #2487, #8364 ) ) ;
#3836 = FACE_OUTER_BOUND ( 'NONE', #9939, .T. ) ;
#3837 = FACE_OUTER_BOUND ( 'NONE', #1941, .T. ) ;
#3838 = ORIENTED_EDGE ( 'NONE', *, *, #9611, .F. ) ;
#3839 = CARTESIAN_POINT ( 'NONE',  ( -0.4849999999999994316, 0.1000000000000000056, -1.277681107331943622 ) ) ;
#3840 = PRESENTATION_LAYER_ASSIGNMENT (  '', '', ( #3154 ) ) ;
#3841 = ORIENTED_EDGE ( 'NONE', *, *, #4805, .F. ) ;
#3842 = AXIS2_PLACEMENT_3D ( 'NONE', #8305, #2389, #9299 ) ;
#3843 = DIRECTION ( 'NONE',  ( 1.000000000000000000, 0.0000000000000000000, -0.0000000000000000000 ) ) ;
#3844 = PRESENTATION_STYLE_ASSIGNMENT (( #4690 ) ) ;
#3845 = CARTESIAN_POINT ( 'NONE',  ( -1.134999999999999787, 0.0000000000000000000, 0.2369407634194544698 ) ) ;
#3846 = CARTESIAN_POINT ( 'NONE',  ( -0.1549999999999993883, -0.05000000000000000278, 0.0000000000000000000 ) ) ;
#3847 = SURFACE_SIDE_STYLE ('',( #10695 ) ) ;
#3848 = FACE_OUTER_BOUND ( 'NONE', #3912, .T. ) ;
#3849 = LINE ( 'NONE', #710, #10492 ) ;
#3850 = ORIENTED_EDGE ( 'NONE', *, *, #9572, .T. ) ;
#3851 = ORIENTED_EDGE ( 'NONE', *, *, #8844, .F. ) ;
#3852 = FACE_OUTER_BOUND ( 'NONE', #7162, .T. ) ;
#3853 = LINE ( 'NONE', #494, #8797 ) ;
#3854 = VERTEX_POINT ( 'NONE', #6718 ) ;
#3855 = DIRECTION ( 'NONE',  ( 0.0000000000000000000, 0.0000000000000000000, 1.000000000000000000 ) ) ;
#3856 = CARTESIAN_POINT ( 'NONE',  ( 0.0000000000000000000, -0.05000000000000000278, -1.649999999999998579 ) ) ;
#3857 = SURFACE_STYLE_USAGE ( .BOTH. , #9768 ) ;
#3858 = VERTEX_POINT ( 'NONE', #14 ) ;
#3859 = VECTOR ( 'NONE', #2348, 1000.000000000000000 ) ;
#3860 = SURFACE_SIDE_STYLE ('',( #7765 ) ) ;
#3861 = SURFACE_SIDE_STYLE ('',( #7835 ) ) ;
#3862 = EDGE_CURVE ( 'NONE', #7268, #10761, #8811, .T. ) ;
#3863 = LINE ( 'NONE', #10649, #6181 ) ;
#3864 = CARTESIAN_POINT ( 'NONE',  ( 1.134999999999999787, -0.05000000000000000278, -1.649999999999998579 ) ) ;
#3865 = EDGE_CURVE ( 'NONE', #2608, #9588, #6488, .T. ) ;
#3866 = VERTEX_POINT ( 'NONE', #393 ) ;
#3867 = LINE ( 'NONE', #3263, #11122 ) ;
#3868 = ORIENTED_EDGE ( 'NONE', *, *, #9201, .T. ) ;
#3869 = AXIS2_PLACEMENT_3D ( 'NONE', #4578, #11458, #5539 ) ;
#3870 = UNCERTAINTY_MEASURE_WITH_UNIT (LENGTH_MEASURE( 1.000000000000000082E-05 ), #1263, 'distance_accuracy_value', 'NONE');
#3871 = CARTESIAN_POINT ( 'NONE',  ( 0.0000000000000000000, 0.1000000000000000056, -1.649999999999998579 ) ) ;
#3872 = EDGE_CURVE ( 'NONE', #10681, #7889, #3867, .T. ) ;
#3873 =( NAMED_UNIT ( * ) PLANE_ANGLE_UNIT ( ) SI_UNIT ( $, .RADIAN. ) );
#3874 = CARTESIAN_POINT ( 'NONE',  ( -0.1689977282522470148, -0.05000000000000000278, 0.0000000000000000000 ) ) ;
#3875 = PLANE ( 'NONE',  #1474 ) ;
#3876 = COLOUR_RGB ( '',1.000000000000000000, 1.000000000000000000, 1.000000000000000000 ) ;
#3877 = DIRECTION ( 'NONE',  ( 0.0000000000000000000, -1.000000000000000000, 0.0000000000000000000 ) ) ;
#3878 = ORIENTED_EDGE ( 'NONE', *, *, #7250, .F. ) ;
#3879 = ORIENTED_EDGE ( 'NONE', *, *, #6930, .T. ) ;
#3880 = ORIENTED_EDGE ( 'NONE', *, *, #9774, .T. ) ;
#3881 =( GEOMETRIC_REPRESENTATION_CONTEXT ( 3 ) GLOBAL_UNCERTAINTY_ASSIGNED_CONTEXT ( ( #5769 ) ) GLOBAL_UNIT_ASSIGNED_CONTEXT ( ( #12536, #5633, #11526 ) ) REPRESENTATION_CONTEXT ( 'NONE', 'WORKASPACE' ) );
#3882 =( NAMED_UNIT ( * ) SI_UNIT ( $, .STERADIAN. ) SOLID_ANGLE_UNIT ( ) );
#3883 = MECHANICAL_DESIGN_GEOMETRIC_PRESENTATION_REPRESENTATION (  '', ( #1884 ), #4579 ) ;
#3884 = AXIS2_PLACEMENT_3D ( 'NONE', #6828, #12263, #3313 ) ;
#3885 = EDGE_CURVE ( 'NONE', #2721, #1821, #11440, .T. ) ;
#3886 = UNCERTAINTY_MEASURE_WITH_UNIT (LENGTH_MEASURE( 1.000000000000000082E-05 ), #2003, 'distance_accuracy_value', 'NONE');
#3887 = ORIENTED_EDGE ( 'NONE', *, *, #4113, .T. ) ;
#3888 = CARTESIAN_POINT ( 'NONE',  ( -1.499999999999999778, 0.1499999999999999944, 1.399999999999999911 ) ) ;
#3889 =( GEOMETRIC_REPRESENTATION_CONTEXT ( 3 ) GLOBAL_UNCERTAINTY_ASSIGNED_CONTEXT ( ( #9958 ) ) GLOBAL_UNIT_ASSIGNED_CONTEXT ( ( #7518, #1601, #8518 ) ) REPRESENTATION_CONTEXT ( 'NONE', 'WORKASPACE' ) );
#3890 = SURFACE_SIDE_STYLE ('',( #8011 ) ) ;
#3891 = VECTOR ( 'NONE', #4118, 1000.000000000000000 ) ;
#3892 = EDGE_CURVE ( 'NONE', #499, #5269, #8504, .T. ) ;
#3893 = PLANE ( 'NONE',  #6070 ) ;
#3894 = ORIENTED_EDGE ( 'NONE', *, *, #6541, .T. ) ;
#3895 = CARTESIAN_POINT ( 'NONE',  ( -1.134999999999999787, 0.1000000000000000056, 0.0000000000000000000 ) ) ;
#3896 = ORIENTED_EDGE ( 'NONE', *, *, #3556, .F. ) ;
#3897 = FACE_OUTER_BOUND ( 'NONE', #7236, .T. ) ;
#3898 = AXIS2_PLACEMENT_3D ( 'NONE', #11356, #11316, #11269 ) ;
#3899 = DIRECTION ( 'NONE',  ( 0.0000000000000000000, 0.0000000000000000000, -1.000000000000000000 ) ) ;
#3900 =( NAMED_UNIT ( * ) SI_UNIT ( $, .STERADIAN. ) SOLID_ANGLE_UNIT ( ) );
#3901 = VECTOR ( 'NONE', #10716, 1000.000000000000000 ) ;
#3902 = CARTESIAN_POINT ( 'NONE',  ( -0.8189977282522473701, -0.05000000000000000278, 0.0000000000000000000 ) ) ;
#3903 = EDGE_CURVE ( 'NONE', #1899, #9565, #3549, .T. ) ;
#3904 = CARTESIAN_POINT ( 'NONE',  ( 0.0000000000000000000, 0.0000000000000000000, -0.2000076143446563315 ) ) ;
#3905 = SURFACE_SIDE_STYLE ('',( #9213 ) ) ;
#3906 = MECHANICAL_DESIGN_GEOMETRIC_PRESENTATION_REPRESENTATION (  '', ( #2570 ), #4602 ) ;
#3907 = DIRECTION ( 'NONE',  ( 0.0000000000000000000, 1.000000000000000000, -0.0000000000000000000 ) ) ;
#3908 = LINE ( 'NONE', #2284, #1260 ) ;
#3909 = DIRECTION ( 'NONE',  ( 0.0000000000000000000, 0.0000000000000000000, 1.000000000000000000 ) ) ;
#3910 = VECTOR ( 'NONE', #4896, 1000.000000000000000 ) ;
#3911 = ORIENTED_EDGE ( 'NONE', *, *, #8760, .T. ) ;
#3912 = EDGE_LOOP ( 'NONE', ( #4151, #8635, #9253, #7699 ) ) ;
#3913 = FILL_AREA_STYLE ('',( #5815 ) ) ;
#3914 =( NAMED_UNIT ( * ) SI_UNIT ( $, .STERADIAN. ) SOLID_ANGLE_UNIT ( ) );
#3915 = PRESENTATION_LAYER_ASSIGNMENT (  '', '', ( #2581 ) ) ;
#3916 = EDGE_CURVE ( 'NONE', #7485, #10020, #586, .T. ) ;
#3917 = LINE ( 'NONE', #12774, #11487 ) ;
#3918 = SURFACE_STYLE_USAGE ( .BOTH. , #9816 ) ;
#3919 = PRESENTATION_LAYER_ASSIGNMENT (  '', '', ( #4610 ) ) ;
#3920 = DIRECTION ( 'NONE',  ( 0.0000000000000000000, 0.0000000000000000000, 1.000000000000000000 ) ) ;
#3921 =( NAMED_UNIT ( * ) SI_UNIT ( $, .STERADIAN. ) SOLID_ANGLE_UNIT ( ) );
#3922 = EDGE_LOOP ( 'NONE', ( #12775, #3351, #9231, #11721 ) ) ;
#3923 =( NAMED_UNIT ( * ) PLANE_ANGLE_UNIT ( ) SI_UNIT ( $, .RADIAN. ) );
#3924 = CARTESIAN_POINT ( 'NONE',  ( -0.7590647362923303998, 0.1000000000000000056, 1.375493264616636457 ) ) ;
#3925 = FILL_AREA_STYLE_COLOUR ( '', #4479 ) ;
#3926 = ORIENTED_EDGE ( 'NONE', *, *, #11544, .F. ) ;
#3927 =( NAMED_UNIT ( * ) PLANE_ANGLE_UNIT ( ) SI_UNIT ( $, .RADIAN. ) );
#3928 =( LENGTH_UNIT ( ) NAMED_UNIT ( * ) SI_UNIT ( .MILLI., .METRE. ) );
#3929 = VECTOR ( 'NONE', #7437, 1000.000000000000000 ) ;
#3930 = ORIENTED_EDGE ( 'NONE', *, *, #1625, .F. ) ;
#3931 = ORIENTED_EDGE ( 'NONE', *, *, #313, .F. ) ;
#3932 = FACE_OUTER_BOUND ( 'NONE', #6914, .T. ) ;
#3933 = MECHANICAL_DESIGN_GEOMETRIC_PRESENTATION_REPRESENTATION (  '', ( #1942 ), #4624 ) ;
#3934 = CARTESIAN_POINT ( 'NONE',  ( -1.257124604555293956, 0.0000000000000000000, 0.1031605786060936225 ) ) ;
#3935 = AXIS2_PLACEMENT_3D ( 'NONE', #4702, #11578, #5668 ) ;
#3936 = EDGE_CURVE ( 'NONE', #5575, #8008, #10820, .T. ) ;
#3937 = EDGE_CURVE ( 'NONE', #8632, #7292, #5876, .T. ) ;
#3938 = UNCERTAINTY_MEASURE_WITH_UNIT (LENGTH_MEASURE( 1.000000000000000082E-05 ), #6200, 'distance_accuracy_value', 'NONE');
#3939 = DIRECTION ( 'NONE',  ( 0.0000000000000000000, 0.0000000000000000000, -1.000000000000000000 ) ) ;
#3940 = ORIENTED_EDGE ( 'NONE', *, *, #3676, .T. ) ;
#3941 = PRESENTATION_LAYER_ASSIGNMENT (  '', '', ( #3275 ) ) ;
#3942 = VECTOR ( 'NONE', #4039, 1000.000000000000000 ) ;
#3943 = CARTESIAN_POINT ( 'NONE',  ( 0.0000000000000000000, -0.05000000000000000278, -1.277681107331943622 ) ) ;
#3944 = CARTESIAN_POINT ( 'NONE',  ( 0.4810022717477533405, 0.1000000000000000056, -1.277681107331943622 ) ) ;
#3945 = CARTESIAN_POINT ( 'NONE',  ( -0.5127599671840918916, 0.1000000000000000056, -1.416874574924349872 ) ) ;
#3946 = SURFACE_STYLE_USAGE ( .BOTH. , #9842 ) ;
#3947 = ORIENTED_EDGE ( 'NONE', *, *, #5087, .T. ) ;
#3948 = PRESENTATION_LAYER_ASSIGNMENT (  '', '', ( #3280 ) ) ;
#3949 = VECTOR ( 'NONE', #6084, 1000.000000000000000 ) ;
#3950 = DIRECTION ( 'NONE',  ( 0.0000000000000000000, 0.0000000000000000000, -1.000000000000000000 ) ) ;
#3951 = CARTESIAN_POINT ( 'NONE',  ( -1.162759967184092247, 0.0000000000000000000, 0.0000000000000000000 ) ) ;
#3952 = CARTESIAN_POINT ( 'NONE',  ( 0.5439116535429402433, 0.1000000000000000056, 1.320000718934352335 ) ) ;
#3953 = ORIENTED_EDGE ( 'NONE', *, *, #7141, .T. ) ;
#3954 = LINE ( 'NONE', #11538, #9197 ) ;
#3955 = UNCERTAINTY_MEASURE_WITH_UNIT (LENGTH_MEASURE( 1.000000000000000082E-05 ), #10836, 'distance_accuracy_value', 'NONE');
#3956 = PRESENTATION_LAYER_ASSIGNMENT (  '', '', ( #4643 ) ) ;
#3957 = ORIENTED_EDGE ( 'NONE', *, *, #4787, .T. ) ;
#3958 = CARTESIAN_POINT ( 'NONE',  ( -1.197916575926319283, -0.05000000000000000278, 0.0000000000000000000 ) ) ;
#3959 = AXIS2_PLACEMENT_3D ( 'NONE', #6699, #5670, #11660 ) ;
#3960 = SURFACE_STYLE_USAGE ( .BOTH. , #9865 ) ;
#3961 =( NAMED_UNIT ( * ) PLANE_ANGLE_UNIT ( ) SI_UNIT ( $, .RADIAN. ) );
#3962 = ORIENTED_EDGE ( 'NONE', *, *, #8933, .T. ) ;
#3963 = DIRECTION ( 'NONE',  ( 1.000000000000000000, -0.0000000000000000000, 0.0000000000000000000 ) ) ;
#3964 = FILL_AREA_STYLE_COLOUR ( '', #9462 ) ;
#3965 = SURFACE_STYLE_FILL_AREA ( #12131 ) ;
#3966 = CARTESIAN_POINT ( 'NONE',  ( 1.134999999999999787, -0.05000000000000000278, -1.416874574924349872 ) ) ;
#3967 =( NAMED_UNIT ( * ) SI_UNIT ( $, .STERADIAN. ) SOLID_ANGLE_UNIT ( ) );
#3968 = MECHANICAL_DESIGN_GEOMETRIC_PRESENTATION_REPRESENTATION (  '', ( #2646 ), #4661 ) ;
#3969 =( LENGTH_UNIT ( ) NAMED_UNIT ( * ) SI_UNIT ( .MILLI., .METRE. ) );
#3970 = AXIS2_PLACEMENT_3D ( 'NONE', #4431, #4416, #3831 ) ;
#3971 = DIRECTION ( 'NONE',  ( 0.0000000000000000000, 1.000000000000000000, 0.0000000000000000000 ) ) ;
#3972 = VECTOR ( 'NONE', #329, 1000.000000000000000 ) ;
#3973 = ORIENTED_EDGE ( 'NONE', *, *, #4864, .T. ) ;
#3974 = PRESENTATION_STYLE_ASSIGNMENT (( #11319 ) ) ;
#3975 = MECHANICAL_DESIGN_GEOMETRIC_PRESENTATION_REPRESENTATION (  '', ( #1994 ), #4669 ) ;
#3976 = COLOUR_RGB ( '',1.000000000000000000, 1.000000000000000000, 1.000000000000000000 ) ;
#3977 =( NAMED_UNIT ( * ) SI_UNIT ( $, .STERADIAN. ) SOLID_ANGLE_UNIT ( ) );
#3978 = COLOUR_RGB ( '',1.000000000000000000, 1.000000000000000000, 1.000000000000000000 ) ;
#3979 =( LENGTH_UNIT ( ) NAMED_UNIT ( * ) SI_UNIT ( .MILLI., .METRE. ) );
#3980 = ORIENTED_EDGE ( 'NONE', *, *, #4843, .T. ) ;
#3981 = DIRECTION ( 'NONE',  ( 0.0000000000000000000, 0.0000000000000000000, 1.000000000000000000 ) ) ;
#3982 = ORIENTED_EDGE ( 'NONE', *, *, #7255, .F. ) ;
#3983 = DIRECTION ( 'NONE',  ( 0.0000000000000000000, 0.0000000000000000000, -1.000000000000000000 ) ) ;
#3984 = ORIENTED_EDGE ( 'NONE', *, *, #11351, .F. ) ;
#3985 = ADVANCED_FACE ( 'NONE', ( #10508 ), #3345, .T. ) ;
#3986 = SURFACE_STYLE_FILL_AREA ( #6321 ) ;
#3987 = ORIENTED_EDGE ( 'NONE', *, *, #10129, .T. ) ;
#3988 = SURFACE_STYLE_FILL_AREA ( #10689 ) ;
#3989 = ORIENTED_EDGE ( 'NONE', *, *, #10133, .F. ) ;
#3990 = STYLED_ITEM ( 'NONE', ( #7519 ), #10760 ) ;
#3991 = EDGE_CURVE ( 'NONE', #1993, #3722, #12203, .T. ) ;
#3992 = DIRECTION ( 'NONE',  ( 0.0000000000000000000, 1.000000000000000000, 0.0000000000000000000 ) ) ;
#3993 = EDGE_CURVE ( 'NONE', #11084, #7267, #9576, .T. ) ;
#3994 = CARTESIAN_POINT ( 'NONE',  ( -1.135000000000004894, 0.0000000000000000000, -2.485305147012454610E-14 ) ) ;
#3995 = LINE ( 'NONE', #12161, #9245 ) ;
#3996 = CARTESIAN_POINT ( 'NONE',  ( 0.4810022717477533405, 0.1000000000000000056, 0.0000000000000000000 ) ) ;
#3997 = LINE ( 'NONE', #7838, #3668 ) ;
#3998 =( NAMED_UNIT ( * ) PLANE_ANGLE_UNIT ( ) SI_UNIT ( $, .RADIAN. ) );
#3999 = ORIENTED_EDGE ( 'NONE', *, *, #12125, .T. ) ;
#4000 = CARTESIAN_POINT ( 'NONE',  ( 1.171933149074798175, 0.1000000000000000056, -0.2000076143446563315 ) ) ;
#4001 = LINE ( 'NONE', #2006, #6764 ) ;
#4002 =( NAMED_UNIT ( * ) PLANE_ANGLE_UNIT ( ) SI_UNIT ( $, .RADIAN. ) );
#4003 = PRESENTATION_LAYER_ASSIGNMENT (  '', '', ( #2673 ) ) ;
#4004 = ORIENTED_EDGE ( 'NONE', *, *, #8999, .T. ) ;
#4005 = VERTEX_POINT ( 'NONE', #8372 ) ;
#4006 = DIRECTION ( 'NONE',  ( 0.0000000000000000000, 0.0000000000000000000, 1.000000000000000000 ) ) ;
#4007 = EDGE_LOOP ( 'NONE', ( #11974, #9658, #9956, #9337 ) ) ;
#4008 =( LENGTH_UNIT ( ) NAMED_UNIT ( * ) SI_UNIT ( .MILLI., .METRE. ) );
#4009 = CARTESIAN_POINT ( 'NONE',  ( 1.197916575926319283, 0.1000000000000000056, 0.0000000000000000000 ) ) ;
#4010 = STYLED_ITEM ( 'NONE', ( #7628 ), #12282 ) ;
#4011 = VECTOR ( 'NONE', #3438, 1000.000000000000000 ) ;
#4012 = STYLED_ITEM ( 'NONE', ( #716 ), #5312 ) ;
#4013 = PLANE ( 'NONE',  #8040 ) ;
#4014 = LINE ( 'NONE', #12434, #11572 ) ;
#4015 = EDGE_LOOP ( 'NONE', ( #12094, #5620, #2516, #794 ) ) ;
#4016 =( LENGTH_UNIT ( ) NAMED_UNIT ( * ) SI_UNIT ( .MILLI., .METRE. ) );
#4017 = DIRECTION ( 'NONE',  ( 0.0000000000000000000, -1.000000000000000000, 0.0000000000000000000 ) ) ;
#4018 = LINE ( 'NONE', #5257, #1379 ) ;
#4019 = COLOUR_RGB ( '',1.000000000000000000, 1.000000000000000000, 1.000000000000000000 ) ;
#4020 = LINE ( 'NONE', #8094, #9273 ) ;
#4021 = CARTESIAN_POINT ( 'NONE',  ( -0.7912377610681550211, 0.1000000000000000056, -1.416874574924349872 ) ) ;
#4022 = ORIENTED_EDGE ( 'NONE', *, *, #4789, .T. ) ;
#4023 = STYLED_ITEM ( 'NONE', ( #11276 ), #435 ) ;
#4024 = FACE_OUTER_BOUND ( 'NONE', #6757, .T. ) ;
#4025 = ORIENTED_EDGE ( 'NONE', *, *, #10095, .T. ) ;
#4026 = LINE ( 'NONE', #8878, #9282 ) ;
#4027 = ORIENTED_EDGE ( 'NONE', *, *, #909, .F. ) ;
#4028 = UNCERTAINTY_MEASURE_WITH_UNIT (LENGTH_MEASURE( 1.000000000000000082E-05 ), #9752, 'distance_accuracy_value', 'NONE');
#4029 =( LENGTH_UNIT ( ) NAMED_UNIT ( * ) SI_UNIT ( .MILLI., .METRE. ) );
#4030 = SURFACE_SIDE_STYLE ('',( #2172 ) ) ;
#4031 = FILL_AREA_STYLE ('',( #9965 ) ) ;
#4032 = CARTESIAN_POINT ( 'NONE',  ( -0.4849999999999994316, 0.0000000000000000000, -1.416874574924349872 ) ) ;
#4033 = EDGE_CURVE ( 'NONE', #759, #4189, #6958, .T. ) ;
#4034 = EDGE_CURVE ( 'NONE', #446, #8485, #11888, .T. ) ;
#4035 = VECTOR ( 'NONE', #9196, 1000.000000000000000 ) ;
#4036 = PRESENTATION_LAYER_ASSIGNMENT (  '', '', ( #2702 ) ) ;
#4037 = ADVANCED_FACE ( 'NONE', ( #11571 ), #4460, .T. ) ;
#4038 = VECTOR ( 'NONE', #6046, 1000.000000000000000 ) ;
#4039 = DIRECTION ( 'NONE',  ( 0.0000000000000000000, -1.000000000000000000, 0.0000000000000000000 ) ) ;
#4040 = FILL_AREA_STYLE_COLOUR ( '', #3876 ) ;
#4041 = CARTESIAN_POINT ( 'NONE',  ( 0.0000000000000000000, -0.05000000000000000278, -1.199999999999999289 ) ) ;
#4042 = DIRECTION ( 'NONE',  ( 1.000000000000000000, -0.0000000000000000000, 0.0000000000000000000 ) ) ;
#4043 = VECTOR ( 'NONE', #5309, 1000.000000000000000 ) ;
#4044 = UNCERTAINTY_MEASURE_WITH_UNIT (LENGTH_MEASURE( 1.000000000000000082E-05 ), #6789, 'distance_accuracy_value', 'NONE');
#4045 = CARTESIAN_POINT ( 'NONE',  ( 1.540045451220498407, 0.0000000000000000000, 0.07500000000000017764 ) ) ;
#4046 = LINE ( 'NONE', #10895, #1417 ) ;
#4047 = FILL_AREA_STYLE_COLOUR ( '', #11094 ) ;
#4048 = AXIS2_PLACEMENT_3D ( 'NONE', #2209, #4932, #391 ) ;
#4049 = EDGE_LOOP ( 'NONE', ( #9333, #2385, #3598, #485 ) ) ;
#4050 = PLANE ( 'NONE',  #37 ) ;
#4051 = MECHANICAL_DESIGN_GEOMETRIC_PRESENTATION_REPRESENTATION (  '', ( #2712 ), #4733 ) ;
#4052 = PRESENTATION_LAYER_ASSIGNMENT (  '', '', ( #3384 ) ) ;
#4053 = VECTOR ( 'NONE', #1473, 1000.000000000000000 ) ;
#4054 = SURFACE_STYLE_USAGE ( .BOTH. , #4095 ) ;
#4055 = EDGE_CURVE ( 'NONE', #282, #7875, #10644, .T. ) ;
#4056 = DIRECTION ( 'NONE',  ( -0.0000000000000000000, -1.000000000000000000, -0.0000000000000000000 ) ) ;
#4057 = DIRECTION ( 'NONE',  ( 0.0000000000000000000, 0.0000000000000000000, 1.000000000000000000 ) ) ;
#4058 = LINE ( 'NONE', #7565, #11927 ) ;
#4059 = SURFACE_STYLE_USAGE ( .BOTH. , #9952 ) ;
#4060 = AXIS2_PLACEMENT_3D ( 'NONE', #9477, #9684, #3679 ) ;
#4061 = ORIENTED_EDGE ( 'NONE', *, *, #11646, .T. ) ;
#4062 = FACE_OUTER_BOUND ( 'NONE', #12623, .T. ) ;
#4064 = ADVANCED_FACE ( 'NONE', ( #422 ), #5442, .T. ) ;
#4063 =( LENGTH_UNIT ( ) NAMED_UNIT ( * ) SI_UNIT ( .MILLI., .METRE. ) );
#4065 = STYLED_ITEM ( 'NONE', ( #8336 ), #8072 ) ;
#4066 = DIRECTION ( 'NONE',  ( 0.0000000000000000000, 1.000000000000000000, -0.0000000000000000000 ) ) ;
#4067 =( LENGTH_UNIT ( ) NAMED_UNIT ( * ) SI_UNIT ( .MILLI., .METRE. ) );
#4068 = CIRCLE ( 'NONE', #1863, 0.03693314907479822162 ) ;
#4069 = ORIENTED_EDGE ( 'NONE', *, *, #10725, .T. ) ;
#4070 = CARTESIAN_POINT ( 'NONE',  ( -0.1549999999999993883, 0.1000000000000000056, 0.0000000000000000000 ) ) ;
#4071 = VECTOR ( 'NONE', #2823, 1000.000000000000000 ) ;
#4072 = EDGE_LOOP ( 'NONE', ( #7089, #735, #11649, #12046 ) ) ;
#4073 = CIRCLE ( 'NONE', #7318, 0.1441859702731563275 ) ;
#4074 = FILL_AREA_STYLE_COLOUR ( '', #4998 ) ;
#4075 = DIRECTION ( 'NONE',  ( 0.0000000000000000000, 1.000000000000000000, -0.0000000000000000000 ) ) ;
#4076 = EDGE_CURVE ( 'NONE', #4363, #1973, #7099, .T. ) ;
#4077 = DIRECTION ( 'NONE',  ( 1.000000000000000000, -0.0000000000000000000, 0.0000000000000000000 ) ) ;
#4078 = ORIENTED_EDGE ( 'NONE', *, *, #7139, .T. ) ;
#4079 = DIRECTION ( 'NONE',  ( 0.0000000000000000000, -1.000000000000000000, 0.0000000000000000000 ) ) ;
#4080 = CARTESIAN_POINT ( 'NONE',  ( -1.171933149074797953, -0.05000000000000000278, -0.2369407634194545809 ) ) ;
#4081 =( GEOMETRIC_REPRESENTATION_CONTEXT ( 3 ) GLOBAL_UNCERTAINTY_ASSIGNED_CONTEXT ( ( #3789 ) ) GLOBAL_UNIT_ASSIGNED_CONTEXT ( ( #5881, #12763, #6867 ) ) REPRESENTATION_CONTEXT ( 'NONE', 'WORKASPACE' ) );
#4082 = ORIENTED_EDGE ( 'NONE', *, *, #11589, .F. ) ;
#4083 = LINE ( 'NONE', #9425, #1447 ) ;
#4084 = FILL_AREA_STYLE ('',( #2092 ) ) ;
#4085 =( NAMED_UNIT ( * ) SI_UNIT ( $, .STERADIAN. ) SOLID_ANGLE_UNIT ( ) );
#4086 = COLOUR_RGB ( '',1.000000000000000000, 1.000000000000000000, 1.000000000000000000 ) ;
#4087 = CARTESIAN_POINT ( 'NONE',  ( 0.0000000000000000000, 0.1000000000000000056, 0.2000076143446563315 ) ) ;
#4088 = ORIENTED_EDGE ( 'NONE', *, *, #3680, .T. ) ;
#4089 = ADVANCED_FACE ( 'NONE', ( #1835 ), #8489, .F. ) ;
#4090 = PRESENTATION_LAYER_ASSIGNMENT (  '', '', ( #2744 ) ) ;
#4091 = CARTESIAN_POINT ( 'NONE',  ( 0.7406944999838511734, 0.1000000000000000056, 1.249999999999999112 ) ) ;
#4092 = ORIENTED_EDGE ( 'NONE', *, *, #12431, .T. ) ;
#4094 =( LENGTH_UNIT ( ) NAMED_UNIT ( * ) SI_UNIT ( .MILLI., .METRE. ) );
#4093 = VECTOR ( 'NONE', #12014, 1000.000000000000000 ) ;
#4095 = SURFACE_SIDE_STYLE ('',( #447 ) ) ;
#4096 = CIRCLE ( 'NONE', #3103, 0.05593526370766899181 ) ;
#4097 = CARTESIAN_POINT ( 'NONE',  ( 0.4810022717477533405, 0.1000000000000000056, -1.199999999999999289 ) ) ;
#4098 = LINE ( 'NONE', #5519, #3142 ) ;
#4099 = DIRECTION ( 'NONE',  ( 0.0000000000000000000, 0.0000000000000000000, -1.000000000000000000 ) ) ;
#4100 = SURFACE_STYLE_USAGE ( .BOTH. , #9991 ) ;
#4101 = SURFACE_STYLE_USAGE ( .BOTH. , #9993 ) ;
#4102 =( LENGTH_UNIT ( ) NAMED_UNIT ( * ) SI_UNIT ( .MILLI., .METRE. ) );
#4103 =( NAMED_UNIT ( * ) SI_UNIT ( $, .STERADIAN. ) SOLID_ANGLE_UNIT ( ) );
#4104 = UNCERTAINTY_MEASURE_WITH_UNIT (LENGTH_MEASURE( 1.000000000000000082E-05 ), #3969, 'distance_accuracy_value', 'NONE');
#4105 = DIRECTION ( 'NONE',  ( 1.000000000000000000, 0.0000000000000000000, -0.0000000000000000000 ) ) ;
#4106 = ORIENTED_EDGE ( 'NONE', *, *, #5267, .F. ) ;
#4107 = PRESENTATION_STYLE_ASSIGNMENT (( #12703 ) ) ;
#4108 = PRODUCT_DEFINITION ( 'UNKNOWN', '', #4784, #11344 ) ;
#4109 = FILL_AREA_STYLE_COLOUR ( '', #9860 ) ;
#4110 = AXIS2_PLACEMENT_3D ( 'NONE', #3432, #10344, #4453 ) ;
#4111 = EDGE_CURVE ( 'NONE', #2514, #741, #888, .T. ) ;
#4112 = EDGE_LOOP ( 'NONE', ( #763, #1035, #1072, #1519 ) ) ;
#4113 = EDGE_CURVE ( 'NONE', #10388, #1732, #6166, .T. ) ;
#4114 = VECTOR ( 'NONE', #6313, 1000.000000000000000 ) ;
#4115 = DIRECTION ( 'NONE',  ( 0.0000000000000000000, 1.000000000000000000, -0.0000000000000000000 ) ) ;
#4116 =( LENGTH_UNIT ( ) NAMED_UNIT ( * ) SI_UNIT ( .MILLI., .METRE. ) );
#4117 = ORIENTED_EDGE ( 'NONE', *, *, #6065, .T. ) ;
#4118 = DIRECTION ( 'NONE',  ( 0.0000000000000000000, -1.000000000000000000, 0.0000000000000000000 ) ) ;
#4119 = LINE ( 'NONE', #11377, #9045 ) ;
#4120 = UNCERTAINTY_MEASURE_WITH_UNIT (LENGTH_MEASURE( 1.000000000000000082E-05 ), #9036, 'distance_accuracy_value', 'NONE');
#4121 = CARTESIAN_POINT ( 'NONE',  ( -1.171933149074798175, 0.1000000000000000056, 0.2000076143446563315 ) ) ;
#4122 = ADVANCED_FACE ( 'NONE', ( #5860 ), #10526, .T. ) ;
#4123 =( NAMED_UNIT ( * ) SI_UNIT ( $, .STERADIAN. ) SOLID_ANGLE_UNIT ( ) );
#4124 = PRESENTATION_LAYER_ASSIGNMENT (  '', '', ( #3456 ) ) ;
#4125 = DIRECTION ( 'NONE',  ( 0.0000000000000000000, 0.0000000000000000000, 1.000000000000000000 ) ) ;
#4126 = EDGE_CURVE ( 'NONE', #7684, #11711, #9858, .T. ) ;
#4127 = DIRECTION ( 'NONE',  ( -1.000000000000000000, 0.0000000000000000000, -0.0000000000000000000 ) ) ;
#4128 = EDGE_LOOP ( 'NONE', ( #9081, #6152, #7588, #11096 ) ) ;
#4129 = AXIS2_PLACEMENT_3D ( 'NONE', #5342, #1322, #4399 ) ;
#4130 = FACE_OUTER_BOUND ( 'NONE', #5474, .T. ) ;
#4131 = FILL_AREA_STYLE_COLOUR ( '', #6475 ) ;
#4132 = DIRECTION ( 'NONE',  ( 0.0000000000000000000, 0.0000000000000000000, -1.000000000000000000 ) ) ;
#4133 = EDGE_CURVE ( 'NONE', #7452, #8107, #4950, .T. ) ;
#4134 = LINE ( 'NONE', #1441, #1793 ) ;
#4135 = DIRECTION ( 'NONE',  ( 0.0000000000000000000, 0.0000000000000000000, 1.000000000000000000 ) ) ;
#4136 = CARTESIAN_POINT ( 'NONE',  ( 0.0000000000000000000, -0.05000000000000000278, -0.1031605786060936225 ) ) ;
#4137 = FILL_AREA_STYLE ('',( #4278 ) ) ;
#4138 =( LENGTH_UNIT ( ) NAMED_UNIT ( * ) SI_UNIT ( .MILLI., .METRE. ) );
#4139 =( LENGTH_UNIT ( ) NAMED_UNIT ( * ) SI_UNIT ( .MILLI., .METRE. ) );
#4140 = SURFACE_STYLE_FILL_AREA ( #10153 ) ;
#4141 = CARTESIAN_POINT ( 'NONE',  ( 0.0000000000000000000, -0.05000000000000000278, -1.199999999999999289 ) ) ;
#4142 = ORIENTED_EDGE ( 'NONE', *, *, #5087, .F. ) ;
#4143 =( NAMED_UNIT ( * ) SI_UNIT ( $, .STERADIAN. ) SOLID_ANGLE_UNIT ( ) );
#4144 = FILL_AREA_STYLE_COLOUR ( '', #11102 ) ;
#4145 = ORIENTED_EDGE ( 'NONE', *, *, #6691, .F. ) ;
#4146 = AXIS2_PLACEMENT_3D ( 'NONE', #8041, #7733, #7254 ) ;
#4147 = CARTESIAN_POINT ( 'NONE',  ( -0.4949999999999992184, 0.1000000000000000056, 1.375493264616636679 ) ) ;
#4148 =( GEOMETRIC_REPRESENTATION_CONTEXT ( 3 ) GLOBAL_UNCERTAINTY_ASSIGNED_CONTEXT ( ( #11394 ) ) GLOBAL_UNIT_ASSIGNED_CONTEXT ( ( #2521, #9439, #3519 ) ) REPRESENTATION_CONTEXT ( 'NONE', 'WORKASPACE' ) );
#4149 = CYLINDRICAL_SURFACE ( 'NONE', #3564, 0.09130182425276713032 ) ;
#4150 = EDGE_CURVE ( 'NONE', #1356, #11880, #12498, .T. ) ;
#4151 = ORIENTED_EDGE ( 'NONE', *, *, #2901, .T. ) ;
#4152 = VERTEX_POINT ( 'NONE', #2695 ) ;
#4153 = ADVANCED_FACE ( 'NONE', ( #9563 ), #8617, .T. ) ;
#4154 = LINE ( 'NONE', #6806, #1517 ) ;
#4155 = VERTEX_POINT ( 'NONE', #6668 ) ;
#4156 = LINE ( 'NONE', #6722, #6459 ) ;
#4157 = ORIENTED_EDGE ( 'NONE', *, *, #6514, .T. ) ;
#4158 = ORIENTED_EDGE ( 'NONE', *, *, #5041, .T. ) ;
#4159 = SURFACE_STYLE_FILL_AREA ( #3655 ) ;
#4160 = COLOUR_RGB ( '',1.000000000000000000, 1.000000000000000000, 1.000000000000000000 ) ;
#4161 = CARTESIAN_POINT ( 'NONE',  ( 1.134999999999999787, 0.1000000000000000056, 1.649999999999999467 ) ) ;
#4162 =( NAMED_UNIT ( * ) PLANE_ANGLE_UNIT ( ) SI_UNIT ( $, .RADIAN. ) );
#4163 = LINE ( 'NONE', #2645, #11718 ) ;
#4164 =( LENGTH_UNIT ( ) NAMED_UNIT ( * ) SI_UNIT ( .MILLI., .METRE. ) );
#4165 = CARTESIAN_POINT ( 'NONE',  ( -1.197916575926319283, 0.1000000000000000056, 0.0000000000000000000 ) ) ;
#4166 = ORIENTED_EDGE ( 'NONE', *, *, #7972, .T. ) ;
#4167 = SURFACE_STYLE_FILL_AREA ( #7828 ) ;
#4168 = SURFACE_STYLE_FILL_AREA ( #12027 ) ;
#4169 = EDGE_LOOP ( 'NONE', ( #2070, #179, #6543, #6715 ) ) ;
#4170 = COLOUR_RGB ( '',0.7921568627450980005, 0.8196078431372548767, 0.9333333333333333481 ) ;
#4171 = LINE ( 'NONE', #7740, #1205 ) ;
#4172 = ORIENTED_EDGE ( 'NONE', *, *, #7199, .F. ) ;
#4173 = MECHANICAL_DESIGN_GEOMETRIC_PRESENTATION_REPRESENTATION (  '', ( #2813 ), #4842 ) ;
#4174 = EDGE_CURVE ( 'NONE', #8341, #3674, #8640, .T. ) ;
#4175 = ADVANCED_FACE ( 'NONE', ( #11249 ), #12636, .F. ) ;
#4176 = AXIS2_PLACEMENT_3D ( 'NONE', #2902, #9809, #3909 ) ;
#4177 =( LENGTH_UNIT ( ) NAMED_UNIT ( * ) SI_UNIT ( .MILLI., .METRE. ) );
#4178 = CARTESIAN_POINT ( 'NONE',  ( -0.4949999999999992184, 0.1000000000000000056, 0.0000000000000000000 ) ) ;
#4179 = CYLINDRICAL_SURFACE ( 'NONE', #4129, 0.03338112451568553407 ) ;
#4180 = CARTESIAN_POINT ( 'NONE',  ( -0.8189977282522473701, 0.1000000000000000056, -1.649999999999998579 ) ) ;
#4181 = SURFACE_STYLE_USAGE ( .BOTH. , #10071 ) ;
#4182 = CARTESIAN_POINT ( 'NONE',  ( -0.5439116535429402433, -0.05000000000000000278, 1.276162611327208651 ) ) ;
#4183 = VERTEX_POINT ( 'NONE', #4793 ) ;
#4184 = CYLINDRICAL_SURFACE ( 'NONE', #4542, 0.02617424799283601944 ) ;
#4185 = ORIENTED_EDGE ( 'NONE', *, *, #9148, .F. ) ;
#4186 = FILL_AREA_STYLE_COLOUR ( '', #10799 ) ;
#4187 = FACE_OUTER_BOUND ( 'NONE', #5393, .T. ) ;
#4188 = COLOUR_RGB ( '',1.000000000000000000, 1.000000000000000000, 1.000000000000000000 ) ;
#4189 = VERTEX_POINT ( 'NONE', #5771 ) ;
#4190 =( NAMED_UNIT ( * ) PLANE_ANGLE_UNIT ( ) SI_UNIT ( $, .RADIAN. ) );
#4191 =( NAMED_UNIT ( * ) PLANE_ANGLE_UNIT ( ) SI_UNIT ( $, .RADIAN. ) );
#4192 = ADVANCED_FACE ( 'NONE', ( #10005 ), #9080, .T. ) ;
#4193 = DIRECTION ( 'NONE',  ( 0.0000000000000000000, 1.000000000000000000, 0.0000000000000000000 ) ) ;
#4194 = MECHANICAL_DESIGN_GEOMETRIC_PRESENTATION_REPRESENTATION (  '', ( #2831 ), #4858 ) ;
#4195 = VECTOR ( 'NONE', #2946, 1000.000000000000000 ) ;
#4196 = AXIS2_PLACEMENT_3D ( 'NONE', #11232, #5354, #12245 ) ;
#4198 = EDGE_CURVE ( 'NONE', #9408, #12139, #4154, .T. ) ;
#4197 = SURFACE_STYLE_USAGE ( .BOTH. , #10088 ) ;
#4200 = ADVANCED_FACE ( 'NONE', ( #3836 ), #12705, .T. ) ;
#4199 =( NAMED_UNIT ( * ) SI_UNIT ( $, .STERADIAN. ) SOLID_ANGLE_UNIT ( ) );
#4201 = CARTESIAN_POINT ( 'NONE',  ( 0.8189977282522473701, 0.0000000000000000000, -1.416874574924349872 ) ) ;
#4202 = EDGE_CURVE ( 'NONE', #6455, #9009, #5544, .T. ) ;
#4203 =( NAMED_UNIT ( * ) PLANE_ANGLE_UNIT ( ) SI_UNIT ( $, .RADIAN. ) );
#4204 = FACE_OUTER_BOUND ( 'NONE', #1545, .T. ) ;
#4205 = ORIENTED_EDGE ( 'NONE', *, *, #6743, .T. ) ;
#4206 = ORIENTED_EDGE ( 'NONE', *, *, #132, .T. ) ;
#4207 = UNCERTAINTY_MEASURE_WITH_UNIT (LENGTH_MEASURE( 1.000000000000000082E-05 ), #7817, 'distance_accuracy_value', 'NONE');
#4208 = SURFACE_STYLE_FILL_AREA ( #10326 ) ;
#4209 = DIRECTION ( 'NONE',  ( 0.0000000000000000000, -1.000000000000000000, 0.0000000000000000000 ) ) ;
#4210 = PRESENTATION_LAYER_ASSIGNMENT (  '', '', ( #2210 ) ) ;
#4211 = ORIENTED_EDGE ( 'NONE', *, *, #4055, .F. ) ;
#4212 = CARTESIAN_POINT ( 'NONE',  ( -1.455814029726843373, 0.1499999999999999944, 1.500000000000000000 ) ) ;
#4213 = LINE ( 'NONE', #9322, #9446 ) ;
#4214 = VECTOR ( 'NONE', #12444, 1000.000000000000000 ) ;
#4215 = CARTESIAN_POINT ( 'NONE',  ( 1.257124604555293956, 0.1000000000000000056, -0.1031605786060936225 ) ) ;
#4216 =( NAMED_UNIT ( * ) PLANE_ANGLE_UNIT ( ) SI_UNIT ( $, .RADIAN. ) );
#4217 = MECHANICAL_DESIGN_GEOMETRIC_PRESENTATION_REPRESENTATION (  '', ( #2852 ), #4879 ) ;
#4218 = EDGE_CURVE ( 'NONE', #10839, #10953, #10786, .T. ) ;
#4219 = PRESENTATION_STYLE_ASSIGNMENT (( #6015 ) ) ;
#4220 = LINE ( 'NONE', #4765, #1577 ) ;
#4221 =( GEOMETRIC_REPRESENTATION_CONTEXT ( 3 ) GLOBAL_UNCERTAINTY_ASSIGNED_CONTEXT ( ( #8713 ) ) GLOBAL_UNIT_ASSIGNED_CONTEXT ( ( #2571, #9491, #3575 ) ) REPRESENTATION_CONTEXT ( 'NONE', 'WORKASPACE' ) );
#4222 =( LENGTH_UNIT ( ) NAMED_UNIT ( * ) SI_UNIT ( .MILLI., .METRE. ) );
#4223 = DIRECTION ( 'NONE',  ( 0.0000000000000000000, 1.000000000000000000, -0.0000000000000000000 ) ) ;
#4224 = SURFACE_SIDE_STYLE ('',( #9061 ) ) ;
#4225 =( LENGTH_UNIT ( ) NAMED_UNIT ( * ) SI_UNIT ( .MILLI., .METRE. ) );
#4226 = CARTESIAN_POINT ( 'NONE',  ( -1.135000000000004894, -0.05000000000000000278, -2.485305147012454610E-14 ) ) ;
#4227 = SURFACE_STYLE_USAGE ( .BOTH. , #10115 ) ;
#4228 = CIRCLE ( 'NONE', #5114, 0.05593526370766899181 ) ;
#4229 = CARTESIAN_POINT ( 'NONE',  ( 0.0000000000000000000, 0.1000000000000000056, -1.277681107331943622 ) ) ;
#4230 = STYLED_ITEM ( 'NONE', ( #4304 ), #1385 ) ;
#4231 = AXIS2_PLACEMENT_3D ( 'NONE', #8513, #8460, #8409 ) ;
#4232 = LINE ( 'NONE', #2870, #9153 ) ;
#4233 = ORIENTED_EDGE ( 'NONE', *, *, #9201, .F. ) ;
#4234 = EDGE_CURVE ( 'NONE', #5575, #10955, #8162, .T. ) ;
#4235 = VERTEX_POINT ( 'NONE', #5905 ) ;
#4236 = FILL_AREA_STYLE_COLOUR ( '', #467 ) ;
#4237 = ORIENTED_EDGE ( 'NONE', *, *, #11141, .T. ) ;
#4238 = VERTEX_POINT ( 'NONE', #12788 ) ;
#4239 = DIRECTION ( 'NONE',  ( 0.0000000000000000000, 1.000000000000000000, -0.0000000000000000000 ) ) ;
#4240 =( NAMED_UNIT ( * ) SI_UNIT ( $, .STERADIAN. ) SOLID_ANGLE_UNIT ( ) );
#4241 = PRESENTATION_LAYER_ASSIGNMENT (  '', '', ( #2243 ) ) ;
#4242 = DIRECTION ( 'NONE',  ( -0.0000000000000000000, 0.0000000000000000000, 1.000000000000000000 ) ) ;
#4243 = CARTESIAN_POINT ( 'NONE',  ( 1.540045451220498407, -0.05000000000000000278, 0.07500000000000017764 ) ) ;
#4244 = EDGE_LOOP ( 'NONE', ( #6904, #8894, #10917, #10600 ) ) ;
#4245 = COLOUR_RGB ( '',0.2509803921568627416, 0.2509803921568627416, 0.2509803921568627416 ) ;
#4246 = ORIENTED_EDGE ( 'NONE', *, *, #11930, .T. ) ;
#4247 = ORIENTED_EDGE ( 'NONE', *, *, #3273, .T. ) ;
#4248 =( GEOMETRIC_REPRESENTATION_CONTEXT ( 3 ) GLOBAL_UNCERTAINTY_ASSIGNED_CONTEXT ( ( #3225 ) ) GLOBAL_UNIT_ASSIGNED_CONTEXT ( ( #4914, #11799, #5899 ) ) REPRESENTATION_CONTEXT ( 'NONE', 'WORKASPACE' ) );
#4249 = EDGE_CURVE ( 'NONE', #5518, #1329, #2891, .T. ) ;
#4250 = FACE_OUTER_BOUND ( 'NONE', #921, .T. ) ;
#4251 = DIRECTION ( 'NONE',  ( 1.000000000000000000, -0.0000000000000000000, 0.0000000000000000000 ) ) ;
#4252 = EDGE_CURVE ( 'NONE', #8533, #12840, #5249, .T. ) ;
#4253 = DIRECTION ( 'NONE',  ( 0.0000000000000000000, -1.000000000000000000, 0.0000000000000000000 ) ) ;
#4254 = VECTOR ( 'NONE', #6598, 1000.000000000000000 ) ;
#4255 =( LENGTH_UNIT ( ) NAMED_UNIT ( * ) SI_UNIT ( .MILLI., .METRE. ) );
#4256 = DIRECTION ( 'NONE',  ( 0.0000000000000000000, 0.0000000000000000000, 1.000000000000000000 ) ) ;
#4257 = CARTESIAN_POINT ( 'NONE',  ( -1.134999999999999787, 0.1000000000000000056, -1.416874574924349872 ) ) ;
#4258 = ORIENTED_EDGE ( 'NONE', *, *, #10720, .T. ) ;
#4259 = ORIENTED_EDGE ( 'NONE', *, *, #10105, .T. ) ;
#4260 = LINE ( 'NONE', #1961, #4883 ) ;
#4261 = AXIS2_PLACEMENT_3D ( 'NONE', #5234, #12124, #6220 ) ;
#4262 = CARTESIAN_POINT ( 'NONE',  ( 0.5087622389318458005, -0.05000000000000000278, 0.0000000000000000000 ) ) ;
#4263 = CARTESIAN_POINT ( 'NONE',  ( 0.5509352637076680992, 0.0000000000000000000, 1.375493264616636457 ) ) ;
#4264 = SURFACE_STYLE_USAGE ( .BOTH. , #10155 ) ;
#4265 =( NAMED_UNIT ( * ) PLANE_ANGLE_UNIT ( ) SI_UNIT ( $, .RADIAN. ) );
#4266 = ORIENTED_EDGE ( 'NONE', *, *, #6744, .F. ) ;
#4267 = VECTOR ( 'NONE', #12835, 1000.000000000000000 ) ;
#4268 = CARTESIAN_POINT ( 'NONE',  ( 0.0000000000000000000, 0.1000000000000000056, 1.249999999999999112 ) ) ;
#4269 = VERTEX_POINT ( 'NONE', #10826 ) ;
#4270 = SURFACE_STYLE_FILL_AREA ( #1486 ) ;
#4271 = AXIS2_PLACEMENT_3D ( 'NONE', #2797, #9724, #3807 ) ;
#4272 =( NAMED_UNIT ( * ) SI_UNIT ( $, .STERADIAN. ) SOLID_ANGLE_UNIT ( ) );
#4273 = PRESENTATION_LAYER_ASSIGNMENT (  '', '', ( #2918 ) ) ;
#4274 = CARTESIAN_POINT ( 'NONE',  ( -1.455814029726843373, 0.1499999999999999944, 1.355814029726843728 ) ) ;
#4275 = PRESENTATION_STYLE_ASSIGNMENT (( #11910 ) ) ;
#4276 = DIRECTION ( 'NONE',  ( 0.0000000000000000000, 1.000000000000000000, -0.0000000000000000000 ) ) ;
#4277 =( BOUNDED_CURVE ( )  B_SPLINE_CURVE ( 3, ( #10417, #230, #6044, #5925 ),
 .UNSPECIFIED., .F., .F. ) 
 B_SPLINE_CURVE_WITH_KNOTS ( ( 4, 4 ),
 ( 5.515995204261209928, 7.050375410097962536 ),
 .UNSPECIFIED. ) 
 CURVE ( )  GEOMETRIC_REPRESENTATION_ITEM ( )  RATIONAL_B_SPLINE_CURVE ( ( 1.000000000000000000, 0.8132426008497404268, 0.8132426008497404268, 1.000000000000000000 ) ) 
 REPRESENTATION_ITEM ( '' )  );
#4278 = FILL_AREA_STYLE_COLOUR ( '', #1555 ) ;
#4279 = VECTOR ( 'NONE', #11946, 1000.000000000000000 ) ;
#4280 = VERTEX_POINT ( 'NONE', #11805 ) ;
#4281 = DIRECTION ( 'NONE',  ( 0.0000000000000000000, 0.0000000000000000000, -1.000000000000000000 ) ) ;
#4282 = CARTESIAN_POINT ( 'NONE',  ( -0.5127599671840918916, -0.05000000000000000278, 0.0000000000000000000 ) ) ;
#4283 = DIRECTION ( 'NONE',  ( 0.0000000000000000000, 0.0000000000000000000, -1.000000000000000000 ) ) ;
#4284 = PLANE ( 'NONE',  #11089 ) ;
#4285 = PLANE ( 'NONE',  #8220 ) ;
#4286 = PRESENTATION_STYLE_ASSIGNMENT (( #8830 ) ) ;
#4287 = SURFACE_SIDE_STYLE ('',( #360 ) ) ;
#4288 = AXIS2_PLACEMENT_3D ( 'NONE', #9916, #9945, #981 ) ;
#4289 =( LENGTH_UNIT ( ) NAMED_UNIT ( * ) SI_UNIT ( .MILLI., .METRE. ) );
#4290 = DIRECTION ( 'NONE',  ( 0.0000000000000000000, 1.000000000000000000, 0.0000000000000000000 ) ) ;
#4291 = FILL_AREA_STYLE ('',( #6257 ) ) ;
#4292 = ORIENTED_EDGE ( 'NONE', *, *, #2701, .F. ) ;
#4293 = UNCERTAINTY_MEASURE_WITH_UNIT (LENGTH_MEASURE( 1.000000000000000082E-05 ), #2544, 'distance_accuracy_value', 'NONE');
#4294 = EDGE_CURVE ( 'NONE', #12058, #519, #7546, .T. ) ;
#4295 = EDGE_CURVE ( 'NONE', #5189, #5355, #4935, .T. ) ;
#4296 = PRESENTATION_LAYER_ASSIGNMENT (  '', '', ( #2941 ) ) ;
#4297 = DIRECTION ( 'NONE',  ( 0.0000000000000000000, 0.0000000000000000000, 1.000000000000000000 ) ) ;
#4298 =( LENGTH_UNIT ( ) NAMED_UNIT ( * ) SI_UNIT ( .MILLI., .METRE. ) );
#4299 = CARTESIAN_POINT ( 'NONE',  ( -0.1412377610681545548, 0.1000000000000000056, -1.416874574924349872 ) ) ;
#4300 = FILL_AREA_STYLE_COLOUR ( '', #6662 ) ;
#4301 = CARTESIAN_POINT ( 'NONE',  ( 0.4949999999999992184, -0.05000000000000000278, 0.0000000000000000000 ) ) ;
#4302 = CARTESIAN_POINT ( 'NONE',  ( 0.0000000000000000000, -0.05000000000000000278, -1.277681107331943622 ) ) ;
#4303 = PRESENTATION_STYLE_ASSIGNMENT (( #11228 ) ) ;
#4304 = PRESENTATION_STYLE_ASSIGNMENT (( #183 ) ) ;
#4305 = VERTEX_POINT ( 'NONE', #6935 ) ;
#4306 = CIRCLE ( 'NONE', #5749, 0.03338112451568553407 ) ;
#4307 = SURFACE_SIDE_STYLE ('',( #4140 ) ) ;
#4308 =( NAMED_UNIT ( * ) PLANE_ANGLE_UNIT ( ) SI_UNIT ( $, .RADIAN. ) );
#4309 = CARTESIAN_POINT ( 'NONE',  ( -1.499999999999999778, 0.1499999999999999944, 1.301837281655233491 ) ) ;
#4310 = LINE ( 'NONE', #5569, #9539 ) ;
#4311 = COLOUR_RGB ( '',1.000000000000000000, 1.000000000000000000, 1.000000000000000000 ) ;
#4312 = AXIS2_PLACEMENT_3D ( 'NONE', #9423, #530, #8429 ) ;
#4313 = STYLED_ITEM ( 'NONE', ( #6967 ), #9925 ) ;
#4314 = MECHANICAL_DESIGN_GEOMETRIC_PRESENTATION_REPRESENTATION (  '', ( #2301 ), #4986 ) ;
#4315 = ORIENTED_EDGE ( 'NONE', *, *, #4629, .F. ) ;
#4316 = CARTESIAN_POINT ( 'NONE',  ( 1.455814029726843373, 0.1499999999999999944, 1.355814029726843728 ) ) ;
#4317 = EDGE_CURVE ( 'NONE', #102, #137, #7235, .T. ) ;
#4318 = FACE_OUTER_BOUND ( 'NONE', #2392, .T. ) ;
#4319 = ORIENTED_EDGE ( 'NONE', *, *, #2011, .T. ) ;
#4320 = VERTEX_POINT ( 'NONE', #7938 ) ;
#4321 = ORIENTED_EDGE ( 'NONE', *, *, #5911, .F. ) ;
#4322 = VERTEX_POINT ( 'NONE', #9906 ) ;
#4323 = ORIENTED_EDGE ( 'NONE', *, *, #1910, .F. ) ;
#4324 = AXIS2_PLACEMENT_3D ( 'NONE', #4812, #11680, #5789 ) ;
#4325 = VECTOR ( 'NONE', #2728, 1000.000000000000000 ) ;
#4326 = VERTEX_POINT ( 'NONE', #2014 ) ;
#4327 =( NAMED_UNIT ( * ) SI_UNIT ( $, .STERADIAN. ) SOLID_ANGLE_UNIT ( ) );
#4328 = EDGE_CURVE ( 'NONE', #3025, #6066, #10480, .T. ) ;
#4329 = CARTESIAN_POINT ( 'NONE',  ( 0.1650000000000009237, 0.1000000000000000056, -0.0000000000000000000 ) ) ;
#4330 = PRESENTATION_STYLE_ASSIGNMENT (( #10401 ) ) ;
#4331 = DIRECTION ( 'NONE',  ( -1.000000000000000000, 0.0000000000000000000, -0.0000000000000000000 ) ) ;
#4332 = ADVANCED_FACE ( 'NONE', ( #1976 ), #11893, .T. ) ;
#4333 = ORIENTED_EDGE ( 'NONE', *, *, #12320, .F. ) ;
#4334 = CARTESIAN_POINT ( 'NONE',  ( 0.8189977282522473701, 0.1000000000000000056, -0.0000000000000000000 ) ) ;
#4335 = COLOUR_RGB ( '',0.2509803921568627416, 0.2509803921568627416, 0.2509803921568627416 ) ;
#4336 = ORIENTED_EDGE ( 'NONE', *, *, #12084, .T. ) ;
#4337 = PRESENTATION_STYLE_ASSIGNMENT (( #10598 ) ) ;
#4338 = SURFACE_SIDE_STYLE ('',( #2537 ) ) ;
#4339 = DIRECTION ( 'NONE',  ( 0.0000000000000000000, 0.0000000000000000000, 1.000000000000000000 ) ) ;
#4340 = CARTESIAN_POINT ( 'NONE',  ( -0.1060883464570583357, 0.1000000000000000056, 0.0000000000000000000 ) ) ;
#4341 = ORIENTED_EDGE ( 'NONE', *, *, #768, .F. ) ;
#4342 = ORIENTED_EDGE ( 'NONE', *, *, #10605, .F. ) ;
#4343 = DIRECTION ( 'NONE',  ( 0.0000000000000000000, 1.000000000000000000, 0.0000000000000000000 ) ) ;
#4344 = FILL_AREA_STYLE ('',( #10276 ) ) ;
#4345 = EDGE_LOOP ( 'NONE', ( #11410, #11561, #12052, #12347 ) ) ;
#4346 = DIRECTION ( 'NONE',  ( 0.0000000000000000000, 0.0000000000000000000, -1.000000000000000000 ) ) ;
#4347 = EDGE_CURVE ( 'NONE', #8940, #8033, #1018, .T. ) ;
#4348 = COLOUR_RGB ( '',1.000000000000000000, 1.000000000000000000, 1.000000000000000000 ) ;
#4349 =( GEOMETRIC_REPRESENTATION_CONTEXT ( 3 ) GLOBAL_UNCERTAINTY_ASSIGNED_CONTEXT ( ( #7441 ) ) GLOBAL_UNIT_ASSIGNED_CONTEXT ( ( #4613, #11490, #5594 ) ) REPRESENTATION_CONTEXT ( 'NONE', 'WORKASPACE' ) );
#4350 = PRESENTATION_STYLE_ASSIGNMENT (( #477 ) ) ;
#4351 = COLOUR_RGB ( '',1.000000000000000000, 1.000000000000000000, 1.000000000000000000 ) ;
#4352 = ORIENTED_EDGE ( 'NONE', *, *, #4347, .F. ) ;
#4353 = EDGE_LOOP ( 'NONE', ( #1804, #8771, #9380, #1173 ) ) ;
#4354 =( NAMED_UNIT ( * ) SI_UNIT ( $, .STERADIAN. ) SOLID_ANGLE_UNIT ( ) );
#4355 = CARTESIAN_POINT ( 'NONE',  ( -0.1060883464570583357, 0.1000000000000000056, 1.320000718934352335 ) ) ;
#4356 = DIRECTION ( 'NONE',  ( 0.0000000000000000000, -1.000000000000000000, 0.0000000000000000000 ) ) ;
#4357 = LINE ( 'NONE', #2251, #9582 ) ;
#4358 = FILL_AREA_STYLE ('',( #9959 ) ) ;
#4359 = CARTESIAN_POINT ( 'NONE',  ( 0.8189977282522473701, 0.1000000000000000056, -1.277681107331943622 ) ) ;
#4360 = PLANE ( 'NONE',  #3740 ) ;
#4361 = VERTEX_POINT ( 'NONE', #10904 ) ;
#4362 = AXIS2_PLACEMENT_3D ( 'NONE', #8580, #2660, #9569 ) ;
#4363 = VERTEX_POINT ( 'NONE', #1070 ) ;
#4364 = UNCERTAINTY_MEASURE_WITH_UNIT (LENGTH_MEASURE( 1.000000000000000082E-05 ), #8168, 'distance_accuracy_value', 'NONE');
#4365 = CARTESIAN_POINT ( 'NONE',  ( 1.197916575926319283, -0.05000000000000000278, 0.0000000000000000000 ) ) ;
#4366 = PRESENTATION_STYLE_ASSIGNMENT (( #2395 ) ) ;
#4367 =( GEOMETRIC_REPRESENTATION_CONTEXT ( 3 ) GLOBAL_UNCERTAINTY_ASSIGNED_CONTEXT ( ( #7352 ) ) GLOBAL_UNIT_ASSIGNED_CONTEXT ( ( #8618, #2696, #9612 ) ) REPRESENTATION_CONTEXT ( 'NONE', 'WORKASPACE' ) );
#4368 = SURFACE_SIDE_STYLE ('',( #6870 ) ) ;
#4369 = SURFACE_SIDE_STYLE ('',( #1327 ) ) ;
#4370 = ORIENTED_EDGE ( 'NONE', *, *, #8086, .T. ) ;
#4371 = ORIENTED_EDGE ( 'NONE', *, *, #6671, .F. ) ;
#4372 = DIRECTION ( 'NONE',  ( 0.0000000000000000000, -1.000000000000000000, 0.0000000000000000000 ) ) ;
#4373 = CIRCLE ( 'NONE', #980, 0.02617424799283601944 ) ;
#4374 = PLANE ( 'NONE',  #86 ) ;
#4375 = SURFACE_STYLE_USAGE ( .BOTH. , #10262 ) ;
#4376 = VECTOR ( 'NONE', #11146, 1000.000000000000000 ) ;
#4377 =( LENGTH_UNIT ( ) NAMED_UNIT ( * ) SI_UNIT ( .MILLI., .METRE. ) );
#4378 = CIRCLE ( 'NONE', #4899, 0.02617424799283601944 ) ;
#4379 = SURFACE_STYLE_FILL_AREA ( #9669 ) ;
#4380 = DIRECTION ( 'NONE',  ( 0.0000000000000000000, 0.0000000000000000000, -1.000000000000000000 ) ) ;
#4381 = UNCERTAINTY_MEASURE_WITH_UNIT (LENGTH_MEASURE( 1.000000000000000082E-05 ), #9910, 'distance_accuracy_value', 'NONE');
#4382 = FILL_AREA_STYLE_COLOUR ( '', #8421 ) ;
#4383 = CARTESIAN_POINT ( 'NONE',  ( -1.540045451220497963, 0.0000000000000000000, -0.1083811245156857395 ) ) ;
#4384 = PRESENTATION_LAYER_ASSIGNMENT (  '', '', ( #3671 ) ) ;
#4385 =( GEOMETRIC_REPRESENTATION_CONTEXT ( 3 ) GLOBAL_UNCERTAINTY_ASSIGNED_CONTEXT ( ( #7137 ) ) GLOBAL_UNIT_ASSIGNED_CONTEXT ( ( #2972, #9895, #3977 ) ) REPRESENTATION_CONTEXT ( 'NONE', 'WORKASPACE' ) );
#4386 = DIRECTION ( 'NONE',  ( 0.0000000000000000000, 0.0000000000000000000, -1.000000000000000000 ) ) ;
#4387 = EDGE_CURVE ( 'NONE', #4155, #10861, #8621, .T. ) ;
#4388 =( NAMED_UNIT ( * ) SI_UNIT ( $, .STERADIAN. ) SOLID_ANGLE_UNIT ( ) );
#4389 = EDGE_CURVE ( 'NONE', #7215, #11545, #3662, .T. ) ;
#4390 = MECHANICAL_DESIGN_GEOMETRIC_PRESENTATION_REPRESENTATION (  '', ( #2372 ), #5043 ) ;
#4391 = ORIENTED_EDGE ( 'NONE', *, *, #8132, .T. ) ;
#4392 = PLANE ( 'NONE',  #11154 ) ;
#4393 = SURFACE_STYLE_FILL_AREA ( #9364 ) ;
#4394 = DIRECTION ( 'NONE',  ( 0.1874275599918963642, -0.9642312064598242971, 0.1874275599918963364 ) ) ;
#4395 = ADVANCED_FACE ( 'NONE', ( #11234 ), #7059, .T. ) ;
#4396 = LINE ( 'NONE', #2411, #314 ) ;
#4397 = VECTOR ( 'NONE', #9830, 1000.000000000000000 ) ;
#4398 =( NAMED_UNIT ( * ) SI_UNIT ( $, .STERADIAN. ) SOLID_ANGLE_UNIT ( ) );
#4399 = DIRECTION ( 'NONE',  ( 0.0000000000000000000, 0.0000000000000000000, -1.000000000000000000 ) ) ;
#4400 = COLOUR_RGB ( '',1.000000000000000000, 1.000000000000000000, 1.000000000000000000 ) ;
#4401 = DIRECTION ( 'NONE',  ( 1.000000000000000000, 0.0000000000000000000, 0.0000000000000000000 ) ) ;
#4402 = EDGE_CURVE ( 'NONE', #565, #5127, #7375, .T. ) ;
#4403 = ADVANCED_FACE ( 'NONE', ( #2126 ), #11395, .T. ) ;
#4404 = AXIS2_PLACEMENT_3D ( 'NONE', #7015, #9932, #1063 ) ;
#4405 = DIRECTION ( 'NONE',  ( 0.0000000000000000000, 1.000000000000000000, -0.0000000000000000000 ) ) ;
#4406 = ORIENTED_EDGE ( 'NONE', *, *, #6469, .F. ) ;
#4407 = SURFACE_STYLE_USAGE ( .BOTH. , #10292 ) ;
#4408 = FILL_AREA_STYLE ('',( #5351 ) ) ;
#4409 = PRESENTATION_STYLE_ASSIGNMENT (( #2115 ) ) ;
#4410 = CARTESIAN_POINT ( 'NONE',  ( -0.1412377610681545548, -0.05000000000000000278, -1.277681107331943622 ) ) ;
#4411 = ORIENTED_EDGE ( 'NONE', *, *, #8800, .T. ) ;
#4412 = PLANE ( 'NONE',  #1299 ) ;
#4413 = EDGE_LOOP ( 'NONE', ( #408, #4489, #8722, #4745 ) ) ;
#4414 = STYLED_ITEM ( 'NONE', ( #3974 ), #1814 ) ;
#4415 = LINE ( 'NONE', #3501, #6694 ) ;
#4416 = DIRECTION ( 'NONE',  ( 0.0000000000000000000, -1.000000000000000000, 0.0000000000000000000 ) ) ;
#4417 = FILL_AREA_STYLE_COLOUR ( '', #7499 ) ;
#4418 = DIRECTION ( 'NONE',  ( 1.000000000000000000, -0.0000000000000000000, 0.0000000000000000000 ) ) ;
#4419 = EDGE_LOOP ( 'NONE', ( #4258, #6231, #2228, #6092 ) ) ;
#4420 = DIRECTION ( 'NONE',  ( -1.000000000000000000, 0.0000000000000000000, 0.0000000000000000000 ) ) ;
#4421 = DIRECTION ( 'NONE',  ( 0.0000000000000000000, 1.000000000000000000, -0.0000000000000000000 ) ) ;
#4422 =( LENGTH_UNIT ( ) NAMED_UNIT ( * ) SI_UNIT ( .MILLI., .METRE. ) );
#4423 = AXIS2_PLACEMENT_3D ( 'NONE', #3764, #10669, #4780 ) ;
#4424 = SURFACE_STYLE_USAGE ( .BOTH. , #4287 ) ;
#4425 = CARTESIAN_POINT ( 'NONE',  ( 0.7660883464570584778, 0.0000000000000000000, -0.0000000000000000000 ) ) ;
#4426 = SURFACE_STYLE_USAGE ( .BOTH. , #3485 ) ;
#4427 = ORIENTED_EDGE ( 'NONE', *, *, #9429, .T. ) ;
#4428 = VECTOR ( 'NONE', #3108, 1000.000000000000000 ) ;
#4429 =( NAMED_UNIT ( * ) PLANE_ANGLE_UNIT ( ) SI_UNIT ( $, .RADIAN. ) );
#4430 = LINE ( 'NONE', #10481, #6712 ) ;
#4431 = CARTESIAN_POINT ( 'NONE',  ( 1.171933149074797953, 0.1000000000000000056, -0.2369407634194545809 ) ) ;
#4432 = ORIENTED_EDGE ( 'NONE', *, *, #948, .T. ) ;
#4433 = LINE ( 'NONE', #11027, #3781 ) ;
#4434 = STYLED_ITEM ( 'NONE', ( #2846 ), #10985 ) ;
#4435 = EDGE_CURVE ( 'NONE', #7091, #6417, #3823, .T. ) ;
#4436 =( GEOMETRIC_REPRESENTATION_CONTEXT ( 3 ) GLOBAL_UNCERTAINTY_ASSIGNED_CONTEXT ( ( #7756 ) ) GLOBAL_UNIT_ASSIGNED_CONTEXT ( ( #4713, #11590, #5686 ) ) REPRESENTATION_CONTEXT ( 'NONE', 'WORKASPACE' ) );
#4437 = SURFACE_STYLE_FILL_AREA ( #12211 ) ;
#4438 = DIRECTION ( 'NONE',  ( 0.0000000000000000000, 0.0000000000000000000, 1.000000000000000000 ) ) ;
#4439 = SURFACE_SIDE_STYLE ('',( #4208 ) ) ;
#4440 = ORIENTED_EDGE ( 'NONE', *, *, #6027, .F. ) ;
#4441 = FILL_AREA_STYLE ('',( #5236 ) ) ;
#4442 = DIRECTION ( 'NONE',  ( 0.0000000000000000000, 0.0000000000000000000, 1.000000000000000000 ) ) ;
#4443 = SURFACE_STYLE_FILL_AREA ( #11714 ) ;
#4444 =( GEOMETRIC_REPRESENTATION_CONTEXT ( 3 ) GLOBAL_UNCERTAINTY_ASSIGNED_CONTEXT ( ( #10286 ) ) GLOBAL_UNIT_ASSIGNED_CONTEXT ( ( #4757, #11636, #5739 ) ) REPRESENTATION_CONTEXT ( 'NONE', 'WORKASPACE' ) );
#4445 = ORIENTED_EDGE ( 'NONE', *, *, #5797, .F. ) ;
#4446 = DIRECTION ( 'NONE',  ( 1.000000000000000000, -0.0000000000000000000, 0.0000000000000000000 ) ) ;
#4447 = ADVANCED_FACE ( 'NONE', ( #8766 ), #2577, .T. ) ;
#4448 = DIRECTION ( 'NONE',  ( 0.0000000000000000000, 0.0000000000000000000, 1.000000000000000000 ) ) ;
#4449 = FILL_AREA_STYLE ('',( #8400 ) ) ;
#4450 = LINE ( 'NONE', #9250, #9355 ) ;
#4451 = UNCERTAINTY_MEASURE_WITH_UNIT (LENGTH_MEASURE( 1.000000000000000082E-05 ), #4116, 'distance_accuracy_value', 'NONE');
#4452 = ORIENTED_EDGE ( 'NONE', *, *, #12696, .T. ) ;
#4453 = DIRECTION ( 'NONE',  ( 1.000000000000000000, 0.0000000000000000000, 0.0000000000000000000 ) ) ;
#4454 = CARTESIAN_POINT ( 'NONE',  ( 1.197916575926319283, -0.05000000000000000278, 0.0000000000000000000 ) ) ;
#4455 = STYLED_ITEM ( 'NONE', ( #5241 ), #5427 ) ;
#4456 = CARTESIAN_POINT ( 'NONE',  ( 0.1160883464570598989, -0.05000000000000000278, 1.276162611327208651 ) ) ;
#4457 = FACE_OUTER_BOUND ( 'NONE', #6349, .T. ) ;
#4458 = LINE ( 'NONE', #12583, #9552 ) ;
#4459 = ADVANCED_FACE ( 'NONE', ( #10464 ), #9160, .T. ) ;
#4460 = PLANE ( 'NONE',  #2161 ) ;
#4461 = ORIENTED_EDGE ( 'NONE', *, *, #7630, .F. ) ;
#4462 = UNCERTAINTY_MEASURE_WITH_UNIT (LENGTH_MEASURE( 1.000000000000000082E-05 ), #11067, 'distance_accuracy_value', 'NONE');
#4463 = SURFACE_STYLE_FILL_AREA ( #7647 ) ;
#4464 = DIRECTION ( 'NONE',  ( 0.0000000000000000000, 1.000000000000000000, -0.0000000000000000000 ) ) ;
#4465 =( LENGTH_UNIT ( ) NAMED_UNIT ( * ) SI_UNIT ( .MILLI., .METRE. ) );
#4466 = FILL_AREA_STYLE_COLOUR ( '', #10645 ) ;
#4467 = LINE ( 'NONE', #12795, #9685 ) ;
#4468 = AXIS2_PLACEMENT_3D ( 'NONE', #7205, #12394, #3479 ) ;
#4469 = PRESENTATION_STYLE_ASSIGNMENT (( #12585 ) ) ;
#4470 = VECTOR ( 'NONE', #6328, 1000.000000000000000 ) ;
#4471 = VECTOR ( 'NONE', #7627, 1000.000000000000000 ) ;
#4472 = CARTESIAN_POINT ( 'NONE',  ( -1.134999999999998010, -0.05000000000000000278, -0.3161628721251190655 ) ) ;
#4473 = STYLED_ITEM ( 'NONE', ( #11352 ), #2224 ) ;
#4474 = DIRECTION ( 'NONE',  ( 0.0000000000000000000, 0.0000000000000000000, 1.000000000000000000 ) ) ;
#4475 = ORIENTED_EDGE ( 'NONE', *, *, #8248, .T. ) ;
#4476 = ORIENTED_EDGE ( 'NONE', *, *, #6096, .T. ) ;
#4477 = EDGE_CURVE ( 'NONE', #9732, #9843, #6912, .T. ) ;
#4478 = ORIENTED_EDGE ( 'NONE', *, *, #399, .T. ) ;
#4479 = COLOUR_RGB ( '',1.000000000000000000, 1.000000000000000000, 1.000000000000000000 ) ;
#4480 =( LENGTH_UNIT ( ) NAMED_UNIT ( * ) SI_UNIT ( .MILLI., .METRE. ) );
#4481 =( NAMED_UNIT ( * ) PLANE_ANGLE_UNIT ( ) SI_UNIT ( $, .RADIAN. ) );
#4482 = DIRECTION ( 'NONE',  ( 0.0000000000000000000, 0.0000000000000000000, -1.000000000000000000 ) ) ;
#4483 = DIRECTION ( 'NONE',  ( 0.0000000000000000000, 0.0000000000000000000, -1.000000000000000000 ) ) ;
#4484 = DIRECTION ( 'NONE',  ( 0.0000000000000000000, 0.0000000000000000000, 1.000000000000000000 ) ) ;
#4485 =( LENGTH_UNIT ( ) NAMED_UNIT ( * ) SI_UNIT ( .MILLI., .METRE. ) );
#4486 = ORIENTED_EDGE ( 'NONE', *, *, #9438, .T. ) ;
#4487 = LINE ( 'NONE', #2938, #6180 ) ;
#4488 = ORIENTED_EDGE ( 'NONE', *, *, #3243, .F. ) ;
#4489 = ORIENTED_EDGE ( 'NONE', *, *, #2053, .F. ) ;
#4490 = ORIENTED_EDGE ( 'NONE', *, *, #3442, .T. ) ;
#4491 = CARTESIAN_POINT ( 'NONE',  ( 1.134999999999998010, -0.05000000000000000278, -0.3161628721251190655 ) ) ;
#4492 = ORIENTED_EDGE ( 'NONE', *, *, #7598, .F. ) ;
#4493 = DIRECTION ( 'NONE',  ( 1.000000000000000000, -0.0000000000000000000, 0.0000000000000000000 ) ) ;
#4494 = VERTEX_POINT ( 'NONE', #4309 ) ;
#4495 = SURFACE_STYLE_USAGE ( .BOTH. , #10386 ) ;
#4496 = PRESENTATION_LAYER_ASSIGNMENT (  '', '', ( #3796 ) ) ;
#4497 = FILL_AREA_STYLE ('',( #3464 ) ) ;
#4498 = EDGE_CURVE ( 'NONE', #7086, #1049, #1655, .T. ) ;
#4499 = ORIENTED_EDGE ( 'NONE', *, *, #9821, .T. ) ;
#4500 = EDGE_LOOP ( 'NONE', ( #8641, #8178, #7590, #7438 ) ) ;
#4501 = VECTOR ( 'NONE', #9942, 1000.000000000000000 ) ;
#4502 = ORIENTED_EDGE ( 'NONE', *, *, #12698, .F. ) ;
#4503 = CARTESIAN_POINT ( 'NONE',  ( -0.1689977282522470148, 0.1000000000000000056, 0.0000000000000000000 ) ) ;
#4504 = COLOUR_RGB ( '',1.000000000000000000, 1.000000000000000000, 1.000000000000000000 ) ;
#4505 = SURFACE_STYLE_FILL_AREA ( #6617 ) ;
#4506 = VERTEX_POINT ( 'NONE', #12195 ) ;
#4507 = ORIENTED_EDGE ( 'NONE', *, *, #8454, .F. ) ;
#4508 = MECHANICAL_DESIGN_GEOMETRIC_PRESENTATION_REPRESENTATION (  '', ( #1807 ), #5159 ) ;
#4509 = CARTESIAN_POINT ( 'NONE',  ( 0.0000000000000000000, 0.1000000000000000056, -1.199999999999999289 ) ) ;
#4510 = PRESENTATION_STYLE_ASSIGNMENT (( #9953 ) ) ;
#4511 = DIRECTION ( 'NONE',  ( 1.000000000000000000, -0.0000000000000000000, 0.0000000000000000000 ) ) ;
#4512 = ORIENTED_EDGE ( 'NONE', *, *, #7879, .F. ) ;
#4513 = CARTESIAN_POINT ( 'NONE',  ( 0.7660883464570584778, -0.05000000000000000278, 1.276162611327208651 ) ) ;
#4514 = CARTESIAN_POINT ( 'NONE',  ( -0.8189977282522473701, -0.05000000000000000278, -0.0000000000000000000 ) ) ;
#4515 =( LENGTH_UNIT ( ) NAMED_UNIT ( * ) SI_UNIT ( .MILLI., .METRE. ) );
#4516 = EDGE_LOOP ( 'NONE', ( #12299, #2241, #9663, #8736 ) ) ;
#4517 = VECTOR ( 'NONE', #1920, 1000.000000000000000 ) ;
#4518 = ORIENTED_EDGE ( 'NONE', *, *, #5448, .F. ) ;
#4519 = STYLED_ITEM ( 'NONE', ( #9374 ), #10523 ) ;
#4520 = EDGE_CURVE ( 'NONE', #7942, #8729, #11844, .T. ) ;
#4521 = CARTESIAN_POINT ( 'NONE',  ( 1.162759967184092247, 0.1000000000000000056, -1.416874574924349872 ) ) ;
#4522 = EDGE_CURVE ( 'NONE', #7267, #2608, #6589, .T. ) ;
#4523 = PRESENTATION_STYLE_ASSIGNMENT (( #753 ) ) ;
#4524 = DIRECTION ( 'NONE',  ( -1.000000000000000000, 0.0000000000000000000, 0.0000000000000000000 ) ) ;
#4525 = ADVANCED_FACE ( 'NONE', ( #6285 ), #2719, .T. ) ;
#4526 = STYLED_ITEM ( 'NONE', ( #3542 ), #9032 ) ;
#4527 = LINE ( 'NONE', #8877, #1853 ) ;
#4528 = SURFACE_STYLE_FILL_AREA ( #2407 ) ;
#4529 = UNCERTAINTY_MEASURE_WITH_UNIT (LENGTH_MEASURE( 1.000000000000000082E-05 ), #10544, 'distance_accuracy_value', 'NONE');
#4530 = LINE ( 'NONE', #4644, #9434 ) ;
#4531 = ORIENTED_EDGE ( 'NONE', *, *, #2582, .T. ) ;
#4532 =( LENGTH_UNIT ( ) NAMED_UNIT ( * ) SI_UNIT ( .MILLI., .METRE. ) );
#4533 =( LENGTH_UNIT ( ) NAMED_UNIT ( * ) SI_UNIT ( .MILLI., .METRE. ) );
#4534 = ORIENTED_EDGE ( 'NONE', *, *, #4630, .T. ) ;
#4535 = VECTOR ( 'NONE', #4420, 1000.000000000000000 ) ;
#4536 = ORIENTED_EDGE ( 'NONE', *, *, #8707, .T. ) ;
#4537 = DIRECTION ( 'NONE',  ( 0.0000000000000000000, 0.0000000000000000000, 1.000000000000000000 ) ) ;
#4538 = CARTESIAN_POINT ( 'NONE',  ( -0.5127599671840918916, 0.1000000000000000056, 0.0000000000000000000 ) ) ;
#4539 = CYLINDRICAL_SURFACE ( 'NONE', #6546, 0.03693314907479819387 ) ;
#4540 = ADVANCED_FACE ( 'NONE', ( #375 ), #1390, .F. ) ;
#4541 = MECHANICAL_DESIGN_GEOMETRIC_PRESENTATION_REPRESENTATION (  '', ( #3154 ), #5185 ) ;
#4542 = AXIS2_PLACEMENT_3D ( 'NONE', #233, #1257, #12146 ) ;
#4543 = DIRECTION ( 'NONE',  ( 0.0000000000000000000, 1.000000000000000000, -0.0000000000000000000 ) ) ;
#4544 = FILL_AREA_STYLE_COLOUR ( '', #1043 ) ;
#4545 = ORIENTED_EDGE ( 'NONE', *, *, #12669, .T. ) ;
#4546 = ORIENTED_EDGE ( 'NONE', *, *, #3701, .F. ) ;
#4547 = VECTOR ( 'NONE', #10501, 1000.000000000000000 ) ;
#4548 = CARTESIAN_POINT ( 'NONE',  ( -0.1689977282522470148, 0.1000000000000000056, 0.0000000000000000000 ) ) ;
#4549 = UNCERTAINTY_MEASURE_WITH_UNIT (LENGTH_MEASURE( 1.000000000000000082E-05 ), #7415, 'distance_accuracy_value', 'NONE');
#4550 = DIRECTION ( 'NONE',  ( 0.0000000000000000000, 0.0000000000000000000, 1.000000000000000000 ) ) ;
#4551 = CIRCLE ( 'NONE', #807, 0.02617424799283601944 ) ;
#4552 = CARTESIAN_POINT ( 'NONE',  ( -0.8189977282522473701, 0.0000000000000000000, -0.0000000000000000000 ) ) ;
#4553 = CIRCLE ( 'NONE', #11405, 0.02617424799283601944 ) ;
#4554 = PRESENTATION_STYLE_ASSIGNMENT (( #3167 ) ) ;
#4555 = ORIENTED_EDGE ( 'NONE', *, *, #9323, .F. ) ;
#4556 = CARTESIAN_POINT ( 'NONE',  ( 0.0000000000000000000, -0.05000000000000000278, 1.249999999999999112 ) ) ;
#4558 = EDGE_CURVE ( 'NONE', #9750, #12342, #7061, .T. ) ;
#4557 = PLANE ( 'NONE',  #11501 ) ;
#4559 = VECTOR ( 'NONE', #5955, 1000.000000000000000 ) ;
#4560 = PLANE ( 'NONE',  #1075 ) ;
#4561 = EDGE_CURVE ( 'NONE', #12369, #6827, #4458, .T. ) ;
#4562 = DIRECTION ( 'NONE',  ( 1.000000000000000000, -0.0000000000000000000, 0.0000000000000000000 ) ) ;
#4563 =( NAMED_UNIT ( * ) PLANE_ANGLE_UNIT ( ) SI_UNIT ( $, .RADIAN. ) );
#4564 = CIRCLE ( 'NONE', #6362, 0.02617424799283601944 ) ;
#4565 = PRESENTATION_LAYER_ASSIGNMENT (  '', '', ( #3177 ) ) ;
#4566 = SURFACE_STYLE_USAGE ( .BOTH. , #10442 ) ;
#4567 = EDGE_CURVE ( 'NONE', #1242, #9470, #1787, .T. ) ;
#4568 = VECTOR ( 'NONE', #2322, 1000.000000000000000 ) ;
#4569 = VERTEX_POINT ( 'NONE', #1742 ) ;
#4570 = ORIENTED_EDGE ( 'NONE', *, *, #4965, .F. ) ;
#4571 = CARTESIAN_POINT ( 'NONE',  ( -1.134999999999999787, 0.1000000000000000056, 0.0000000000000000000 ) ) ;
#4572 = ORIENTED_EDGE ( 'NONE', *, *, #10427, .T. ) ;
#4573 = ORIENTED_EDGE ( 'NONE', *, *, #6095, .F. ) ;
#4574 = DIRECTION ( 'NONE',  ( 0.0000000000000000000, 0.0000000000000000000, -1.000000000000000000 ) ) ;
#4575 = SURFACE_STYLE_USAGE ( .BOTH. , #4612 ) ;
#4576 = DIRECTION ( 'NONE',  ( 0.0000000000000000000, 0.0000000000000000000, -1.000000000000000000 ) ) ;
#4577 = PRESENTATION_LAYER_ASSIGNMENT (  '', '', ( #5214 ) ) ;
#4578 = CARTESIAN_POINT ( 'NONE',  ( 0.0000000000000000000, -0.05000000000000000278, 0.0000000000000000000 ) ) ;
#4579 =( GEOMETRIC_REPRESENTATION_CONTEXT ( 3 ) GLOBAL_UNCERTAINTY_ASSIGNED_CONTEXT ( ( #11221 ) ) GLOBAL_UNIT_ASSIGNED_CONTEXT ( ( #7262, #1313, #8245 ) ) REPRESENTATION_CONTEXT ( 'NONE', 'WORKASPACE' ) );
#4580 = PRESENTATION_LAYER_ASSIGNMENT (  '', '', ( #3196 ) ) ;
#4581 = EDGE_LOOP ( 'NONE', ( #8791, #8170, #3050, #3678 ) ) ;
#4582 = EDGE_CURVE ( 'NONE', #11179, #4189, #6931, .T. ) ;
#4583 = EDGE_LOOP ( 'NONE', ( #4078, #5276, #9795, #5265 ) ) ;
#4584 = SURFACE_STYLE_USAGE ( .BOTH. , #10456 ) ;
#4585 = DIRECTION ( 'NONE',  ( -0.0000000000000000000, 0.0000000000000000000, -1.000000000000000000 ) ) ;
#4586 = EDGE_CURVE ( 'NONE', #10839, #2905, #11863, .T. ) ;
#4587 = EDGE_LOOP ( 'NONE', ( #2304, #9283, #8296, #3005 ) ) ;
#4588 = CARTESIAN_POINT ( 'NONE',  ( 0.0000000000000000000, 0.0000000000000000000, -0.1031605786060936225 ) ) ;
#4589 = VERTEX_POINT ( 'NONE', #6711 ) ;
#4590 = CARTESIAN_POINT ( 'NONE',  ( 0.0000000000000000000, -0.05000000000000000278, 0.2000076143446563315 ) ) ;
#4591 =( NAMED_UNIT ( * ) PLANE_ANGLE_UNIT ( ) SI_UNIT ( $, .RADIAN. ) );
#4592 = DIRECTION ( 'NONE',  ( 1.000000000000000000, -0.0000000000000000000, 0.0000000000000000000 ) ) ;
#4593 = PRESENTATION_LAYER_ASSIGNMENT (  '', '', ( #3221 ) ) ;
#4594 = ORIENTED_EDGE ( 'NONE', *, *, #9147, .T. ) ;
#4595 = EDGE_CURVE ( 'NONE', #4764, #5137, #1345, .T. ) ;
#4596 =( NAMED_UNIT ( * ) PLANE_ANGLE_UNIT ( ) SI_UNIT ( $, .RADIAN. ) );
#4597 = FACE_OUTER_BOUND ( 'NONE', #5082, .T. ) ;
#4598 = DIRECTION ( 'NONE',  ( 0.0000000000000000000, 0.0000000000000000000, 1.000000000000000000 ) ) ;
#4599 = ORIENTED_EDGE ( 'NONE', *, *, #5741, .F. ) ;
#4601 = ADVANCED_FACE ( 'NONE', ( #9237 ), #9687, .T. ) ;
#4600 = CARTESIAN_POINT ( 'NONE',  ( -1.162759967184092247, 0.1000000000000000056, -1.416874574924349872 ) ) ;
#4602 =( GEOMETRIC_REPRESENTATION_CONTEXT ( 3 ) GLOBAL_UNCERTAINTY_ASSIGNED_CONTEXT ( ( #504 ) ) GLOBAL_UNIT_ASSIGNED_CONTEXT ( ( #12233, #6310, #356 ) ) REPRESENTATION_CONTEXT ( 'NONE', 'WORKASPACE' ) );
#4603 = LINE ( 'NONE', #9599, #9512 ) ;
#4604 = DIRECTION ( 'NONE',  ( 0.0000000000000000000, -1.000000000000000000, 0.0000000000000000000 ) ) ;
#4605 = VERTEX_POINT ( 'NONE', #7709 ) ;
#4606 = ORIENTED_EDGE ( 'NONE', *, *, #11876, .T. ) ;
#4607 = SURFACE_STYLE_FILL_AREA ( #7818 ) ;
#4608 = MECHANICAL_DESIGN_GEOMETRIC_PRESENTATION_REPRESENTATION (  '', ( #2581 ), #5266 ) ;
#4609 = EDGE_CURVE ( 'NONE', #7215, #10655, #396, .T. ) ;
#4610 = STYLED_ITEM ( 'NONE', ( #6139 ), #4447 ) ;
#4611 = FILL_AREA_STYLE_COLOUR ( '', #2451 ) ;
#4612 = SURFACE_SIDE_STYLE ('',( #1919 ) ) ;
#4613 =( LENGTH_UNIT ( ) NAMED_UNIT ( * ) SI_UNIT ( .MILLI., .METRE. ) );
#4614 = DIRECTION ( 'NONE',  ( 0.0000000000000000000, 1.000000000000000000, -0.0000000000000000000 ) ) ;
#4615 = PLANE ( 'NONE',  #7831 ) ;
#4616 = UNCERTAINTY_MEASURE_WITH_UNIT (LENGTH_MEASURE( 1.000000000000000082E-05 ), #4892, 'distance_accuracy_value', 'NONE');
#4617 = ORIENTED_EDGE ( 'NONE', *, *, #1535, .F. ) ;
#4618 = DIRECTION ( 'NONE',  ( 0.0000000000000000000, 0.0000000000000000000, -1.000000000000000000 ) ) ;
#4619 = COLOUR_RGB ( '',1.000000000000000000, 1.000000000000000000, 1.000000000000000000 ) ;
#4620 = CARTESIAN_POINT ( 'NONE',  ( -0.5127599671840918916, 0.0000000000000000000, -1.277681107331943622 ) ) ;
#4621 = VECTOR ( 'NONE', #3555, 1000.000000000000000 ) ;
#4622 = CARTESIAN_POINT ( 'NONE',  ( 1.134999999999999787, -0.05000000000000000278, 0.0000000000000000000 ) ) ;
#4623 = SURFACE_STYLE_FILL_AREA ( #411 ) ;
#4625 = VERTEX_POINT ( 'NONE', #5813 ) ;
#4624 =( GEOMETRIC_REPRESENTATION_CONTEXT ( 3 ) GLOBAL_UNCERTAINTY_ASSIGNED_CONTEXT ( ( #11604 ) ) GLOBAL_UNIT_ASSIGNED_CONTEXT ( ( #1889, #8809, #2864 ) ) REPRESENTATION_CONTEXT ( 'NONE', 'WORKASPACE' ) );
#4626 = DIRECTION ( 'NONE',  ( 1.000000000000000000, -0.0000000000000000000, 0.0000000000000000000 ) ) ;
#4627 =( NAMED_UNIT ( * ) PLANE_ANGLE_UNIT ( ) SI_UNIT ( $, .RADIAN. ) );
#4628 = PRESENTATION_LAYER_ASSIGNMENT (  '', '', ( #3267 ) ) ;
#4629 = EDGE_CURVE ( 'NONE', #11106, #5746, #3038, .T. ) ;
#4630 = EDGE_CURVE ( 'NONE', #4320, #10278, #2734, .T. ) ;
#4631 = MECHANICAL_DESIGN_GEOMETRIC_PRESENTATION_REPRESENTATION (  '', ( #3275 ), #5298 ) ;
#4632 = EDGE_LOOP ( 'NONE', ( #5558, #4518, #4570, #862 ) ) ;
#4633 = LINE ( 'NONE', #470, #12171 ) ;
#4634 = ORIENTED_EDGE ( 'NONE', *, *, #5679, .F. ) ;
#4635 = VECTOR ( 'NONE', #2983, 1000.000000000000000 ) ;
#4636 = FILL_AREA_STYLE_COLOUR ( '', #1857 ) ;
#4637 = SURFACE_STYLE_USAGE ( .BOTH. , #10528 ) ;
#4638 = DIRECTION ( 'NONE',  ( -0.0000000000000000000, 0.0000000000000000000, -1.000000000000000000 ) ) ;
#4639 = ORIENTED_EDGE ( 'NONE', *, *, #2727, .T. ) ;
#4640 = ORIENTED_EDGE ( 'NONE', *, *, #11432, .T. ) ;
#4641 = MECHANICAL_DESIGN_GEOMETRIC_PRESENTATION_REPRESENTATION (  '', ( #3280 ), #5301 ) ;
#4642 = DIRECTION ( 'NONE',  ( 0.0000000000000000000, 0.0000000000000000000, -1.000000000000000000 ) ) ;
#4643 = STYLED_ITEM ( 'NONE', ( #10879 ), #2492 ) ;
#4644 = CARTESIAN_POINT ( 'NONE',  ( 0.0000000000000000000, -0.05000000000000000278, -0.3999999999999976907 ) ) ;
#4645 = VERTEX_POINT ( 'NONE', #12707 ) ;
#4646 = LINE ( 'NONE', #10076, #1988 ) ;
#4647 = ORIENTED_EDGE ( 'NONE', *, *, #11045, .T. ) ;
#4648 = VECTOR ( 'NONE', #1621, 1000.000000000000000 ) ;
#4649 = VECTOR ( 'NONE', #169, 1000.000000000000000 ) ;
#4650 = ORIENTED_EDGE ( 'NONE', *, *, #685, .F. ) ;
#4651 = STYLED_ITEM ( 'NONE', ( #7283 ), #7413 ) ;
#4652 = CARTESIAN_POINT ( 'NONE',  ( -1.162759967184092247, -0.05000000000000000278, -1.277681107331943622 ) ) ;
#4653 = FILL_AREA_STYLE ('',( #5498 ) ) ;
#4654 = SURFACE_STYLE_FILL_AREA ( #7383 ) ;
#4655 = DIRECTION ( 'NONE',  ( 0.0000000000000000000, 0.0000000000000000000, -1.000000000000000000 ) ) ;
#4656 = EDGE_LOOP ( 'NONE', ( #2089, #775, #1148, #1383 ) ) ;
#4657 = FACE_OUTER_BOUND ( 'NONE', #2447, .T. ) ;
#4658 = SURFACE_STYLE_FILL_AREA ( #2911 ) ;
#4659 =( NAMED_UNIT ( * ) PLANE_ANGLE_UNIT ( ) SI_UNIT ( $, .RADIAN. ) );
#4660 = VERTEX_POINT ( 'NONE', #2849 ) ;
#4661 =( GEOMETRIC_REPRESENTATION_CONTEXT ( 3 ) GLOBAL_UNCERTAINTY_ASSIGNED_CONTEXT ( ( #6548 ) ) GLOBAL_UNIT_ASSIGNED_CONTEXT ( ( #5316, #9257, #8299 ) ) REPRESENTATION_CONTEXT ( 'NONE', 'WORKASPACE' ) );
#4662 = AXIS2_PLACEMENT_3D ( 'NONE', #12420, #6495, #539 ) ;
#4663 = MECHANICAL_DESIGN_GEOMETRIC_PRESENTATION_REPRESENTATION (  '', ( #3304 ), #5324 ) ;
#4664 = CIRCLE ( 'NONE', #8350, 0.1000000000000000472 ) ;
#4665 = DIRECTION ( 'NONE',  ( 0.0000000000000000000, 0.0000000000000000000, -1.000000000000000000 ) ) ;
#4666 = CARTESIAN_POINT ( 'NONE',  ( -0.1689977282522470148, 0.1000000000000000056, 0.0000000000000000000 ) ) ;
#4667 = DIRECTION ( 'NONE',  ( 0.0000000000000000000, 1.000000000000000000, -0.0000000000000000000 ) ) ;
#4668 = CIRCLE ( 'NONE', #2955, 0.02617424799283601944 ) ;
#4669 =( GEOMETRIC_REPRESENTATION_CONTEXT ( 3 ) GLOBAL_UNCERTAINTY_ASSIGNED_CONTEXT ( ( #10448 ) ) GLOBAL_UNIT_ASSIGNED_CONTEXT ( ( #11543, #5650, #12554 ) ) REPRESENTATION_CONTEXT ( 'NONE', 'WORKASPACE' ) );
#4670 = DIRECTION ( 'NONE',  ( 0.0000000000000000000, 0.0000000000000000000, 1.000000000000000000 ) ) ;
#4671 = LINE ( 'NONE', #2631, #2022 ) ;
#4672 = ORIENTED_EDGE ( 'NONE', *, *, #2834, .T. ) ;
#4673 = EDGE_LOOP ( 'NONE', ( #1204, #8176, #7445, #3887 ) ) ;
#4674 = CARTESIAN_POINT ( 'NONE',  ( 0.4810022717477533405, -0.05000000000000000278, 0.0000000000000000000 ) ) ;
#4675 = CARTESIAN_POINT ( 'NONE',  ( -0.1689977282522470148, 0.1000000000000000056, -1.416874574924349872 ) ) ;
#4676 = SURFACE_STYLE_USAGE ( .BOTH. , #10565 ) ;
#4677 = CARTESIAN_POINT ( 'NONE',  ( -0.8189977282522473701, 0.1000000000000000056, -1.199999999999999289 ) ) ;
#4678 = VECTOR ( 'NONE', #9156, 1000.000000000000000 ) ;
#4679 = AXIS2_PLACEMENT_3D ( 'NONE', #9031, #3102, #10015 ) ;
#4680 = EDGE_CURVE ( 'NONE', #3203, #6648, #5084, .T. ) ;
#4681 = UNCERTAINTY_MEASURE_WITH_UNIT (LENGTH_MEASURE( 1.000000000000000082E-05 ), #320, 'distance_accuracy_value', 'NONE');
#4682 = FILL_AREA_STYLE ('',( #3649 ) ) ;
#4683 = LINE ( 'NONE', #6392, #11915 ) ;
#4684 = EDGE_CURVE ( 'NONE', #5072, #6690, #7685, .T. ) ;
#4685 = ORIENTED_EDGE ( 'NONE', *, *, #1864, .F. ) ;
#4686 = ORIENTED_EDGE ( 'NONE', *, *, #7659, .T. ) ;
#4687 = MECHANICAL_DESIGN_GEOMETRIC_PRESENTATION_REPRESENTATION (  '', ( #2673 ), #5347 ) ;
#4688 =( NAMED_UNIT ( * ) PLANE_ANGLE_UNIT ( ) SI_UNIT ( $, .RADIAN. ) );
#4689 = VECTOR ( 'NONE', #3090, 1000.000000000000000 ) ;
#4690 = SURFACE_STYLE_USAGE ( .BOTH. , #10577 ) ;
#4691 = FACE_OUTER_BOUND ( 'NONE', #4673, .T. ) ;
#4692 =( NAMED_UNIT ( * ) PLANE_ANGLE_UNIT ( ) SI_UNIT ( $, .RADIAN. ) );
#4693 = CARTESIAN_POINT ( 'NONE',  ( 0.7660883464570584778, 0.0000000000000000000, 1.320000718934352335 ) ) ;
#4694 = PRESENTATION_STYLE_ASSIGNMENT (( #1131 ) ) ;
#4695 = AXIS2_PLACEMENT_3D ( 'NONE', #5968, #975, #19 ) ;
#4696 = CARTESIAN_POINT ( 'NONE',  ( 0.0000000000000000000, -0.05000000000000000278, 0.0000000000000000000 ) ) ;
#4697 = ADVANCED_FACE ( 'NONE', ( #9989 ), #8792, .T. ) ;
#4698 = PRESENTATION_LAYER_ASSIGNMENT (  '', '', ( #4012 ) ) ;
#4699 = CARTESIAN_POINT ( 'NONE',  ( -1.197916575926319283, -0.05000000000000000278, 0.2000076143446563315 ) ) ;
#4700 = LINE ( 'NONE', #80, #9308 ) ;
#4701 = FACE_OUTER_BOUND ( 'NONE', #2837, .T. ) ;
#4702 = CARTESIAN_POINT ( 'NONE',  ( 1.162759967184092247, 0.1000000000000000056, 0.0000000000000000000 ) ) ;
#4703 = VERTEX_POINT ( 'NONE', #6854 ) ;
#4704 = VERTEX_POINT ( 'NONE', #12791 ) ;
#4705 = DIRECTION ( 'NONE',  ( -0.0000000000000000000, 0.0000000000000000000, -1.000000000000000000 ) ) ;
#4706 = CARTESIAN_POINT ( 'NONE',  ( 0.0000000000000000000, 0.1000000000000000056, 0.1031605786060936225 ) ) ;
#4707 = SURFACE_STYLE_USAGE ( .BOTH. , #10593 ) ;
#4708 = DIRECTION ( 'NONE',  ( 0.0000000000000000000, -1.000000000000000000, 0.0000000000000000000 ) ) ;
#4709 = AXIS2_PLACEMENT_3D ( 'NONE', #12758, #5059, #4670 ) ;
#4710 = ORIENTED_EDGE ( 'NONE', *, *, #513, .T. ) ;
#4711 = LINE ( 'NONE', #4737, #9930 ) ;
#4712 = CARTESIAN_POINT ( 'NONE',  ( 0.1372400328159084637, -0.05000000000000000278, -1.416874574924349872 ) ) ;
#4713 =( LENGTH_UNIT ( ) NAMED_UNIT ( * ) SI_UNIT ( .MILLI., .METRE. ) );
#4714 = ORIENTED_EDGE ( 'NONE', *, *, #7226, .T. ) ;
#4715 = DIRECTION ( 'NONE',  ( 0.0000000000000000000, 1.000000000000000000, -0.0000000000000000000 ) ) ;
#4716 = CARTESIAN_POINT ( 'NONE',  ( -0.7590647362923303998, -0.05000000000000000278, 1.375493264616636457 ) ) ;
#4717 = EDGE_CURVE ( 'NONE', #11409, #6513, #2176, .T. ) ;
#4718 = DIRECTION ( 'NONE',  ( 0.0000000000000000000, 1.000000000000000000, -0.0000000000000000000 ) ) ;
#4719 = EDGE_CURVE ( 'NONE', #9177, #10871, #4527, .T. ) ;
#4720 = CARTESIAN_POINT ( 'NONE',  ( 0.5439116535429402433, 0.1000000000000000056, 0.0000000000000000000 ) ) ;
#4721 = VERTEX_POINT ( 'NONE', #7893 ) ;
#4722 = MECHANICAL_DESIGN_GEOMETRIC_PRESENTATION_REPRESENTATION (  '', ( #2702 ), #5377 ) ;
#4723 = CARTESIAN_POINT ( 'NONE',  ( -0.8189977282522473701, -0.05000000000000000278, -0.0000000000000000000 ) ) ;
#4724 = ORIENTED_EDGE ( 'NONE', *, *, #12002, .T. ) ;
#4725 = DIRECTION ( 'NONE',  ( 0.0000000000000000000, 0.0000000000000000000, 1.000000000000000000 ) ) ;
#4726 = ORIENTED_EDGE ( 'NONE', *, *, #11161, .T. ) ;
#4727 =( LENGTH_UNIT ( ) NAMED_UNIT ( * ) SI_UNIT ( .MILLI., .METRE. ) );
#4728 = CARTESIAN_POINT ( 'NONE',  ( -1.540045451220498407, -0.05000000000000000278, -0.07500000000000017764 ) ) ;
#4729 = DIRECTION ( 'NONE',  ( 0.0000000000000000000, -1.000000000000000000, 0.0000000000000000000 ) ) ;
#4730 = PRESENTATION_LAYER_ASSIGNMENT (  '', '', ( #3382 ) ) ;
#4731 = FILL_AREA_STYLE_COLOUR ( '', #9290 ) ;
#4732 = CARTESIAN_POINT ( 'NONE',  ( 1.291219160478732642, 0.6999999999999998446, 1.191219160478732997 ) ) ;
#4733 =( GEOMETRIC_REPRESENTATION_CONTEXT ( 3 ) GLOBAL_UNCERTAINTY_ASSIGNED_CONTEXT ( ( #1654 ) ) GLOBAL_UNIT_ASSIGNED_CONTEXT ( ( #10731, #4844, #11728 ) ) REPRESENTATION_CONTEXT ( 'NONE', 'WORKASPACE' ) );
#4734 = MECHANICAL_DESIGN_GEOMETRIC_PRESENTATION_REPRESENTATION (  '', ( #3384 ), #5390 ) ;
#4735 = EDGE_CURVE ( 'NONE', #2325, #5127, #12380, .T. ) ;
#4736 = LINE ( 'NONE', #1623, #7035 ) ;
#4737 = CARTESIAN_POINT ( 'NONE',  ( 1.171933149074798175, -0.05000000000000000278, 0.2000076143446563315 ) ) ;
#4738 =( NAMED_UNIT ( * ) SI_UNIT ( $, .STERADIAN. ) SOLID_ANGLE_UNIT ( ) );
#4739 = DIRECTION ( 'NONE',  ( 0.0000000000000000000, 1.000000000000000000, 0.0000000000000000000 ) ) ;
#4740 = PRESENTATION_LAYER_ASSIGNMENT (  '', '', ( #3394 ) ) ;
#4741 = PRESENTATION_LAYER_ASSIGNMENT (  '', '', ( #4065 ) ) ;
#4742 = DIRECTION ( 'NONE',  ( 0.0000000000000000000, 0.0000000000000000000, -1.000000000000000000 ) ) ;
#4743 = VECTOR ( 'NONE', #11167, 1000.000000000000000 ) ;
#4744 =( NAMED_UNIT ( * ) PLANE_ANGLE_UNIT ( ) SI_UNIT ( $, .RADIAN. ) );
#4745 = ORIENTED_EDGE ( 'NONE', *, *, #4150, .T. ) ;
#4746 = LINE ( 'NONE', #773, #9957 ) ;
#4747 = FACE_OUTER_BOUND ( 'NONE', #12257, .T. ) ;
#4748 = CARTESIAN_POINT ( 'NONE',  ( 1.257124604555293734, -0.05000000000000000278, 0.1623686072350682963 ) ) ;
#4749 = CARTESIAN_POINT ( 'NONE',  ( 0.0000000000000000000, 0.0000000000000000000, -1.416874574924349872 ) ) ;
#4750 = UNCERTAINTY_MEASURE_WITH_UNIT (LENGTH_MEASURE( 1.000000000000000082E-05 ), #73, 'distance_accuracy_value', 'NONE');
#4751 = LINE ( 'NONE', #10249, #4114 ) ;
#4752 =( LENGTH_UNIT ( ) NAMED_UNIT ( * ) SI_UNIT ( .MILLI., .METRE. ) );
#4753 = EDGE_CURVE ( 'NONE', #3610, #6632, #12057, .T. ) ;
#4754 = CARTESIAN_POINT ( 'NONE',  ( -0.5700859015357763182, -0.05000000000000000278, 1.276162611327208873 ) ) ;
#4755 = DIRECTION ( 'NONE',  ( 0.0000000000000000000, 0.0000000000000000000, -1.000000000000000000 ) ) ;
#4756 = ORIENTED_EDGE ( 'NONE', *, *, #9168, .T. ) ;
#4757 =( LENGTH_UNIT ( ) NAMED_UNIT ( * ) SI_UNIT ( .MILLI., .METRE. ) );
#4758 = CARTESIAN_POINT ( 'NONE',  ( -0.8149999999999995026, 0.1000000000000000056, 1.375493264616636679 ) ) ;
#4759 = PRESENTATION_STYLE_ASSIGNMENT (( #3723 ) ) ;
#4760 = PRESENTATION_STYLE_ASSIGNMENT (( #6978 ) ) ;
#4761 = UNCERTAINTY_MEASURE_WITH_UNIT (LENGTH_MEASURE( 1.000000000000000082E-05 ), #3220, 'distance_accuracy_value', 'NONE');
#4762 = DIRECTION ( 'NONE',  ( -1.000000000000000000, 0.0000000000000000000, 0.0000000000000000000 ) ) ;
#4763 = COLOUR_RGB ( '',0.2509803921568627416, 0.2509803921568627416, 0.2509803921568627416 ) ;
#4764 = VERTEX_POINT ( 'NONE', #6937 ) ;
#4765 = CARTESIAN_POINT ( 'NONE',  ( -1.405285648646613650, 0.1322596897459550613, -1.403448366991380425 ) ) ;
#4766 = MECHANICAL_DESIGN_GEOMETRIC_PRESENTATION_REPRESENTATION (  '', ( #2744 ), #5430 ) ;
#4767 = STYLED_ITEM ( 'NONE', ( #10208 ), #4840 ) ;
#4768 =( LENGTH_UNIT ( ) NAMED_UNIT ( * ) SI_UNIT ( .MILLI., .METRE. ) );
#4769 = LINE ( 'NONE', #9614, #7371 ) ;
#4770 = CARTESIAN_POINT ( 'NONE',  ( 0.4949999999999992184, 0.0000000000000000000, 1.500000000000000000 ) ) ;
#4771 =( LENGTH_UNIT ( ) NAMED_UNIT ( * ) SI_UNIT ( .MILLI., .METRE. ) );
#4772 = CYLINDRICAL_SURFACE ( 'NONE', #5809, 0.05593526370766899181 ) ;
#4773 = COLOUR_RGB ( '',1.000000000000000000, 1.000000000000000000, 1.000000000000000000 ) ;
#4774 = VERTEX_POINT ( 'NONE', #7941 ) ;
#4775 = ORIENTED_EDGE ( 'NONE', *, *, #9936, .T. ) ;
#4776 = VECTOR ( 'NONE', #12114, 1000.000000000000000 ) ;
#4777 = ORIENTED_EDGE ( 'NONE', *, *, #6709, .T. ) ;
#4778 = DIRECTION ( 'NONE',  ( 1.000000000000000000, 0.0000000000000000000, 0.0000000000000000000 ) ) ;
#4779 = VECTOR ( 'NONE', #11476, 1000.000000000000000 ) ;
#4780 = DIRECTION ( 'NONE',  ( 0.0000000000000000000, 0.0000000000000000000, 1.000000000000000000 ) ) ;
#4781 = CARTESIAN_POINT ( 'NONE',  ( -0.7590647362923303998, 0.1000000000000000056, 1.375493264616636457 ) ) ;
#4782 = CARTESIAN_POINT ( 'NONE',  ( -0.7912377610681550211, 0.0000000000000000000, -1.277681107331943622 ) ) ;
#4783 = ORIENTED_EDGE ( 'NONE', *, *, #3741, .T. ) ;
#4784 = PRODUCT_DEFINITION_FORMATION_WITH_SPECIFIED_SOURCE ( 'ANY', '', #937, .NOT_KNOWN. ) ;
#4785 = ORIENTED_EDGE ( 'NONE', *, *, #4735, .T. ) ;
#4786 = PRESENTATION_LAYER_ASSIGNMENT (  '', '', ( #3440 ) ) ;
#4787 = EDGE_CURVE ( 'NONE', #2208, #11862, #1553, .T. ) ;
#4788 = ORIENTED_EDGE ( 'NONE', *, *, #4126, .F. ) ;
#4789 = EDGE_CURVE ( 'NONE', #5355, #6185, #11745, .T. ) ;
#4790 = ORIENTED_EDGE ( 'NONE', *, *, #43, .F. ) ;
#4791 = STYLED_ITEM ( 'NONE', ( #2659 ), #6568 ) ;
#4792 = EDGE_CURVE ( 'NONE', #8541, #1915, #9120, .T. ) ;
#4793 = CARTESIAN_POINT ( 'NONE',  ( 1.197916575926319283, 0.0000000000000000000, 0.2000076143446563315 ) ) ;
#4794 = SURFACE_SIDE_STYLE ('',( #3988 ) ) ;
#4795 = PLANE ( 'NONE',  #11479 ) ;
#4796 = SURFACE_STYLE_USAGE ( .BOTH. , #10690 ) ;
#4797 = VERTEX_POINT ( 'NONE', #10905 ) ;
#4798 = LINE ( 'NONE', #5987, #12356 ) ;
#4799 = CARTESIAN_POINT ( 'NONE',  ( -1.650000000000000355, 0.1000000000000000056, 0.0000000000000000000 ) ) ;
#4800 = VERTEX_POINT ( 'NONE', #5980 ) ;
#4801 = DIRECTION ( 'NONE',  ( 0.0000000000000000000, 0.0000000000000000000, -1.000000000000000000 ) ) ;
#4802 = VERTEX_POINT ( 'NONE', #6985 ) ;
#4803 = AXIS2_PLACEMENT_3D ( 'NONE', #2099, #9000, #3070 ) ;
#4804 = MECHANICAL_DESIGN_GEOMETRIC_PRESENTATION_REPRESENTATION (  '', ( #3456 ), #5465 ) ;
#4805 = EDGE_CURVE ( 'NONE', #7888, #7425, #3560, .T. ) ;
#4806 = ORIENTED_EDGE ( 'NONE', *, *, #2798, .F. ) ;
#4807 = VECTOR ( 'NONE', #7884, 1000.000000000000000 ) ;
#4808 =( LENGTH_UNIT ( ) NAMED_UNIT ( * ) SI_UNIT ( .MILLI., .METRE. ) );
#4809 = LINE ( 'NONE', #4723, #10033 ) ;
#4810 = MECHANICAL_DESIGN_GEOMETRIC_PRESENTATION_REPRESENTATION (  '', ( #3459 ), #5468 ) ;
#4811 = ORIENTED_EDGE ( 'NONE', *, *, #4789, .F. ) ;
#4812 = CARTESIAN_POINT ( 'NONE',  ( -0.5700859015357763182, 0.1000000000000000056, 1.276162611327208873 ) ) ;
#4813 = VERTEX_POINT ( 'NONE', #9938 ) ;
#4814 = VECTOR ( 'NONE', #2317, 1000.000000000000000 ) ;
#4815 = VERTEX_POINT ( 'NONE', #8958 ) ;
#4816 = EDGE_CURVE ( 'NONE', #9472, #11197, #6810, .T. ) ;
#4817 = CARTESIAN_POINT ( 'NONE',  ( 1.197916575926319283, 0.0000000000000000000, 0.1623686072350682963 ) ) ;
#4818 = DIRECTION ( 'NONE',  ( 0.0000000000000000000, 1.000000000000000000, 0.0000000000000000000 ) ) ;
#4819 = VECTOR ( 'NONE', #6975, 1000.000000000000000 ) ;
#4820 = LINE ( 'NONE', #1685, #9735 ) ;
#4821 = CARTESIAN_POINT ( 'NONE',  ( 0.1160883464570598989, -0.05000000000000000278, 1.320000718934352335 ) ) ;
#4822 = COLOUR_RGB ( '',1.000000000000000000, 1.000000000000000000, 1.000000000000000000 ) ;
#4823 = VECTOR ( 'NONE', #2373, 1000.000000000000000 ) ;
#4824 = PRESENTATION_LAYER_ASSIGNMENT (  '', '', ( #2793 ) ) ;
#4825 = CARTESIAN_POINT ( 'NONE',  ( -1.540045451220497963, -0.05000000000000000278, 0.1083811245156857256 ) ) ;
#4826 = CARTESIAN_POINT ( 'NONE',  ( -1.599999999999999645, 0.0000000000000000000, -0.07500000000000017764 ) ) ;
#4827 = ORIENTED_EDGE ( 'NONE', *, *, #5532, .T. ) ;
#4828 = FILL_AREA_STYLE_COLOUR ( '', #5781 ) ;
#4829 = EDGE_CURVE ( 'NONE', #1677, #7544, #11448, .T. ) ;
#4830 = DIRECTION ( 'NONE',  ( 0.0000000000000000000, 0.0000000000000000000, 1.000000000000000000 ) ) ;
#4831 = ADVANCED_FACE ( 'NONE', ( #6194 ), #1071, .T. ) ;
#4832 = FILL_AREA_STYLE_COLOUR ( '', #2576 ) ;
#4833 = STYLED_ITEM ( 'NONE', ( #4219 ), #8586 ) ;
#4834 = DIRECTION ( 'NONE',  ( 0.0000000000000000000, -1.000000000000000000, 0.0000000000000000000 ) ) ;
#4835 = ORIENTED_EDGE ( 'NONE', *, *, #4558, .F. ) ;
#4836 = UNCERTAINTY_MEASURE_WITH_UNIT (LENGTH_MEASURE( 1.000000000000000082E-05 ), #5921, 'distance_accuracy_value', 'NONE');
#4837 = PLANE ( 'NONE',  #12283 ) ;
#4838 = DIRECTION ( 'NONE',  ( 0.0000000000000000000, 1.000000000000000000, 0.0000000000000000000 ) ) ;
#4840 = ADVANCED_FACE ( 'NONE', ( #12817 ), #1117, .T. ) ;
#4839 = SURFACE_STYLE_USAGE ( .BOTH. , #10730 ) ;
#4841 = SURFACE_STYLE_FILL_AREA ( #9894 ) ;
#4842 =( GEOMETRIC_REPRESENTATION_CONTEXT ( 3 ) GLOBAL_UNCERTAINTY_ASSIGNED_CONTEXT ( ( #3539 ) ) GLOBAL_UNIT_ASSIGNED_CONTEXT ( ( #4139, #11038, #5156 ) ) REPRESENTATION_CONTEXT ( 'NONE', 'WORKASPACE' ) );
#4843 = EDGE_CURVE ( 'NONE', #1900, #2608, #4020, .T. ) ;
#4844 =( NAMED_UNIT ( * ) PLANE_ANGLE_UNIT ( ) SI_UNIT ( $, .RADIAN. ) );
#4845 = AXIS2_PLACEMENT_3D ( 'NONE', #11766, #5852, #12749 ) ;
#4846 = CYLINDRICAL_SURFACE ( 'NONE', #11568, 0.05593526370766899181 ) ;
#4847 = ORIENTED_EDGE ( 'NONE', *, *, #399, .F. ) ;
#4848 = ORIENTED_EDGE ( 'NONE', *, *, #9803, .T. ) ;
#4849 = CARTESIAN_POINT ( 'NONE',  ( 0.8149999999999995026, -0.05000000000000000278, 0.0000000000000000000 ) ) ;
#4850 = UNCERTAINTY_MEASURE_WITH_UNIT (LENGTH_MEASURE( 1.000000000000000082E-05 ), #9378, 'distance_accuracy_value', 'NONE');
#4851 = DIRECTION ( 'NONE',  ( 0.0000000000000000000, -1.000000000000000000, 0.0000000000000000000 ) ) ;
#4852 = CARTESIAN_POINT ( 'NONE',  ( -0.1412377610681545548, 0.1000000000000000056, -1.416874574924349872 ) ) ;
#4853 = VECTOR ( 'NONE', #1914, 1000.000000000000000 ) ;
#4854 = DIRECTION ( 'NONE',  ( 0.0000000000000000000, 0.0000000000000000000, -1.000000000000000000 ) ) ;
#4855 = DIRECTION ( 'NONE',  ( 0.0000000000000000000, 0.0000000000000000000, 1.000000000000000000 ) ) ;
#4856 = VERTEX_POINT ( 'NONE', #8061 ) ;
#4857 = ORIENTED_EDGE ( 'NONE', *, *, #8267, .F. ) ;
#4858 =( GEOMETRIC_REPRESENTATION_CONTEXT ( 3 ) GLOBAL_UNCERTAINTY_ASSIGNED_CONTEXT ( ( #5681 ) ) GLOBAL_UNIT_ASSIGNED_CONTEXT ( ( #10575, #4688, #11562 ) ) REPRESENTATION_CONTEXT ( 'NONE', 'WORKASPACE' ) );
#4859 = ORIENTED_EDGE ( 'NONE', *, *, #7141, .F. ) ;
#4860 = STYLED_ITEM ( 'NONE', ( #3817 ), #5612 ) ;
#4861 = ORIENTED_EDGE ( 'NONE', *, *, #6962, .T. ) ;
#4862 = EDGE_CURVE ( 'NONE', #9565, #10059, #11900, .T. ) ;
#4863 = EDGE_LOOP ( 'NONE', ( #1858, #2634, #4475, #4025 ) ) ;
#4864 = EDGE_CURVE ( 'NONE', #6877, #11956, #1384, .T. ) ;
#4865 = COLOUR_RGB ( '',1.000000000000000000, 1.000000000000000000, 1.000000000000000000 ) ;
#4866 = CARTESIAN_POINT ( 'NONE',  ( 0.0000000000000000000, -0.05000000000000000278, -1.277681107331943622 ) ) ;
#4867 = ORIENTED_EDGE ( 'NONE', *, *, #836, .F. ) ;
#4868 = CARTESIAN_POINT ( 'NONE',  ( -1.135000000000004894, 0.1000000000000000056, -2.485305147012454610E-14 ) ) ;
#4869 = DIRECTION ( 'NONE',  ( -1.000000000000000000, 0.0000000000000000000, -0.0000000000000000000 ) ) ;
#4870 =( NAMED_UNIT ( * ) PLANE_ANGLE_UNIT ( ) SI_UNIT ( $, .RADIAN. ) );
#4871 = ORIENTED_EDGE ( 'NONE', *, *, #8742, .T. ) ;
#4872 =( LENGTH_UNIT ( ) NAMED_UNIT ( * ) SI_UNIT ( .MILLI., .METRE. ) );
#4873 =( LENGTH_UNIT ( ) NAMED_UNIT ( * ) SI_UNIT ( .MILLI., .METRE. ) );
#4874 =( NAMED_UNIT ( * ) PLANE_ANGLE_UNIT ( ) SI_UNIT ( $, .RADIAN. ) );
#4875 = MECHANICAL_DESIGN_GEOMETRIC_PRESENTATION_REPRESENTATION (  '', ( #2210 ), #5525 ) ;
#4876 = ORIENTED_EDGE ( 'NONE', *, *, #8574, .T. ) ;
#4877 = DIRECTION ( 'NONE',  ( 1.000000000000000000, -0.0000000000000000000, 0.0000000000000000000 ) ) ;
#4878 = FILL_AREA_STYLE ('',( #4636 ) ) ;
#4879 =( GEOMETRIC_REPRESENTATION_CONTEXT ( 3 ) GLOBAL_UNCERTAINTY_ASSIGNED_CONTEXT ( ( #8290 ) ) GLOBAL_UNIT_ASSIGNED_CONTEXT ( ( #10883, #4191, #10122 ) ) REPRESENTATION_CONTEXT ( 'NONE', 'WORKASPACE' ) );
#4880 = DIRECTION ( 'NONE',  ( 0.0000000000000000000, 0.0000000000000000000, -1.000000000000000000 ) ) ;
#4881 = ORIENTED_EDGE ( 'NONE', *, *, #4595, .F. ) ;
#4882 = EDGE_LOOP ( 'NONE', ( #9866, #9632, #8872, #1738 ) ) ;
#4883 = VECTOR ( 'NONE', #12041, 1000.000000000000000 ) ;
#4884 = DIRECTION ( 'NONE',  ( 1.000000000000000000, -0.0000000000000000000, 0.0000000000000000000 ) ) ;
#4885 = EDGE_CURVE ( 'NONE', #4569, #3354, #6644, .T. ) ;
#4886 = STYLED_ITEM ( 'NONE', ( #6786 ), #7333 ) ;
#4887 = CARTESIAN_POINT ( 'NONE',  ( 1.455814029726843373, 0.0000000000000000000, 1.355814029726843728 ) ) ;
#4888 = ORIENTED_EDGE ( 'NONE', *, *, #9644, .T. ) ;
#4889 = CARTESIAN_POINT ( 'NONE',  ( 1.171933149074798175, 0.1000000000000000056, 0.2000076143446563315 ) ) ;
#4890 = ADVANCED_FACE ( 'NONE', ( #8963 ), #7727, .F. ) ;
#4891 = DIRECTION ( 'NONE',  ( 0.0000000000000000000, -0.9816271834476639757, 0.1908089953765452762 ) ) ;
#4892 =( LENGTH_UNIT ( ) NAMED_UNIT ( * ) SI_UNIT ( .MILLI., .METRE. ) );
#4893 = SURFACE_SIDE_STYLE ('',( #10204 ) ) ;
#4894 = AXIS2_PLACEMENT_3D ( 'NONE', #3289, #1182, #2535 ) ;
#4895 = DIRECTION ( 'NONE',  ( 1.000000000000000000, 0.0000000000000000000, 0.0000000000000000000 ) ) ;
#4896 = DIRECTION ( 'NONE',  ( 0.0000000000000000000, 0.0000000000000000000, 1.000000000000000000 ) ) ;
#4897 = ADVANCED_FACE ( 'NONE', ( #2758 ), #4184, .T. ) ;
#4898 = STYLED_ITEM ( 'NONE', ( #12634 ), #10334 ) ;
#4899 = AXIS2_PLACEMENT_3D ( 'NONE', #6378, #6353, #6335 ) ;
#4900 = EDGE_CURVE ( 'NONE', #11889, #10840, #1844, .T. ) ;
#4901 = ORIENTED_EDGE ( 'NONE', *, *, #2013, .F. ) ;
#4902 = PRESENTATION_STYLE_ASSIGNMENT (( #12505 ) ) ;
#4903 = SURFACE_STYLE_FILL_AREA ( #11043 ) ;
#4904 = MECHANICAL_DESIGN_GEOMETRIC_PRESENTATION_REPRESENTATION (  '', ( #2243 ), #5565 ) ;
#4905 = CYLINDRICAL_SURFACE ( 'NONE', #11875, 0.05593526370766899181 ) ;
#4906 = UNCERTAINTY_MEASURE_WITH_UNIT (LENGTH_MEASURE( 1.000000000000000082E-05 ), #6581, 'distance_accuracy_value', 'NONE');
#4907 = CARTESIAN_POINT ( 'NONE',  ( 1.134999999999999787, -0.05000000000000000278, 1.649999999999999467 ) ) ;
#4908 = CARTESIAN_POINT ( 'NONE',  ( 0.0000000000000000000, -0.05000000000000000278, 0.07500000000000017764 ) ) ;
#4909 = VECTOR ( 'NONE', #6101, 1000.000000000000000 ) ;
#4910 = DIRECTION ( 'NONE',  ( 0.0000000000000000000, 0.0000000000000000000, -1.000000000000000000 ) ) ;
#4911 = FILL_AREA_STYLE ('',( #7821 ) ) ;
#4912 = ORIENTED_EDGE ( 'NONE', *, *, #9603, .F. ) ;
#4913 = DIRECTION ( 'NONE',  ( 0.0000000000000000000, 1.000000000000000000, -0.0000000000000000000 ) ) ;
#4914 =( LENGTH_UNIT ( ) NAMED_UNIT ( * ) SI_UNIT ( .MILLI., .METRE. ) );
#4915 = CARTESIAN_POINT ( 'NONE',  ( -0.4849999999999994316, -0.05000000000000000278, 0.0000000000000000000 ) ) ;
#4916 = LINE ( 'NONE', #3825, #7528 ) ;
#4917 = LINE ( 'NONE', #534, #12469 ) ;
#4918 = PRESENTATION_LAYER_ASSIGNMENT (  '', '', ( #5576 ) ) ;
#4919 = EDGE_CURVE ( 'NONE', #7080, #11423, #12047, .T. ) ;
#4920 = FILL_AREA_STYLE_COLOUR ( '', #10434 ) ;
#4921 = EDGE_CURVE ( 'NONE', #6648, #1915, #1542, .T. ) ;
#4922 = DIRECTION ( 'NONE',  ( -0.0000000000000000000, 0.0000000000000000000, 1.000000000000000000 ) ) ;
#4923 = UNCERTAINTY_MEASURE_WITH_UNIT (LENGTH_MEASURE( 1.000000000000000082E-05 ), #3296, 'distance_accuracy_value', 'NONE');
#4924 = FILL_AREA_STYLE_COLOUR ( '', #7208 ) ;
#4925 = CARTESIAN_POINT ( 'NONE',  ( 0.4810022717477533405, 0.1000000000000000056, -1.416874574924349872 ) ) ;
#4926 = CARTESIAN_POINT ( 'NONE',  ( 0.1650000000000009237, 0.1000000000000000056, 0.0000000000000000000 ) ) ;
#4927 = PRESENTATION_LAYER_ASSIGNMENT (  '', '', ( #3583 ) ) ;
#4928 = ORIENTED_EDGE ( 'NONE', *, *, #4150, .F. ) ;
#4929 = FACE_OUTER_BOUND ( 'NONE', #8668, .T. ) ;
#4930 =( NAMED_UNIT ( * ) PLANE_ANGLE_UNIT ( ) SI_UNIT ( $, .RADIAN. ) );
#4931 = CARTESIAN_POINT ( 'NONE',  ( -1.171933149074797953, 0.0000000000000000000, 0.2369407634194545809 ) ) ;
#4932 = DIRECTION ( 'NONE',  ( -1.000000000000000000, 0.0000000000000000000, -0.0000000000000000000 ) ) ;
#4933 = VERTEX_POINT ( 'NONE', #11194 ) ;
#4934 = EDGE_LOOP ( 'NONE', ( #5935, #4445, #2884, #1541, #7473, #6496, #12601, #1372 ) ) ;
#4935 = LINE ( 'NONE', #12837, #12780 ) ;
#4936 = ORIENTED_EDGE ( 'NONE', *, *, #5869, .T. ) ;
#4937 = PRESENTATION_STYLE_ASSIGNMENT (( #12523 ) ) ;
#4938 = DIRECTION ( 'NONE',  ( 0.0000000000000000000, 0.0000000000000000000, 1.000000000000000000 ) ) ;
#4940 = ORIENTED_EDGE ( 'NONE', *, *, #817, .F. ) ;
#4939 = STYLED_ITEM ( 'NONE', ( #3451 ), #12210 ) ;
#4941 = MECHANICAL_DESIGN_GEOMETRIC_PRESENTATION_REPRESENTATION (  '', ( #2918 ), #5599 ) ;
#4942 = SURFACE_SIDE_STYLE ('',( #6639 ) ) ;
#4943 = DIRECTION ( 'NONE',  ( 0.0000000000000000000, 1.000000000000000000, -0.0000000000000000000 ) ) ;
#4944 = PRESENTATION_STYLE_ASSIGNMENT (( #258 ) ) ;
#4945 = CARTESIAN_POINT ( 'NONE',  ( 1.540045451220498407, 0.1000000000000000056, -0.07500000000000017764 ) ) ;
#4946 = CIRCLE ( 'NONE', #10222, 0.1000000000000000472 ) ;
#4947 = ORIENTED_EDGE ( 'NONE', *, *, #6557, .T. ) ;
#4948 = ORIENTED_EDGE ( 'NONE', *, *, #10866, .T. ) ;
#4949 = EDGE_LOOP ( 'NONE', ( #5199, #11959, #6369, #227 ) ) ;
#4950 = LINE ( 'NONE', #3641, #4648 ) ;
#4951 = VECTOR ( 'NONE', #718, 1000.000000000000000 ) ;
#4952 = VERTEX_POINT ( 'NONE', #3292 ) ;
#4953 = STYLED_ITEM ( 'NONE', ( #8470 ), #181 ) ;
#4954 = EDGE_LOOP ( 'NONE', ( #10051, #10348, #10661, #10978 ) ) ;
#4955 = CARTESIAN_POINT ( 'NONE',  ( 1.171933149074798175, 0.0000000000000000000, 0.2000076143446563315 ) ) ;
#4956 = VECTOR ( 'NONE', #2158, 1000.000000000000000 ) ;
#4957 = DIRECTION ( 'NONE',  ( 0.0000000000000000000, 1.000000000000000000, -0.0000000000000000000 ) ) ;
#4958 = CARTESIAN_POINT ( 'NONE',  ( 0.0000000000000000000, -0.05000000000000000278, -0.2000076143446563315 ) ) ;
#4959 = ORIENTED_EDGE ( 'NONE', *, *, #10540, .F. ) ;
#4960 = LINE ( 'NONE', #9336, #10191 ) ;
#4961 = DIRECTION ( 'NONE',  ( 0.0000000000000000000, -1.000000000000000000, 0.0000000000000000000 ) ) ;
#4962 =( NAMED_UNIT ( * ) PLANE_ANGLE_UNIT ( ) SI_UNIT ( $, .RADIAN. ) );
#4963 = EDGE_CURVE ( 'NONE', #4269, #282, #1216, .T. ) ;
#4964 = LINE ( 'NONE', #8801, #12514 ) ;
#4965 = EDGE_CURVE ( 'NONE', #9207, #10818, #9109, .T. ) ;
#4966 = ORIENTED_EDGE ( 'NONE', *, *, #3134, .T. ) ;
#4967 = ORIENTED_EDGE ( 'NONE', *, *, #10804, .T. ) ;
#4968 = FACE_OUTER_BOUND ( 'NONE', #3487, .T. ) ;
#4969 = VERTEX_POINT ( 'NONE', #9260 ) ;
#4970 = MECHANICAL_DESIGN_GEOMETRIC_PRESENTATION_REPRESENTATION (  '', ( #2941 ), #5615 ) ;
#4971 = CARTESIAN_POINT ( 'NONE',  ( 0.1650000000000009237, -0.05000000000000000278, -1.649999999999998579 ) ) ;
#4972 = CARTESIAN_POINT ( 'NONE',  ( 0.0000000000000000000, 0.0000000000000000000, -1.277681107331943622 ) ) ;
#4973 = CIRCLE ( 'NONE', #7029, 0.02617424799283601944 ) ;
#4974 = PRESENTATION_STYLE_ASSIGNMENT (( #11780 ) ) ;
#4975 = ORIENTED_EDGE ( 'NONE', *, *, #11417, .T. ) ;
#4976 = SURFACE_STYLE_USAGE ( .BOTH. , #10873 ) ;
#4977 = COLOUR_RGB ( '',1.000000000000000000, 1.000000000000000000, 1.000000000000000000 ) ;
#4978 = LINE ( 'NONE', #6902, #12818 ) ;
#4979 =( NAMED_UNIT ( * ) PLANE_ANGLE_UNIT ( ) SI_UNIT ( $, .RADIAN. ) );
#4980 = ORIENTED_EDGE ( 'NONE', *, *, #10832, .F. ) ;
#4981 = PRESENTATION_STYLE_ASSIGNMENT (( #8017 ) ) ;
#4982 = ORIENTED_EDGE ( 'NONE', *, *, #5635, .T. ) ;
#4983 = STYLED_ITEM ( 'NONE', ( #6169 ), #1022 ) ;
#4984 = FILL_AREA_STYLE ('',( #7398 ) ) ;
#4985 = PRESENTATION_LAYER_ASSIGNMENT (  '', '', ( #4313 ) ) ;
#4986 =( GEOMETRIC_REPRESENTATION_CONTEXT ( 3 ) GLOBAL_UNCERTAINTY_ASSIGNED_CONTEXT ( ( #3696 ) ) GLOBAL_UNIT_ASSIGNED_CONTEXT ( ( #8936, #7870, #8545 ) ) REPRESENTATION_CONTEXT ( 'NONE', 'WORKASPACE' ) );
#4987 =( NAMED_UNIT ( * ) SI_UNIT ( $, .STERADIAN. ) SOLID_ANGLE_UNIT ( ) );
#4988 = EDGE_CURVE ( 'NONE', #4322, #11502, #6797, .T. ) ;
#4989 = CYLINDRICAL_SURFACE ( 'NONE', #3959, 0.05920802862897456276 ) ;
#4990 = AXIS2_PLACEMENT_3D ( 'NONE', #6728, #7678, #789 ) ;
#4991 = CARTESIAN_POINT ( 'NONE',  ( 0.0000000000000000000, 0.0000000000000000000, 1.500000000000000000 ) ) ;
#4992 = EDGE_CURVE ( 'NONE', #453, #8487, #6177, .T. ) ;
#4993 = DIRECTION ( 'NONE',  ( 0.0000000000000000000, 0.0000000000000000000, 1.000000000000000000 ) ) ;
#4994 = CARTESIAN_POINT ( 'NONE',  ( 1.257124604555293734, 0.1000000000000000056, -0.1623686072350682963 ) ) ;
#4995 = CARTESIAN_POINT ( 'NONE',  ( 0.4810022717477533405, 0.0000000000000000000, 0.0000000000000000000 ) ) ;
#4996 = ORIENTED_EDGE ( 'NONE', *, *, #466, .F. ) ;
#4997 = VECTOR ( 'NONE', #7948, 1000.000000000000000 ) ;
#4998 = COLOUR_RGB ( '',0.2509803921568627416, 0.2509803921568627416, 0.2509803921568627416 ) ;
#4999 = LINE ( 'NONE', #3785, #10231 ) ;
#5000 = SURFACE_SIDE_STYLE ('',( #4841 ) ) ;
#5001 = LINE ( 'NONE', #3414, #2656 ) ;
#5002 = FILL_AREA_STYLE_COLOUR ( '', #7984 ) ;
#5003 = COLOUR_RGB ( '',0.2509803921568627416, 0.2509803921568627416, 0.2509803921568627416 ) ;
#5004 = ORIENTED_EDGE ( 'NONE', *, *, #11059, .T. ) ;
#5005 = UNCERTAINTY_MEASURE_WITH_UNIT (LENGTH_MEASURE( 1.000000000000000082E-05 ), #4377, 'distance_accuracy_value', 'NONE');
#5006 =( NAMED_UNIT ( * ) SI_UNIT ( $, .STERADIAN. ) SOLID_ANGLE_UNIT ( ) );
#5007 = EDGE_CURVE ( 'NONE', #6460, #4305, #8807, .T. ) ;
#5008 = CARTESIAN_POINT ( 'NONE',  ( 0.5439116535429402433, 0.1000000000000000056, 1.276162611327208651 ) ) ;
#5009 = CARTESIAN_POINT ( 'NONE',  ( 1.134999999999999787, -0.05000000000000000278, -1.649999999999998579 ) ) ;
#5010 = FILL_AREA_STYLE_COLOUR ( '', #7060 ) ;
#5011 = VECTOR ( 'NONE', #4057, 1000.000000000000000 ) ;
#5012 = CIRCLE ( 'NONE', #1475, 0.02617424799283601944 ) ;
#5013 = VERTEX_POINT ( 'NONE', #12196 ) ;
#5014 = VECTOR ( 'NONE', #4626, 1000.000000000000000 ) ;
#5015 = DIRECTION ( 'NONE',  ( 1.000000000000000000, -0.0000000000000000000, 0.0000000000000000000 ) ) ;
#5016 = ORIENTED_EDGE ( 'NONE', *, *, #7174, .T. ) ;
#5017 = SURFACE_SIDE_STYLE ('',( #9749 ) ) ;
#5018 = CARTESIAN_POINT ( 'NONE',  ( -0.7590647362923303998, 0.0000000000000000000, 1.375493264616636457 ) ) ;
#5019 = ORIENTED_EDGE ( 'NONE', *, *, #5472, .F. ) ;
#5020 = PRESENTATION_LAYER_ASSIGNMENT (  '', '', ( #3653 ) ) ;
#5021 = SURFACE_STYLE_FILL_AREA ( #8900 ) ;
#5022 = CARTESIAN_POINT ( 'NONE',  ( 1.197916575926319283, 0.1000000000000000056, 0.1623686072350682963 ) ) ;
#5023 = ORIENTED_EDGE ( 'NONE', *, *, #9574, .F. ) ;
#5024 = LINE ( 'NONE', #2017, #5521 ) ;
#5025 = CARTESIAN_POINT ( 'NONE',  ( -1.197916575926319283, 0.1000000000000000056, -0.1623686072350682963 ) ) ;
#5026 = CARTESIAN_POINT ( 'NONE',  ( 0.5087622389318458005, -0.05000000000000000278, 0.0000000000000000000 ) ) ;
#5027 =( NAMED_UNIT ( * ) SI_UNIT ( $, .STERADIAN. ) SOLID_ANGLE_UNIT ( ) );
#5028 = VERTEX_POINT ( 'NONE', #1393 ) ;
#5029 = SURFACE_SIDE_STYLE ('',( #1936 ) ) ;
#5030 = DIRECTION ( 'NONE',  ( -0.0000000000000000000, 0.0000000000000000000, 1.000000000000000000 ) ) ;
#5031 = DIRECTION ( 'NONE',  ( 0.0000000000000000000, 1.000000000000000000, 0.0000000000000000000 ) ) ;
#5032 =( NAMED_UNIT ( * ) SI_UNIT ( $, .STERADIAN. ) SOLID_ANGLE_UNIT ( ) );
#5033 = ORIENTED_EDGE ( 'NONE', *, *, #8084, .F. ) ;
#5034 = PLANE ( 'NONE',  #3360 ) ;
#5035 = ADVANCED_FACE ( 'NONE', ( #8496 ), #7314, .T. ) ;
#5036 = COLOUR_RGB ( '',1.000000000000000000, 1.000000000000000000, 1.000000000000000000 ) ;
#5037 = ORIENTED_EDGE ( 'NONE', *, *, #1625, .T. ) ;
#5038 = MECHANICAL_DESIGN_GEOMETRIC_PRESENTATION_REPRESENTATION (  '', ( #3671 ), #5673 ) ;
#5039 = STYLED_ITEM ( 'NONE', ( #9664 ), #5938 ) ;
#5040 = EDGE_CURVE ( 'NONE', #11618, #5413, #4960, .T. ) ;
#5041 = EDGE_CURVE ( 'NONE', #4322, #5208, #7573, .T. ) ;
#5042 = FILL_AREA_STYLE ('',( #10890 ) ) ;
#5043 =( GEOMETRIC_REPRESENTATION_CONTEXT ( 3 ) GLOBAL_UNCERTAINTY_ASSIGNED_CONTEXT ( ( #5247 ) ) GLOBAL_UNIT_ASSIGNED_CONTEXT ( ( #100, #7054, #1107 ) ) REPRESENTATION_CONTEXT ( 'NONE', 'WORKASPACE' ) );
#5044 =( NAMED_UNIT ( * ) SI_UNIT ( $, .STERADIAN. ) SOLID_ANGLE_UNIT ( ) );
#5045 =( LENGTH_UNIT ( ) NAMED_UNIT ( * ) SI_UNIT ( .MILLI., .METRE. ) );
#5046 = FILL_AREA_STYLE ('',( #3017 ) ) ;
#5047 = CARTESIAN_POINT ( 'NONE',  ( -0.1689977282522470148, -0.05000000000000000278, -1.277681107331943622 ) ) ;
#5048 = ORIENTED_EDGE ( 'NONE', *, *, #2527, .T. ) ;
#5049 = LINE ( 'NONE', #9136, #2396 ) ;
#5050 = DIRECTION ( 'NONE',  ( 1.000000000000000000, 0.0000000000000000000, -0.0000000000000000000 ) ) ;
#5051 = DIRECTION ( 'NONE',  ( 0.0000000000000000000, 0.0000000000000000000, 1.000000000000000000 ) ) ;
#5052 = ORIENTED_EDGE ( 'NONE', *, *, #3513, .F. ) ;
#5053 = SURFACE_STYLE_USAGE ( .BOTH. , #5017 ) ;
#5054 = AXIS2_PLACEMENT_3D ( 'NONE', #6499, #5939, #5848 ) ;
#5055 = DIRECTION ( 'NONE',  ( 1.000000000000000000, 0.0000000000000000000, 0.0000000000000000000 ) ) ;
#5056 = EDGE_CURVE ( 'NONE', #3430, #8208, #2305, .T. ) ;
#5057 = MECHANICAL_DESIGN_GEOMETRIC_PRESENTATION_REPRESENTATION (  '', ( #3705 ), #5706 ) ;
#5058 = VECTOR ( 'NONE', #6235, 1000.000000000000000 ) ;
#5059 = DIRECTION ( 'NONE',  ( -1.000000000000000000, 0.0000000000000000000, 0.0000000000000000000 ) ) ;
#5060 =( NAMED_UNIT ( * ) PLANE_ANGLE_UNIT ( ) SI_UNIT ( $, .RADIAN. ) );
#5061 = ORIENTED_EDGE ( 'NONE', *, *, #2761, .F. ) ;
#5062 = DIRECTION ( 'NONE',  ( 0.0000000000000000000, 1.000000000000000000, 0.0000000000000000000 ) ) ;
#5063 = FILL_AREA_STYLE ('',( #1045 ) ) ;
#5064 =( NAMED_UNIT ( * ) PLANE_ANGLE_UNIT ( ) SI_UNIT ( $, .RADIAN. ) );
#5065 =( NAMED_UNIT ( * ) SI_UNIT ( $, .STERADIAN. ) SOLID_ANGLE_UNIT ( ) );
#5066 = PRESENTATION_LAYER_ASSIGNMENT (  '', '', ( #4414 ) ) ;
#5067 = DIRECTION ( 'NONE',  ( 0.0000000000000000000, -1.000000000000000000, 0.0000000000000000000 ) ) ;
#5068 = UNCERTAINTY_MEASURE_WITH_UNIT (LENGTH_MEASURE( 1.000000000000000082E-05 ), #6695, 'distance_accuracy_value', 'NONE');
#5069 = AXIS2_PLACEMENT_3D ( 'NONE', #5331, #12212, #6288 ) ;
#5070 = SURFACE_STYLE_FILL_AREA ( #3216 ) ;
#5071 = DIRECTION ( 'NONE',  ( -1.000000000000000000, -2.168404344971007685E-15, 2.168404344971007685E-15 ) ) ;
#5072 = VERTEX_POINT ( 'NONE', #9371 ) ;
#5073 = ADVANCED_FACE ( 'NONE', ( #4657 ), #11261, .F. ) ;
#5074 = AXIS2_PLACEMENT_3D ( 'NONE', #3874, #10771, #4880 ) ;
#5075 = DIRECTION ( 'NONE',  ( -0.0000000000000000000, -1.000000000000000000, -0.0000000000000000000 ) ) ;
#5076 = CARTESIAN_POINT ( 'NONE',  ( 0.7912377610681550211, 0.1000000000000000056, -1.277681107331943622 ) ) ;
#5077 = CARTESIAN_POINT ( 'NONE',  ( -1.401837281655233358, 0.1499999999999999944, 1.399999999999999911 ) ) ;
#5078 = CARTESIAN_POINT ( 'NONE',  ( -1.455814029726843373, 0.1499999999999999944, 1.500000000000000000 ) ) ;
#5079 = UNCERTAINTY_MEASURE_WITH_UNIT (LENGTH_MEASURE( 1.000000000000000082E-05 ), #5350, 'distance_accuracy_value', 'NONE');
#5080 = DIRECTION ( 'NONE',  ( 0.0000000000000000000, 0.0000000000000000000, 1.000000000000000000 ) ) ;
#5081 = COLOUR_RGB ( '',0.2509803921568627416, 0.2509803921568627416, 0.2509803921568627416 ) ;
#5082 = EDGE_LOOP ( 'NONE', ( #9428, #9255, #9102, #8968 ) ) ;
#5083 = EDGE_LOOP ( 'NONE', ( #10961, #65, #5004, #449 ) ) ;
#5084 = LINE ( 'NONE', #11717, #2429 ) ;
#5085 = VECTOR ( 'NONE', #10367, 1000.000000000000000 ) ;
#5086 = PRESENTATION_LAYER_ASSIGNMENT (  '', '', ( #4434 ) ) ;
#5087 = EDGE_CURVE ( 'NONE', #9712, #11877, #6330, .T. ) ;
#5088 = SURFACE_STYLE_USAGE ( .BOTH. , #10989 ) ;
#5089 = DIRECTION ( 'NONE',  ( 0.0000000000000000000, 0.0000000000000000000, -1.000000000000000000 ) ) ;
#5090 = CARTESIAN_POINT ( 'NONE',  ( 0.0000000000000000000, -0.05000000000000000278, 0.2000076143446563315 ) ) ;
#5091 = CIRCLE ( 'NONE', #7321, 0.05593526370766899181 ) ;
#5092 =( LENGTH_UNIT ( ) NAMED_UNIT ( * ) SI_UNIT ( .MILLI., .METRE. ) );
#5093 = ORIENTED_EDGE ( 'NONE', *, *, #7596, .T. ) ;
#5094 = DIRECTION ( 'NONE',  ( -1.000000000000000000, 0.0000000000000000000, -0.0000000000000000000 ) ) ;
#5095 = LINE ( 'NONE', #298, #7696 ) ;
#5096 = PLANE ( 'NONE',  #10069 ) ;
#5097 = ORIENTED_EDGE ( 'NONE', *, *, #161, .F. ) ;
#5098 = PRESENTATION_STYLE_ASSIGNMENT (( #2848 ) ) ;
#5099 = EDGE_LOOP ( 'NONE', ( #6449, #4499, #4996, #10855 ) ) ;
#5100 = PRESENTATION_STYLE_ASSIGNMENT (( #12602 ) ) ;
#5101 = ORIENTED_EDGE ( 'NONE', *, *, #533, .T. ) ;
#5102 = CARTESIAN_POINT ( 'NONE',  ( 1.499999999999998890, 0.1499999999999999667, -1.359764889246169783 ) ) ;
#5103 = DIRECTION ( 'NONE',  ( -0.0000000000000000000, -1.000000000000000000, -0.0000000000000000000 ) ) ;
#5104 = ORIENTED_EDGE ( 'NONE', *, *, #6874, .F. ) ;
#5105 = SURFACE_STYLE_FILL_AREA ( #11454 ) ;
#5106 = DIRECTION ( 'NONE',  ( 0.0000000000000000000, 1.000000000000000000, 0.0000000000000000000 ) ) ;
#5107 =( LENGTH_UNIT ( ) NAMED_UNIT ( * ) SI_UNIT ( .MILLI., .METRE. ) );
#5108 = COLOUR_RGB ( '',1.000000000000000000, 1.000000000000000000, 1.000000000000000000 ) ;
#5109 = ADVANCED_FACE ( 'NONE', ( #8649 ), #8431, .T. ) ;
#5110 = VERTEX_POINT ( 'NONE', #365 ) ;
#5111 = PRESENTATION_STYLE_ASSIGNMENT (( #9211 ) ) ;
#5112 = FILL_AREA_STYLE_COLOUR ( '', #7302 ) ;
#5113 = VECTOR ( 'NONE', #9913, 1000.000000000000000 ) ;
#5114 = AXIS2_PLACEMENT_3D ( 'NONE', #3281, #10199, #4297 ) ;
#5115 =( NAMED_UNIT ( * ) PLANE_ANGLE_UNIT ( ) SI_UNIT ( $, .RADIAN. ) );
#5116 = PRESENTATION_LAYER_ASSIGNMENT (  '', '', ( #4455 ) ) ;
#5117 =( NAMED_UNIT ( * ) PLANE_ANGLE_UNIT ( ) SI_UNIT ( $, .RADIAN. ) );
#5118 = SURFACE_STYLE_FILL_AREA ( #3759 ) ;
#5119 = ORIENTED_EDGE ( 'NONE', *, *, #6858, .F. ) ;
#5121 = ADVANCED_FACE ( 'NONE', ( #10342 ), #11462, .T. ) ;
#5120 =( NAMED_UNIT ( * ) PLANE_ANGLE_UNIT ( ) SI_UNIT ( $, .RADIAN. ) );
#5122 = CARTESIAN_POINT ( 'NONE',  ( 0.0000000000000000000, 0.1000000000000000056, 0.0000000000000000000 ) ) ;
#5123 = DIRECTION ( 'NONE',  ( 1.000000000000000000, -0.0000000000000000000, 0.0000000000000000000 ) ) ;
#5124 = SURFACE_SIDE_STYLE ('',( #2129 ) ) ;
#5125 = PRESENTATION_LAYER_ASSIGNMENT (  '', '', ( #3773 ) ) ;
#5126 = PRESENTATION_STYLE_ASSIGNMENT (( #3166 ) ) ;
#5127 = VERTEX_POINT ( 'NONE', #10461 ) ;
#5128 = EDGE_LOOP ( 'NONE', ( #3140, #1741, #12279, #2383 ) ) ;
#5129 = FILL_AREA_STYLE ('',( #9026 ) ) ;
#5130 =( NAMED_UNIT ( * ) SI_UNIT ( $, .STERADIAN. ) SOLID_ANGLE_UNIT ( ) );
#5131 = VECTOR ( 'NONE', #9899, 1000.000000000000000 ) ;
#5132 = CARTESIAN_POINT ( 'NONE',  ( 1.197916575926319283, -0.05000000000000000278, -0.1623686072350682963 ) ) ;
#5133 = PLANE ( 'NONE',  #8629 ) ;
#5134 = PRESENTATION_LAYER_ASSIGNMENT (  '', '', ( #4473 ) ) ;
#5135 = EDGE_CURVE ( 'NONE', #21, #394, #6781, .T. ) ;
#5136 = STYLED_ITEM ( 'NONE', ( #12204 ), #7168 ) ;
#5137 = VERTEX_POINT ( 'NONE', #4620 ) ;
#5138 = CARTESIAN_POINT ( 'NONE',  ( 1.507075080061872185, 0.1000000000000000056, 0.1031605786060936225 ) ) ;
#5139 = ORIENTED_EDGE ( 'NONE', *, *, #3206, .F. ) ;
#5140 = DIRECTION ( 'NONE',  ( -1.000000000000000000, 0.0000000000000000000, -0.0000000000000000000 ) ) ;
#5142 = ORIENTED_EDGE ( 'NONE', *, *, #6763, .T. ) ;
#5141 = CARTESIAN_POINT ( 'NONE',  ( 0.4949999999999992184, -0.05000000000000000278, 0.0000000000000000000 ) ) ;
#5143 = DIRECTION ( 'NONE',  ( 0.0000000000000000000, -1.000000000000000000, 0.0000000000000000000 ) ) ;
#5144 = DIRECTION ( 'NONE',  ( 1.000000000000000000, -0.0000000000000000000, 0.0000000000000000000 ) ) ;
#5145 = CARTESIAN_POINT ( 'NONE',  ( 0.0000000000000000000, 0.1000000000000000056, -0.1031605786060936225 ) ) ;
#5146 = SURFACE_STYLE_FILL_AREA ( #4031 ) ;
#5147 = FILL_AREA_STYLE_COLOUR ( '', #8570 ) ;
#5148 = MECHANICAL_DESIGN_GEOMETRIC_PRESENTATION_REPRESENTATION (  '', ( #3796 ), #5793 ) ;
#5149 = VERTEX_POINT ( 'NONE', #10510 ) ;
#5150 = COLOUR_RGB ( '',1.000000000000000000, 1.000000000000000000, 1.000000000000000000 ) ;
#5151 = PRESENTATION_LAYER_ASSIGNMENT (  '', '', ( #3114 ) ) ;
#5152 = SURFACE_STYLE_USAGE ( .BOTH. , #5192 ) ;
#5153 = ORIENTED_EDGE ( 'NONE', *, *, #9113, .F. ) ;
#5154 = EDGE_CURVE ( 'NONE', #12342, #4933, #9403, .T. ) ;
#5155 = SURFACE_STYLE_USAGE ( .BOTH. , #5821 ) ;
#5156 =( NAMED_UNIT ( * ) SI_UNIT ( $, .STERADIAN. ) SOLID_ANGLE_UNIT ( ) );
#5157 = FACE_OUTER_BOUND ( 'NONE', #4934, .T. ) ;
#5158 = DIRECTION ( 'NONE',  ( 0.0000000000000000000, 1.000000000000000000, 0.0000000000000000000 ) ) ;
#5159 =( GEOMETRIC_REPRESENTATION_CONTEXT ( 3 ) GLOBAL_UNCERTAINTY_ASSIGNED_CONTEXT ( ( #11472 ) ) GLOBAL_UNIT_ASSIGNED_CONTEXT ( ( #7207, #1274, #8202 ) ) REPRESENTATION_CONTEXT ( 'NONE', 'WORKASPACE' ) );
#5160 = DIRECTION ( 'NONE',  ( -0.1874275599918963364, -0.9642312064598242971, 0.1874275599918963642 ) ) ;
#5162 = SURFACE_STYLE_USAGE ( .BOTH. , #6254 ) ;
#5161 = PRESENTATION_STYLE_ASSIGNMENT (( #2759 ) ) ;
#5163 = UNCERTAINTY_MEASURE_WITH_UNIT (LENGTH_MEASURE( 1.000000000000000082E-05 ), #8467, 'distance_accuracy_value', 'NONE');
#5164 = VECTOR ( 'NONE', #11099, 1000.000000000000000 ) ;
#5165 = LINE ( 'NONE', #3463, #4853 ) ;
#5166 = AXIS2_PLACEMENT_3D ( 'NONE', #10555, #4667, #11533 ) ;
#5167 = EDGE_CURVE ( 'NONE', #2821, #9693, #4163, .T. ) ;
#5168 = CARTESIAN_POINT ( 'NONE',  ( 0.0000000000000000000, 0.1000000000000000056, 1.249999999999999112 ) ) ;
#5169 = EDGE_CURVE ( 'NONE', #5072, #3079, #12033, .T. ) ;
#5170 = ORIENTED_EDGE ( 'NONE', *, *, #12004, .F. ) ;
#5171 =( NAMED_UNIT ( * ) SI_UNIT ( $, .STERADIAN. ) SOLID_ANGLE_UNIT ( ) );
#5172 = DIRECTION ( 'NONE',  ( -0.0000000000000000000, 0.0000000000000000000, -1.000000000000000000 ) ) ;
#5173 = AXIS2_PLACEMENT_3D ( 'NONE', #78, #7040, #1093 ) ;
#5174 = VERTEX_POINT ( 'NONE', #12537 ) ;
#5175 = ADVANCED_FACE ( 'NONE', ( #11422 ), #5259, .F. ) ;
#5176 = ORIENTED_EDGE ( 'NONE', *, *, #8950, .T. ) ;
#5177 = CARTESIAN_POINT ( 'NONE',  ( -1.044003024146626046, -0.05000000000000000278, -0.3087081087201543061 ) ) ;
#5178 = CARTESIAN_POINT ( 'NONE',  ( -1.044003024146626046, 0.1000000000000000056, -0.3087081087201543061 ) ) ;
#5179 =( NAMED_UNIT ( * ) SI_UNIT ( $, .STERADIAN. ) SOLID_ANGLE_UNIT ( ) );
#5180 = DIRECTION ( 'NONE',  ( 0.0000000000000000000, 0.0000000000000000000, 1.000000000000000000 ) ) ;
#5181 =( NAMED_UNIT ( * ) SI_UNIT ( $, .STERADIAN. ) SOLID_ANGLE_UNIT ( ) );
#5182 =( NAMED_UNIT ( * ) PLANE_ANGLE_UNIT ( ) SI_UNIT ( $, .RADIAN. ) );
#5183 = ORIENTED_EDGE ( 'NONE', *, *, #3515, .F. ) ;
#5184 = ORIENTED_EDGE ( 'NONE', *, *, #10133, .T. ) ;
#5185 =( GEOMETRIC_REPRESENTATION_CONTEXT ( 3 ) GLOBAL_UNCERTAINTY_ASSIGNED_CONTEXT ( ( #1638 ) ) GLOBAL_UNIT_ASSIGNED_CONTEXT ( ( #10212, #4308, #11192 ) ) REPRESENTATION_CONTEXT ( 'NONE', 'WORKASPACE' ) );
#5186 = SURFACE_SIDE_STYLE ('',( #8174 ) ) ;
#5187 = PRESENTATION_LAYER_ASSIGNMENT (  '', '', ( #3155 ) ) ;
#5188 = CARTESIAN_POINT ( 'NONE',  ( -0.4849999999999994316, -0.05000000000000000278, -1.277681107331943622 ) ) ;
#5189 = VERTEX_POINT ( 'NONE', #6571 ) ;
#5191 = FILL_AREA_STYLE ('',( #1882 ) ) ;
#5190 = VECTOR ( 'NONE', #8182, 1000.000000000000000 ) ;
#5192 = SURFACE_SIDE_STYLE ('',( #8055 ) ) ;
#5193 = CARTESIAN_POINT ( 'NONE',  ( -1.162759967184092247, 0.1000000000000000056, -1.416874574924349872 ) ) ;
#5194 = VERTEX_POINT ( 'NONE', #4699 ) ;
#5195 = VERTEX_POINT ( 'NONE', #6656 ) ;
#5196 = CARTESIAN_POINT ( 'NONE',  ( -0.7912377610681550211, -0.05000000000000000278, 0.0000000000000000000 ) ) ;
#5197 =( NAMED_UNIT ( * ) PLANE_ANGLE_UNIT ( ) SI_UNIT ( $, .RADIAN. ) );
#5198 = CARTESIAN_POINT ( 'NONE',  ( 0.0000000000000000000, 0.1000000000000000056, 0.1031605786060936225 ) ) ;
#5199 = ORIENTED_EDGE ( 'NONE', *, *, #1493, .T. ) ;
#5200 = EDGE_CURVE ( 'NONE', #9785, #4363, #7872, .T. ) ;
#5201 = FACE_OUTER_BOUND ( 'NONE', #1516, .T. ) ;
#5202 = EDGE_CURVE ( 'NONE', #2430, #11820, #3849, .T. ) ;
#5203 = MECHANICAL_DESIGN_GEOMETRIC_PRESENTATION_REPRESENTATION (  '', ( #3177 ), #5849 ) ;
#5204 = PLANE ( 'NONE',  #5758 ) ;
#5205 = LINE ( 'NONE', #10960, #10443 ) ;
#5207 = EDGE_CURVE ( 'NONE', #12679, #11140, #12792, .T. ) ;
#5206 = DIRECTION ( 'NONE',  ( 0.0000000000000000000, -1.000000000000000000, 0.0000000000000000000 ) ) ;
#5208 = VERTEX_POINT ( 'NONE', #10624 ) ;
#5209 = VECTOR ( 'NONE', #11473, 1000.000000000000000 ) ;
#5210 = DIRECTION ( 'NONE',  ( -1.000000000000000000, 0.0000000000000000000, 0.0000000000000000000 ) ) ;
#5211 = SURFACE_SIDE_STYLE ('',( #11349 ) ) ;
#5212 =( LENGTH_UNIT ( ) NAMED_UNIT ( * ) SI_UNIT ( .MILLI., .METRE. ) );
#5213 =( NAMED_UNIT ( * ) SI_UNIT ( $, .STERADIAN. ) SOLID_ANGLE_UNIT ( ) );
#5214 = STYLED_ITEM ( 'NONE', ( #2311 ), #833 ) ;
#5215 = MECHANICAL_DESIGN_GEOMETRIC_PRESENTATION_REPRESENTATION (  '', ( #3196 ), #5868 ) ;
#5216 =( NAMED_UNIT ( * ) PLANE_ANGLE_UNIT ( ) SI_UNIT ( $, .RADIAN. ) );
#5217 = EDGE_CURVE ( 'NONE', #12647, #3430, #250, .T. ) ;
#5218 = CYLINDRICAL_SURFACE ( 'NONE', #6611, 0.09130182425276713032 ) ;
#5219 = ORIENTED_EDGE ( 'NONE', *, *, #7673, .F. ) ;
#5220 = STYLED_ITEM ( 'NONE', ( #7705 ), #7812 ) ;
#5221 = VECTOR ( 'NONE', #7028, 1000.000000000000000 ) ;
#5222 = DIRECTION ( 'NONE',  ( -1.000000000000000000, 0.0000000000000000000, 0.0000000000000000000 ) ) ;
#5223 = EDGE_CURVE ( 'NONE', #9831, #5028, #4946, .T. ) ;
#5224 = VECTOR ( 'NONE', #5508, 1000.000000000000000 ) ;
#5225 = CARTESIAN_POINT ( 'NONE',  ( -0.4849999999999994316, 0.1000000000000000056, -1.416874574924349872 ) ) ;
#5226 = UNCERTAINTY_MEASURE_WITH_UNIT (LENGTH_MEASURE( 1.000000000000000082E-05 ), #2343, 'distance_accuracy_value', 'NONE');
#5227 = PLANE ( 'NONE',  #12815 ) ;
#5228 = LINE ( 'NONE', #1815, #12766 ) ;
#5229 = SURFACE_STYLE_FILL_AREA ( #185 ) ;
#5230 =( NAMED_UNIT ( * ) SI_UNIT ( $, .STERADIAN. ) SOLID_ANGLE_UNIT ( ) );
#5231 = VERTEX_POINT ( 'NONE', #5714 ) ;
#5232 = VECTOR ( 'NONE', #1902, 1000.000000000000000 ) ;
#5233 = ORIENTED_EDGE ( 'NONE', *, *, #2763, .T. ) ;
#5235 = ADVANCED_FACE ( 'NONE', ( #2288 ), #12604, .T. ) ;
#5234 = CARTESIAN_POINT ( 'NONE',  ( 0.0000000000000000000, 0.1000000000000000056, -1.199999999999999289 ) ) ;
#5236 = FILL_AREA_STYLE_COLOUR ( '', #3006 ) ;
#5237 = MECHANICAL_DESIGN_GEOMETRIC_PRESENTATION_REPRESENTATION (  '', ( #3221 ), #5888 ) ;
#5238 = FILL_AREA_STYLE ('',( #1176 ) ) ;
#5239 = DIRECTION ( 'NONE',  ( 0.0000000000000000000, 0.0000000000000000000, -1.000000000000000000 ) ) ;
#5240 = PRESENTATION_STYLE_ASSIGNMENT (( #6504 ) ) ;
#5241 = PRESENTATION_STYLE_ASSIGNMENT (( #4181 ) ) ;
#5242 = EDGE_CURVE ( 'NONE', #4721, #7268, #8938, .T. ) ;
#5243 = ORIENTED_EDGE ( 'NONE', *, *, #6259, .F. ) ;
#5244 = VECTOR ( 'NONE', #5952, 1000.000000000000000 ) ;
#5245 = ORIENTED_EDGE ( 'NONE', *, *, #1190, .F. ) ;
#5246 = DIRECTION ( 'NONE',  ( -1.000000000000000000, 0.0000000000000000000, 0.0000000000000000000 ) ) ;
#5247 = UNCERTAINTY_MEASURE_WITH_UNIT (LENGTH_MEASURE( 1.000000000000000082E-05 ), #100, 'distance_accuracy_value', 'NONE');
#5248 = VERTEX_POINT ( 'NONE', #2906 ) ;
#5249 = LINE ( 'NONE', #8876, #10160 ) ;
#5250 = VERTEX_POINT ( 'NONE', #11573 ) ;
#5251 = VECTOR ( 'NONE', #1125, 1000.000000000000000 ) ;
#5252 = PRESENTATION_LAYER_ASSIGNMENT (  '', '', ( #5901 ) ) ;
#5253 = ORIENTED_EDGE ( 'NONE', *, *, #2814, .F. ) ;
#5254 = VECTOR ( 'NONE', #749, 1000.000000000000000 ) ;
#5255 = PRESENTATION_STYLE_ASSIGNMENT (( #10358 ) ) ;
#5256 = CARTESIAN_POINT ( 'NONE',  ( 0.1650000000000009237, -0.05000000000000000278, -1.277681107331943622 ) ) ;
#5257 = CARTESIAN_POINT ( 'NONE',  ( 0.7912377610681550211, -0.05000000000000000278, -1.416874574924349872 ) ) ;
#5258 = FACE_OUTER_BOUND ( 'NONE', #2473, .T. ) ;
#5259 = CYLINDRICAL_SURFACE ( 'NONE', #11527, 0.02617424799283601944 ) ;
#5260 = DIRECTION ( 'NONE',  ( 0.0000000000000000000, 1.000000000000000000, 0.0000000000000000000 ) ) ;
#5261 = CARTESIAN_POINT ( 'NONE',  ( -1.599999999999999645, 0.1499999999999999944, -1.355814029726843728 ) ) ;
#5262 = ORIENTED_EDGE ( 'NONE', *, *, #10540, .T. ) ;
#5263 = ORIENTED_EDGE ( 'NONE', *, *, #6705, .T. ) ;
#5264 = ORIENTED_EDGE ( 'NONE', *, *, #3063, .T. ) ;
#5265 = ORIENTED_EDGE ( 'NONE', *, *, #6275, .F. ) ;
#5266 =( GEOMETRIC_REPRESENTATION_CONTEXT ( 3 ) GLOBAL_UNCERTAINTY_ASSIGNED_CONTEXT ( ( #9479 ) ) GLOBAL_UNIT_ASSIGNED_CONTEXT ( ( #7362, #1451, #8371 ) ) REPRESENTATION_CONTEXT ( 'NONE', 'WORKASPACE' ) );
#5267 = EDGE_CURVE ( 'NONE', #8865, #717, #3997, .T. ) ;
#5268 = DIRECTION ( 'NONE',  ( 1.000000000000000000, -0.0000000000000000000, 0.0000000000000000000 ) ) ;
#5269 = VERTEX_POINT ( 'NONE', #9813 ) ;
#5270 = AXIS2_PLACEMENT_3D ( 'NONE', #6103, #7106, #6148 ) ;
#5271 = DIRECTION ( 'NONE',  ( 0.0000000000000000000, 0.0000000000000000000, 1.000000000000000000 ) ) ;
#5272 =( NAMED_UNIT ( * ) PLANE_ANGLE_UNIT ( ) SI_UNIT ( $, .RADIAN. ) );
#5273 = LINE ( 'NONE', #9050, #4956 ) ;
#5274 = DIRECTION ( 'NONE',  ( 1.000000000000000000, -0.0000000000000000000, 0.0000000000000000000 ) ) ;
#5275 = ORIENTED_EDGE ( 'NONE', *, *, #6505, .F. ) ;
#5276 = ORIENTED_EDGE ( 'NONE', *, *, #12099, .T. ) ;
#5277 = CARTESIAN_POINT ( 'NONE',  ( -1.499999999999999778, 0.1499999999999999944, -1.400000000000000133 ) ) ;
#5278 = FACE_OUTER_BOUND ( 'NONE', #9822, .T. ) ;
#5279 = ORIENTED_EDGE ( 'NONE', *, *, #547, .T. ) ;
#5280 = SURFACE_STYLE_USAGE ( .BOTH. , #11429 ) ;
#5281 = CARTESIAN_POINT ( 'NONE',  ( 0.0000000000000000000, -0.05000000000000000278, -1.277681107331943622 ) ) ;
#5282 = VECTOR ( 'NONE', #10746, 1000.000000000000000 ) ;
#5283 = FILL_AREA_STYLE_COLOUR ( '', #271 ) ;
#5284 = DIRECTION ( 'NONE',  ( 1.000000000000000000, 0.0000000000000000000, 0.0000000000000000000 ) ) ;
#5285 = DIRECTION ( 'NONE',  ( 1.000000000000000000, -0.0000000000000000000, 0.0000000000000000000 ) ) ;
#5286 = MECHANICAL_DESIGN_GEOMETRIC_PRESENTATION_REPRESENTATION (  '', ( #3267 ), #5926 ) ;
#5288 = EDGE_CURVE ( 'NONE', #7131, #5574, #11555, .T. ) ;
#5287 = FILL_AREA_STYLE_COLOUR ( '', #6614 ) ;
#5289 = FILL_AREA_STYLE ('',( #11170 ) ) ;
#5290 = EDGE_CURVE ( 'NONE', #4155, #10136, #11244, .T. ) ;
#5292 = EDGE_LOOP ( 'NONE', ( #105, #260, #290, #723 ) ) ;
#5291 = CARTESIAN_POINT ( 'NONE',  ( 0.0000000000000000000, -0.05000000000000000278, -1.277681107331943622 ) ) ;
#5293 = VECTOR ( 'NONE', #11866, 1000.000000000000000 ) ;
#5294 = ORIENTED_EDGE ( 'NONE', *, *, #2119, .F. ) ;
#5295 = ORIENTED_EDGE ( 'NONE', *, *, #11851, .F. ) ;
#5296 = CIRCLE ( 'NONE', #1954, 0.05593526370766899181 ) ;
#5297 = ORIENTED_EDGE ( 'NONE', *, *, #10558, .T. ) ;
#5298 =( GEOMETRIC_REPRESENTATION_CONTEXT ( 3 ) GLOBAL_UNCERTAINTY_ASSIGNED_CONTEXT ( ( #12109 ) ) GLOBAL_UNIT_ASSIGNED_CONTEXT ( ( #4872, #11756, #5841 ) ) REPRESENTATION_CONTEXT ( 'NONE', 'WORKASPACE' ) );
#5299 = CARTESIAN_POINT ( 'NONE',  ( -0.8189977282522473701, 0.1000000000000000056, -1.416874574924349872 ) ) ;
#5300 = VECTOR ( 'NONE', #5500, 1000.000000000000000 ) ;
#5301 =( GEOMETRIC_REPRESENTATION_CONTEXT ( 3 ) GLOBAL_UNCERTAINTY_ASSIGNED_CONTEXT ( ( #3127 ) ) GLOBAL_UNIT_ASSIGNED_CONTEXT ( ( #8075, #8096, #8278 ) ) REPRESENTATION_CONTEXT ( 'NONE', 'WORKASPACE' ) );
#5302 = VERTEX_POINT ( 'NONE', #6898 ) ;
#5303 = DIRECTION ( 'NONE',  ( 0.0000000000000000000, 0.0000000000000000000, 1.000000000000000000 ) ) ;
#5304 = LINE ( 'NONE', #8029, #4997 ) ;
#5305 = PRESENTATION_STYLE_ASSIGNMENT (( #701 ) ) ;
#5306 = EDGE_LOOP ( 'NONE', ( #6787, #6944, #7090, #7252 ) ) ;
#5307 =( NAMED_UNIT ( * ) SI_UNIT ( $, .STERADIAN. ) SOLID_ANGLE_UNIT ( ) );
#5308 = CARTESIAN_POINT ( 'NONE',  ( 0.4810022717477533405, -0.05000000000000000278, 0.0000000000000000000 ) ) ;
#5309 = DIRECTION ( 'NONE',  ( 0.0000000000000000000, 0.0000000000000000000, -1.000000000000000000 ) ) ;
#5310 = CARTESIAN_POINT ( 'NONE',  ( -1.599999999999999645, 0.0000000000000000000, -0.0000000000000000000 ) ) ;
#5311 = CARTESIAN_POINT ( 'NONE',  ( -1.197916575926319283, 0.0000000000000000000, 0.2000076143446563315 ) ) ;
#5312 = ADVANCED_FACE ( 'NONE', ( #6311 ), #12630, .F. ) ;
#5313 = ORIENTED_EDGE ( 'NONE', *, *, #11014, .F. ) ;
#5314 = AXIS2_PLACEMENT_3D ( 'NONE', #4274, #5103, #152 ) ;
#5315 = PRESENTATION_LAYER_ASSIGNMENT (  '', '', ( #4651 ) ) ;
#5316 =( LENGTH_UNIT ( ) NAMED_UNIT ( * ) SI_UNIT ( .MILLI., .METRE. ) );
#5317 = LINE ( 'NONE', #3904, #2657 ) ;
#5318 = FACE_OUTER_BOUND ( 'NONE', #6102, .T. ) ;
#5319 = DIRECTION ( 'NONE',  ( 0.0000000000000000000, 0.0000000000000000000, 1.000000000000000000 ) ) ;
#5320 = COLOUR_RGB ( '',1.000000000000000000, 1.000000000000000000, 1.000000000000000000 ) ;
#5321 = CARTESIAN_POINT ( 'NONE',  ( 0.0000000000000000000, -0.05000000000000000278, -0.2000076143446563315 ) ) ;
#5322 = STYLED_ITEM ( 'NONE', ( #7078 ), #1564 ) ;
#5323 = AXIS2_PLACEMENT_3D ( 'NONE', #4503, #11372, #5478 ) ;
#5324 =( GEOMETRIC_REPRESENTATION_CONTEXT ( 3 ) GLOBAL_UNCERTAINTY_ASSIGNED_CONTEXT ( ( #3054 ) ) GLOBAL_UNIT_ASSIGNED_CONTEXT ( ( #3159, #3081, #2996 ) ) REPRESENTATION_CONTEXT ( 'NONE', 'WORKASPACE' ) );
#5325 = DIRECTION ( 'NONE',  ( -1.000000000000000000, 0.0000000000000000000, 0.0000000000000000000 ) ) ;
#5326 = ORIENTED_EDGE ( 'NONE', *, *, #1700, .T. ) ;
#5327 = LINE ( 'NONE', #4590, #5014 ) ;
#5328 = ORIENTED_EDGE ( 'NONE', *, *, #2534, .T. ) ;
#5329 = UNCERTAINTY_MEASURE_WITH_UNIT (LENGTH_MEASURE( 1.000000000000000082E-05 ), #2627, 'distance_accuracy_value', 'NONE');
#5330 = PLANE ( 'NONE',  #12098 ) ;
#5331 = CARTESIAN_POINT ( 'NONE',  ( 1.044003024146626046, -0.05000000000000000278, -0.3087081087201543061 ) ) ;
#5332 = DIRECTION ( 'NONE',  ( -0.0000000000000000000, 0.0000000000000000000, 1.000000000000000000 ) ) ;
#5333 = SURFACE_SIDE_STYLE ('',( #10509 ) ) ;
#5334 = CARTESIAN_POINT ( 'NONE',  ( -0.4849999999999994316, -0.05000000000000000278, -1.416874574924349872 ) ) ;
#5335 = EDGE_LOOP ( 'NONE', ( #10628, #7542, #9235, #236 ) ) ;
#5336 = DIRECTION ( 'NONE',  ( 0.0000000000000000000, 0.0000000000000000000, -1.000000000000000000 ) ) ;
#5337 = ORIENTED_EDGE ( 'NONE', *, *, #10444, .T. ) ;
#5338 = PRESENTATION_LAYER_ASSIGNMENT (  '', '', ( #3990 ) ) ;
#5339 = EDGE_CURVE ( 'NONE', #1903, #9693, #5091, .T. ) ;
#5340 = COLOUR_RGB ( '',1.000000000000000000, 1.000000000000000000, 1.000000000000000000 ) ;
#5341 = CARTESIAN_POINT ( 'NONE',  ( 0.4810022717477533405, 0.1000000000000000056, 0.0000000000000000000 ) ) ;
#5342 = CARTESIAN_POINT ( 'NONE',  ( 1.540045451220497963, 0.1000000000000000056, 0.1083811245156857256 ) ) ;
#5343 = PRESENTATION_STYLE_ASSIGNMENT (( #11734 ) ) ;
#5344 = SURFACE_STYLE_USAGE ( .BOTH. , #11220 ) ;
#5345 = PLANE ( 'NONE',  #5451 ) ;
#5346 = EDGE_LOOP ( 'NONE', ( #12492, #11554, #10946, #9850 ) ) ;
#5347 =( GEOMETRIC_REPRESENTATION_CONTEXT ( 3 ) GLOBAL_UNCERTAINTY_ASSIGNED_CONTEXT ( ( #1073 ) ) GLOBAL_UNIT_ASSIGNED_CONTEXT ( ( #4515, #11384, #5486 ) ) REPRESENTATION_CONTEXT ( 'NONE', 'WORKASPACE' ) );
#5348 = SURFACE_STYLE_USAGE ( .BOTH. , #12237 ) ;
#5349 =( LENGTH_UNIT ( ) NAMED_UNIT ( * ) SI_UNIT ( .MILLI., .METRE. ) );
#5350 =( LENGTH_UNIT ( ) NAMED_UNIT ( * ) SI_UNIT ( .MILLI., .METRE. ) );
#5351 = FILL_AREA_STYLE_COLOUR ( '', #899 ) ;
#5352 = ORIENTED_EDGE ( 'NONE', *, *, #12722, .T. ) ;
#5353 = COLOUR_RGB ( '',1.000000000000000000, 1.000000000000000000, 1.000000000000000000 ) ;
#5354 = DIRECTION ( 'NONE',  ( 0.0000000000000000000, 1.000000000000000000, -0.0000000000000000000 ) ) ;
#5355 = VERTEX_POINT ( 'NONE', #4000 ) ;
#5356 = ADVANCED_FACE ( 'NONE', ( #6008 ), #2018, .T. ) ;
#5357 = COLOUR_RGB ( '',1.000000000000000000, 1.000000000000000000, 1.000000000000000000 ) ;
#5358 = MECHANICAL_DESIGN_GEOMETRIC_PRESENTATION_REPRESENTATION (  '', ( #4010 ), #6001 ) ;
#5359 = PLANE ( 'NONE',  #4110 ) ;
#5360 =( NAMED_UNIT ( * ) PLANE_ANGLE_UNIT ( ) SI_UNIT ( $, .RADIAN. ) );
#5361 = MECHANICAL_DESIGN_GEOMETRIC_PRESENTATION_REPRESENTATION (  '', ( #4012 ), #6004 ) ;
#5362 = CARTESIAN_POINT ( 'NONE',  ( 0.0000000000000000000, 0.1000000000000000056, -1.416874574924349872 ) ) ;
#5363 = VECTOR ( 'NONE', #4193, 1000.000000000000000 ) ;
#5364 = ORIENTED_EDGE ( 'NONE', *, *, #1782, .F. ) ;
#5365 = PLANE ( 'NONE',  #3241 ) ;
#5366 = DIRECTION ( 'NONE',  ( 0.0000000000000000000, 0.0000000000000000000, 1.000000000000000000 ) ) ;
#5368 = ADVANCED_FACE ( 'NONE', ( #1512 ), #64, .T. ) ;
#5367 = DIRECTION ( 'NONE',  ( 0.0000000000000000000, 0.0000000000000000000, 1.000000000000000000 ) ) ;
#5369 = SURFACE_STYLE_FILL_AREA ( #7926 ) ;
#5370 = SURFACE_SIDE_STYLE ('',( #6959 ) ) ;
#5371 = PRESENTATION_LAYER_ASSIGNMENT (  '', '', ( #4023 ) ) ;
#5372 = LINE ( 'NONE', #4257, #12597 ) ;
#5373 = DIRECTION ( 'NONE',  ( 0.0000000000000000000, 1.000000000000000000, -0.0000000000000000000 ) ) ;
#5374 = ORIENTED_EDGE ( 'NONE', *, *, #1864, .T. ) ;
#5375 = CARTESIAN_POINT ( 'NONE',  ( 0.1372400328159084637, -0.05000000000000000278, -1.416874574924349872 ) ) ;
#5376 = EDGE_CURVE ( 'NONE', #12369, #5072, #10782, .T. ) ;
#5377 =( GEOMETRIC_REPRESENTATION_CONTEXT ( 3 ) GLOBAL_UNCERTAINTY_ASSIGNED_CONTEXT ( ( #11541 ) ) GLOBAL_UNIT_ASSIGNED_CONTEXT ( ( #3089, #9996, #4103 ) ) REPRESENTATION_CONTEXT ( 'NONE', 'WORKASPACE' ) );
#5378 = CARTESIAN_POINT ( 'NONE',  ( 0.1650000000000009237, 0.1000000000000000056, 1.375493264616636679 ) ) ;
#5379 = CARTESIAN_POINT ( 'NONE',  ( 0.8149999999999995026, 0.1000000000000000056, 1.375493264616636679 ) ) ;
#5380 = COLOUR_RGB ( '',0.2509803921568627416, 0.2509803921568627416, 0.2509803921568627416 ) ;
#5381 = ORIENTED_EDGE ( 'NONE', *, *, #4435, .F. ) ;
#5382 = FACE_OUTER_BOUND ( 'NONE', #6375, .T. ) ;
#5383 = FACE_OUTER_BOUND ( 'NONE', #2993, .T. ) ;
#5384 = SURFACE_SIDE_STYLE ('',( #11686 ) ) ;
#5385 = SURFACE_STYLE_USAGE ( .BOTH. , #11282 ) ;
#5386 = VECTOR ( 'NONE', #2302, 1000.000000000000000 ) ;
#5387 = MECHANICAL_DESIGN_GEOMETRIC_PRESENTATION_REPRESENTATION (  '', ( #3382 ), #6043 ) ;
#5388 =( BOUNDED_CURVE ( )  B_SPLINE_CURVE ( 3, ( #10783, #824, #10881, #10737 ),
 .UNSPECIFIED., .F., .T. ) 
 B_SPLINE_CURVE_WITH_KNOTS ( ( 4, 4 ),
 ( 5.515995204261209928, 7.050375410097962536 ),
 .UNSPECIFIED. ) 
 CURVE ( )  GEOMETRIC_REPRESENTATION_ITEM ( )  RATIONAL_B_SPLINE_CURVE ( ( 1.000000000000000000, 0.8132426008497404268, 0.8132426008497404268, 1.000000000000000000 ) ) 
 REPRESENTATION_ITEM ( '' )  );
#5389 = STYLED_ITEM ( 'NONE', ( #9573 ), #10107 ) ;
#5390 =( GEOMETRIC_REPRESENTATION_CONTEXT ( 3 ) GLOBAL_UNCERTAINTY_ASSIGNED_CONTEXT ( ( #10364 ) ) GLOBAL_UNIT_ASSIGNED_CONTEXT ( ( #6451, #5991, #5027 ) ) REPRESENTATION_CONTEXT ( 'NONE', 'WORKASPACE' ) );
#5391 = CARTESIAN_POINT ( 'NONE',  ( 1.197916575926319283, 0.1000000000000000056, 0.0000000000000000000 ) ) ;
#5392 = EDGE_CURVE ( 'NONE', #12633, #8048, #545, .T. ) ;
#5393 = EDGE_LOOP ( 'NONE', ( #3769, #12290, #6162, #8833 ) ) ;
#5394 = VECTOR ( 'NONE', #1777, 1000.000000000000000 ) ;
#5395 = DIRECTION ( 'NONE',  ( 0.0000000000000000000, 1.000000000000000000, -0.0000000000000000000 ) ) ;
#5396 = MECHANICAL_DESIGN_GEOMETRIC_PRESENTATION_REPRESENTATION (  '', ( #3394 ), #6053 ) ;
#5397 = PRESENTATION_STYLE_ASSIGNMENT (( #10790 ) ) ;
#5398 = MECHANICAL_DESIGN_GEOMETRIC_PRESENTATION_REPRESENTATION (  '', ( #4065 ), #6055 ) ;
#5399 = CIRCLE ( 'NONE', #11748, 0.1000000000000000472 ) ;
#5400 = PLANE ( 'NONE',  #7225 ) ;
#5401 = ORIENTED_EDGE ( 'NONE', *, *, #9476, .F. ) ;
#5402 = UNCERTAINTY_MEASURE_WITH_UNIT (LENGTH_MEASURE( 1.000000000000000082E-05 ), #796, 'distance_accuracy_value', 'NONE');
#5403 = VERTEX_POINT ( 'NONE', #1118 ) ;
#5404 = FILL_AREA_STYLE ('',( #5737 ) ) ;
#5405 =( NAMED_UNIT ( * ) SI_UNIT ( $, .STERADIAN. ) SOLID_ANGLE_UNIT ( ) );
#5406 = FACE_OUTER_BOUND ( 'NONE', #3693, .T. ) ;
#5407 = ORIENTED_EDGE ( 'NONE', *, *, #5532, .F. ) ;
#5408 = CARTESIAN_POINT ( 'NONE',  ( -0.7912377610681550211, 0.1000000000000000056, -1.277681107331943622 ) ) ;
#5409 = ORIENTED_EDGE ( 'NONE', *, *, #12743, .F. ) ;
#5410 = LINE ( 'NONE', #2271, #95 ) ;
#5411 = EDGE_CURVE ( 'NONE', #7674, #1903, #5538, .T. ) ;
#5412 = EDGE_CURVE ( 'NONE', #102, #1288, #8159, .T. ) ;
#5413 = VERTEX_POINT ( 'NONE', #147 ) ;
#5414 = FILL_AREA_STYLE_COLOUR ( '', #2775 ) ;
#5415 = ORIENTED_EDGE ( 'NONE', *, *, #269, .F. ) ;
#5416 = STYLED_ITEM ( 'NONE', ( #11895 ), #8975 ) ;
#5417 = PRESENTATION_STYLE_ASSIGNMENT (( #8445 ) ) ;
#5418 = PRESENTATION_STYLE_ASSIGNMENT (( #2493 ) ) ;
#5419 = ORIENTED_EDGE ( 'NONE', *, *, #8707, .F. ) ;
#5420 = DIRECTION ( 'NONE',  ( -0.0000000000000000000, -0.0000000000000000000, 1.000000000000000000 ) ) ;
#5421 = DIRECTION ( 'NONE',  ( 0.0000000000000000000, 0.0000000000000000000, -1.000000000000000000 ) ) ;
#5422 = LINE ( 'NONE', #9244, #10650 ) ;
#5423 =( LENGTH_UNIT ( ) NAMED_UNIT ( * ) SI_UNIT ( .MILLI., .METRE. ) );
#5424 = CARTESIAN_POINT ( 'NONE',  ( -1.134999999999999787, 0.1000000000000000056, -0.2369407634194544698 ) ) ;
#5425 = VECTOR ( 'NONE', #1002, 1000.000000000000000 ) ;
#5426 = ORIENTED_EDGE ( 'NONE', *, *, #4252, .F. ) ;
#5427 = ADVANCED_FACE ( 'NONE', ( #7846 ), #7111, .T. ) ;
#5428 = COLOUR_RGB ( '',1.000000000000000000, 1.000000000000000000, 1.000000000000000000 ) ;
#5429 = ADVANCED_FACE ( 'NONE', ( #12169 ), #6033, .T. ) ;
#5430 =( GEOMETRIC_REPRESENTATION_CONTEXT ( 3 ) GLOBAL_UNCERTAINTY_ASSIGNED_CONTEXT ( ( #8537 ) ) GLOBAL_UNIT_ASSIGNED_CONTEXT ( ( #6983, #1023, #7974 ) ) REPRESENTATION_CONTEXT ( 'NONE', 'WORKASPACE' ) );
#5431 = VERTEX_POINT ( 'NONE', #8138 ) ;
#5432 = CARTESIAN_POINT ( 'NONE',  ( 0.8149999999999995026, -0.05000000000000000278, 1.649999999999999467 ) ) ;
#5433 = VECTOR ( 'NONE', #6126, 1000.000000000000000 ) ;
#5434 = AXIS2_PLACEMENT_3D ( 'NONE', #5090, #11973, #6074 ) ;
#5435 = CARTESIAN_POINT ( 'NONE',  ( -0.1549999999999993883, 0.1000000000000000056, -0.0000000000000000000 ) ) ;
#5436 = VECTOR ( 'NONE', #11836, 1000.000000000000000 ) ;
#5437 = DIRECTION ( 'NONE',  ( 0.0000000000000000000, 0.0000000000000000000, -1.000000000000000000 ) ) ;
#5438 = CYLINDRICAL_SURFACE ( 'NONE', #9515, 0.03693314907479822162 ) ;
#5439 = FILL_AREA_STYLE ('',( #5414 ) ) ;
#5440 = ORIENTED_EDGE ( 'NONE', *, *, #1574, .T. ) ;
#5441 = ORIENTED_EDGE ( 'NONE', *, *, #8151, .T. ) ;
#5442 = PLANE ( 'NONE',  #6127 ) ;
#5443 = PRODUCT_RELATED_PRODUCT_CATEGORY ( 'part', '', ( #937 ) ) ;
#5444 = MECHANICAL_DESIGN_GEOMETRIC_PRESENTATION_REPRESENTATION (  '', ( #3440 ), #6094 ) ;
#5446 = EDGE_CURVE ( 'NONE', #6460, #5587, #5988, .T. ) ;
#5445 = FILL_AREA_STYLE ('',( #8375 ) ) ;
#5447 =( NAMED_UNIT ( * ) SI_UNIT ( $, .STERADIAN. ) SOLID_ANGLE_UNIT ( ) );
#5448 = EDGE_CURVE ( 'NONE', #10818, #10302, #11230, .T. ) ;
#5449 = DIRECTION ( 'NONE',  ( 0.0000000000000000000, 1.000000000000000000, -0.0000000000000000000 ) ) ;
#5450 = DIRECTION ( 'NONE',  ( 0.0000000000000000000, 0.0000000000000000000, 1.000000000000000000 ) ) ;
#5451 = AXIS2_PLACEMENT_3D ( 'NONE', #3368, #10285, #4401 ) ;
#5452 = PRESENTATION_STYLE_ASSIGNMENT (( #8468 ) ) ;
#5453 = EDGE_CURVE ( 'NONE', #1047, #3599, #699, .T. ) ;
#5454 = EDGE_LOOP ( 'NONE', ( #2324, #11891, #2151, #5690 ) ) ;
#5455 = DIRECTION ( 'NONE',  ( -1.000000000000000000, 0.0000000000000000000, 0.0000000000000000000 ) ) ;
#5456 = DIRECTION ( 'NONE',  ( 0.0000000000000000000, 0.0000000000000000000, -1.000000000000000000 ) ) ;
#5457 = VECTOR ( 'NONE', #6725, 1000.000000000000000 ) ;
#5458 = VECTOR ( 'NONE', #9758, 1000.000000000000000 ) ;
#5459 = UNCERTAINTY_MEASURE_WITH_UNIT (LENGTH_MEASURE( 1.000000000000000082E-05 ), #6149, 'distance_accuracy_value', 'NONE');
#5460 =( NAMED_UNIT ( * ) SI_UNIT ( $, .STERADIAN. ) SOLID_ANGLE_UNIT ( ) );
#5461 = CARTESIAN_POINT ( 'NONE',  ( -1.134999999999999787, 0.0000000000000000000, -1.500000000000000000 ) ) ;
#5462 = PLANE ( 'NONE',  #1668 ) ;
#5463 =( NAMED_UNIT ( * ) SI_UNIT ( $, .STERADIAN. ) SOLID_ANGLE_UNIT ( ) );
#5464 = AXIS2_PLACEMENT_3D ( 'NONE', #5984, #33, #6988 ) ;
#5465 =( GEOMETRIC_REPRESENTATION_CONTEXT ( 3 ) GLOBAL_UNCERTAINTY_ASSIGNED_CONTEXT ( ( #10987 ) ) GLOBAL_UNIT_ASSIGNED_CONTEXT ( ( #7299, #11685, #3798 ) ) REPRESENTATION_CONTEXT ( 'NONE', 'WORKASPACE' ) );
#5466 = EDGE_CURVE ( 'NONE', #5833, #11812, #8306, .T. ) ;
#5467 = CIRCLE ( 'NONE', #7244, 0.05593526370766899181 ) ;
#5468 =( GEOMETRIC_REPRESENTATION_CONTEXT ( 3 ) GLOBAL_UNCERTAINTY_ASSIGNED_CONTEXT ( ( #11301 ) ) GLOBAL_UNIT_ASSIGNED_CONTEXT ( ( #8342, #2413, #9327 ) ) REPRESENTATION_CONTEXT ( 'NONE', 'WORKASPACE' ) );
#5469 = VECTOR ( 'NONE', #12054, 1000.000000000000000 ) ;
#5470 = DIRECTION ( 'NONE',  ( 0.0000000000000000000, 0.0000000000000000000, -1.000000000000000000 ) ) ;
#5471 =( NAMED_UNIT ( * ) PLANE_ANGLE_UNIT ( ) SI_UNIT ( $, .RADIAN. ) );
#5472 = EDGE_CURVE ( 'NONE', #9404, #8814, #3350, .T. ) ;
#5473 = SURFACE_STYLE_USAGE ( .BOTH. , #11369 ) ;
#5474 = EDGE_LOOP ( 'NONE', ( #7904, #7101, #88, #5440 ) ) ;
#5475 = UNCERTAINTY_MEASURE_WITH_UNIT (LENGTH_MEASURE( 1.000000000000000082E-05 ), #6582, 'distance_accuracy_value', 'NONE');
#5476 = DIRECTION ( 'NONE',  ( -0.0000000000000000000, 0.0000000000000000000, 1.000000000000000000 ) ) ;
#5477 = ORIENTED_EDGE ( 'NONE', *, *, #5339, .F. ) ;
#5478 = DIRECTION ( 'NONE',  ( -0.0000000000000000000, 0.0000000000000000000, 1.000000000000000000 ) ) ;
#5479 = ORIENTED_EDGE ( 'NONE', *, *, #11569, .F. ) ;
#5480 = MECHANICAL_DESIGN_GEOMETRIC_PRESENTATION_REPRESENTATION (  '', ( #2793 ), #6125 ) ;
#5481 = ORIENTED_EDGE ( 'NONE', *, *, #1253, .T. ) ;
#5482 = STYLED_ITEM ( 'NONE', ( #12039 ), #4089 ) ;
#5483 = LINE ( 'NONE', #5995, #167 ) ;
#5484 = EDGE_CURVE ( 'NONE', #4189, #2909, #3029, .T. ) ;
#5485 = VERTEX_POINT ( 'NONE', #10217 ) ;
#5487 = ADVANCED_FACE ( 'NONE', ( #8005 ), #12197, .F. ) ;
#5486 =( NAMED_UNIT ( * ) SI_UNIT ( $, .STERADIAN. ) SOLID_ANGLE_UNIT ( ) );
#5488 = AXIS2_PLACEMENT_3D ( 'NONE', #2044, #8946, #3013 ) ;
#5489 = CARTESIAN_POINT ( 'NONE',  ( 0.0000000000000000000, 0.1000000000000000056, 0.0000000000000000000 ) ) ;
#5490 = ORIENTED_EDGE ( 'NONE', *, *, #2534, .F. ) ;
#5491 = CARTESIAN_POINT ( 'NONE',  ( 1.197916575926319283, -0.05000000000000000278, 0.0000000000000000000 ) ) ;
#5492 = VECTOR ( 'NONE', #11520, 1000.000000000000000 ) ;
#5493 =( NAMED_UNIT ( * ) SI_UNIT ( $, .STERADIAN. ) SOLID_ANGLE_UNIT ( ) );
#5494 = ORIENTED_EDGE ( 'NONE', *, *, #4234, .T. ) ;
#5495 = EDGE_CURVE ( 'NONE', #7402, #10647, #68, .T. ) ;
#5496 = STYLED_ITEM ( 'NONE', ( #12482 ), #4332 ) ;
#5497 =( NAMED_UNIT ( * ) SI_UNIT ( $, .STERADIAN. ) SOLID_ANGLE_UNIT ( ) );
#5498 = FILL_AREA_STYLE_COLOUR ( '', #11498 ) ;
#5499 = DIRECTION ( 'NONE',  ( 1.000000000000000000, -0.0000000000000000000, 0.0000000000000000000 ) ) ;
#5500 = DIRECTION ( 'NONE',  ( -1.000000000000000000, 0.0000000000000000000, 0.0000000000000000000 ) ) ;
#5501 = ORIENTED_EDGE ( 'NONE', *, *, #1661, .F. ) ;
#5502 = DIRECTION ( 'NONE',  ( 0.0000000000000000000, 0.0000000000000000000, 1.000000000000000000 ) ) ;
#5503 = LINE ( 'NONE', #10767, #2838 ) ;
#5504 = VECTOR ( 'NONE', #4079, 1000.000000000000000 ) ;
#5505 = CARTESIAN_POINT ( 'NONE',  ( 0.8149999999999995026, 0.0000000000000000000, 1.500000000000000000 ) ) ;
#5506 = SURFACE_SIDE_STYLE ('',( #12509 ) ) ;
#5507 = COLOUR_RGB ( '',1.000000000000000000, 1.000000000000000000, 1.000000000000000000 ) ;
#5508 = DIRECTION ( 'NONE',  ( 0.0000000000000000000, -1.000000000000000000, 0.0000000000000000000 ) ) ;
#5509 = ORIENTED_EDGE ( 'NONE', *, *, #8906, .T. ) ;
#5510 = CIRCLE ( 'NONE', #11849, 0.02617424799283601944 ) ;
#5511 = FILL_AREA_STYLE_COLOUR ( '', #5357 ) ;
#5512 = FILL_AREA_STYLE_COLOUR ( '', #11858 ) ;
#5513 = PRESENTATION_LAYER_ASSIGNMENT (  '', '', ( #4860 ) ) ;
#5514 = EDGE_CURVE ( 'NONE', #487, #6632, #12000, .T. ) ;
#5515 = EDGE_CURVE ( 'NONE', #10861, #6704, #9372, .T. ) ;
#5516 = DIRECTION ( 'NONE',  ( 1.000000000000000000, 0.0000000000000000000, 0.0000000000000000000 ) ) ;
#5517 = ORIENTED_EDGE ( 'NONE', *, *, #11549, .F. ) ;
#5518 = VERTEX_POINT ( 'NONE', #4410 ) ;
#5519 = CARTESIAN_POINT ( 'NONE',  ( 0.7660883464570584778, 0.1000000000000000056, 1.276162611327208651 ) ) ;
#5520 = FILL_AREA_STYLE ('',( #2526 ) ) ;
#5521 = VECTOR ( 'NONE', #2443, 1000.000000000000000 ) ;
#5522 = SURFACE_SIDE_STYLE ('',( #3361 ) ) ;
#5523 = FILL_AREA_STYLE_COLOUR ( '', #4170 ) ;
#5524 = LINE ( 'NONE', #10950, #6440 ) ;
#5525 =( GEOMETRIC_REPRESENTATION_CONTEXT ( 3 ) GLOBAL_UNCERTAINTY_ASSIGNED_CONTEXT ( ( #11684 ) ) GLOBAL_UNIT_ASSIGNED_CONTEXT ( ( #5906, #3120, #3307 ) ) REPRESENTATION_CONTEXT ( 'NONE', 'WORKASPACE' ) );
#5526 =( NAMED_UNIT ( * ) PLANE_ANGLE_UNIT ( ) SI_UNIT ( $, .RADIAN. ) );
#5527 = LINE ( 'NONE', #2760, #10463 ) ;
#5528 = CARTESIAN_POINT ( 'NONE',  ( 1.044003024146626046, -0.05000000000000000278, -0.3087081087201543061 ) ) ;
#5529 =( NAMED_UNIT ( * ) PLANE_ANGLE_UNIT ( ) SI_UNIT ( $, .RADIAN. ) );
#5530 = PRESENTATION_STYLE_ASSIGNMENT (( #3331 ) ) ;
#5531 = ORIENTED_EDGE ( 'NONE', *, *, #8388, .F. ) ;
#5532 = EDGE_CURVE ( 'NONE', #7416, #11941, #9056, .T. ) ;
#5533 = VECTOR ( 'NONE', #1422, 1000.000000000000000 ) ;
#5534 = PRESENTATION_LAYER_ASSIGNMENT (  '', '', ( #4886 ) ) ;
#5535 = VECTOR ( 'NONE', #3691, 1000.000000000000000 ) ;
#5536 = PLANE ( 'NONE',  #5874 ) ;
#5537 = LINE ( 'NONE', #4514, #10473 ) ;
#5538 = LINE ( 'NONE', #11028, #234 ) ;
#5539 = DIRECTION ( 'NONE',  ( 0.0000000000000000000, 0.0000000000000000000, 1.000000000000000000 ) ) ;
#5540 = UNCERTAINTY_MEASURE_WITH_UNIT (LENGTH_MEASURE( 1.000000000000000082E-05 ), #10863, 'distance_accuracy_value', 'NONE');
#5541 = VERTEX_POINT ( 'NONE', #11284 ) ;
#5542 = FACE_OUTER_BOUND ( 'NONE', #541, .T. ) ;
#5543 = ORIENTED_EDGE ( 'NONE', *, *, #300, .F. ) ;
#5544 = CIRCLE ( 'NONE', #4176, 0.03338112451568553407 ) ;
#5545 = ORIENTED_EDGE ( 'NONE', *, *, #1866, .F. ) ;
#5546 = LINE ( 'NONE', #8679, #8163 ) ;
#5547 =( NAMED_UNIT ( * ) PLANE_ANGLE_UNIT ( ) SI_UNIT ( $, .RADIAN. ) );
#5548 = ORIENTED_EDGE ( 'NONE', *, *, #6837, .F. ) ;
#5549 = CARTESIAN_POINT ( 'NONE',  ( 1.197916575926319283, -0.05000000000000000278, -0.2000076143446563315 ) ) ;
#5550 = FILL_AREA_STYLE ('',( #3550 ) ) ;
#5551 = LINE ( 'NONE', #8643, #10791 ) ;
#5552 = MECHANICAL_DESIGN_GEOMETRIC_PRESENTATION_REPRESENTATION (  '', ( #4230 ), #6209 ) ;
#5553 = CYLINDRICAL_SURFACE ( 'NONE', #12188, 0.05920802862897456276 ) ;
#5554 = AXIS2_PLACEMENT_3D ( 'NONE', #5321, #12202, #6279 ) ;
#5555 = STYLED_ITEM ( 'NONE', ( #1711 ), #3639 ) ;
#5556 = FILL_AREA_STYLE ('',( #10462 ) ) ;
#5557 = EDGE_CURVE ( 'NONE', #706, #274, #4134, .T. ) ;
#5558 = ORIENTED_EDGE ( 'NONE', *, *, #6229, .T. ) ;
#5559 = ORIENTED_EDGE ( 'NONE', *, *, #6743, .F. ) ;
#5560 = LINE ( 'NONE', #4749, #582 ) ;
#5561 = LINE ( 'NONE', #5145, #9560 ) ;
#5562 = ORIENTED_EDGE ( 'NONE', *, *, #1866, .T. ) ;
#5563 = COLOUR_RGB ( '',1.000000000000000000, 1.000000000000000000, 1.000000000000000000 ) ;
#5564 = ORIENTED_EDGE ( 'NONE', *, *, #8498, .T. ) ;
#5565 =( GEOMETRIC_REPRESENTATION_CONTEXT ( 3 ) GLOBAL_UNCERTAINTY_ASSIGNED_CONTEXT ( ( #8225 ) ) GLOBAL_UNIT_ASSIGNED_CONTEXT ( ( #478, #7419, #1497 ) ) REPRESENTATION_CONTEXT ( 'NONE', 'WORKASPACE' ) );
#5566 = SURFACE_STYLE_USAGE ( .BOTH. , #12548 ) ;
#5567 = COLOUR_RGB ( '',1.000000000000000000, 1.000000000000000000, 1.000000000000000000 ) ;
#5568 = ORIENTED_EDGE ( 'NONE', *, *, #3458, .F. ) ;
#5569 = CARTESIAN_POINT ( 'NONE',  ( 0.1650000000000009237, -0.05000000000000000278, -0.0000000000000000000 ) ) ;
#5570 = ORIENTED_EDGE ( 'NONE', *, *, #8106, .F. ) ;
#5571 = DIRECTION ( 'NONE',  ( 1.000000000000000000, -0.0000000000000000000, 0.0000000000000000000 ) ) ;
#5572 = SURFACE_STYLE_FILL_AREA ( #12260 ) ;
#5573 = LINE ( 'NONE', #2321, #8189 ) ;
#5574 = VERTEX_POINT ( 'NONE', #8358 ) ;
#5575 = VERTEX_POINT ( 'NONE', #9341 ) ;
#5576 = STYLED_ITEM ( 'NONE', ( #8292 ), #10706 ) ;
#5577 = EDGE_CURVE ( 'NONE', #3628, #7523, #8762, .T. ) ;
#5578 = DIRECTION ( 'NONE',  ( 1.000000000000000000, 0.0000000000000000000, 0.0000000000000000000 ) ) ;
#5579 = EDGE_CURVE ( 'NONE', #4800, #10470, #11389, .T. ) ;
#5580 = VECTOR ( 'NONE', #6774, 1000.000000000000000 ) ;
#5581 = CARTESIAN_POINT ( 'NONE',  ( 0.4810022717477533405, -0.05000000000000000278, -1.277681107331943622 ) ) ;
#5582 = ORIENTED_EDGE ( 'NONE', *, *, #4435, .T. ) ;
#5583 =( LENGTH_UNIT ( ) NAMED_UNIT ( * ) SI_UNIT ( .MILLI., .METRE. ) );
#5584 = MECHANICAL_DESIGN_GEOMETRIC_PRESENTATION_REPRESENTATION (  '', ( #3583 ), #6236 ) ;
#5585 = CARTESIAN_POINT ( 'NONE',  ( 0.7912377610681550211, -0.05000000000000000278, -1.416874574924349872 ) ) ;
#5586 = VECTOR ( 'NONE', #7472, 1000.000000000000000 ) ;
#5587 = VERTEX_POINT ( 'NONE', #12326 ) ;
#5588 = VECTOR ( 'NONE', #3488, 1000.000000000000000 ) ;
#5589 = VECTOR ( 'NONE', #6910, 1000.000000000000000 ) ;
#5590 = DIRECTION ( 'NONE',  ( 0.0000000000000000000, 0.0000000000000000000, -1.000000000000000000 ) ) ;
#5591 = DIRECTION ( 'NONE',  ( 0.0000000000000000000, 1.000000000000000000, 0.0000000000000000000 ) ) ;
#5592 = ORIENTED_EDGE ( 'NONE', *, *, #7424, .T. ) ;
#5593 = ORIENTED_EDGE ( 'NONE', *, *, #4965, .T. ) ;
#5594 =( NAMED_UNIT ( * ) SI_UNIT ( $, .STERADIAN. ) SOLID_ANGLE_UNIT ( ) );
#5595 = DIRECTION ( 'NONE',  ( 0.0000000000000000000, 0.0000000000000000000, -1.000000000000000000 ) ) ;
#5596 = VECTOR ( 'NONE', #12365, 1000.000000000000000 ) ;
#5597 = PRESENTATION_LAYER_ASSIGNMENT (  '', '', ( #4939 ) ) ;
#5598 =( NAMED_UNIT ( * ) SI_UNIT ( $, .STERADIAN. ) SOLID_ANGLE_UNIT ( ) );
#5599 =( GEOMETRIC_REPRESENTATION_CONTEXT ( 3 ) GLOBAL_UNCERTAINTY_ASSIGNED_CONTEXT ( ( #3072 ) ) GLOBAL_UNIT_ASSIGNED_CONTEXT ( ( #589, #7529, #1610 ) ) REPRESENTATION_CONTEXT ( 'NONE', 'WORKASPACE' ) );
#5600 = SURFACE_STYLE_FILL_AREA ( #2215 ) ;
#5601 = CARTESIAN_POINT ( 'NONE',  ( 1.134999999999999787, 0.1000000000000000056, 0.0000000000000000000 ) ) ;
#5602 = VERTEX_POINT ( 'NONE', #6411 ) ;
#5603 = ORIENTED_EDGE ( 'NONE', *, *, #6709, .F. ) ;
#5604 = LINE ( 'NONE', #8367, #7918 ) ;
#5605 = SURFACE_STYLE_FILL_AREA ( #12572 ) ;
#5606 = CARTESIAN_POINT ( 'NONE',  ( 0.1090647362923319458, -0.05000000000000000278, 1.375493264616636457 ) ) ;
#5607 = PRESENTATION_LAYER_ASSIGNMENT (  '', '', ( #4953 ) ) ;
#5608 = SURFACE_SIDE_STYLE ('',( #7512 ) ) ;
#5609 = SURFACE_SIDE_STYLE ('',( #11108 ) ) ;
#5611 = EDGE_CURVE ( 'NONE', #9195, #8059, #1164, .T. ) ;
#5610 =( NAMED_UNIT ( * ) PLANE_ANGLE_UNIT ( ) SI_UNIT ( $, .RADIAN. ) );
#5612 = ADVANCED_FACE ( 'NONE', ( #11682 ), #2476, .T. ) ;
#5613 = EDGE_CURVE ( 'NONE', #6621, #2240, #10139, .T. ) ;
#5614 = DIRECTION ( 'NONE',  ( 0.0000000000000000000, 0.0000000000000000000, -1.000000000000000000 ) ) ;
#5615 =( GEOMETRIC_REPRESENTATION_CONTEXT ( 3 ) GLOBAL_UNCERTAINTY_ASSIGNED_CONTEXT ( ( #1974 ) ) GLOBAL_UNIT_ASSIGNED_CONTEXT ( ( #1852, #8764, #2825 ) ) REPRESENTATION_CONTEXT ( 'NONE', 'WORKASPACE' ) );
#5616 = UNCERTAINTY_MEASURE_WITH_UNIT (LENGTH_MEASURE( 1.000000000000000082E-05 ), #7762, 'distance_accuracy_value', 'NONE');
#5617 = PRESENTATION_STYLE_ASSIGNMENT (( #7681 ) ) ;
#5618 = VERTEX_POINT ( 'NONE', #3505 ) ;
#5619 = VECTOR ( 'NONE', #6533, 999.9999999999998863 ) ;
#5620 = ORIENTED_EDGE ( 'NONE', *, *, #2054, .F. ) ;
#5621 = SURFACE_STYLE_USAGE ( .BOTH. , #5659 ) ;
#5622 = CARTESIAN_POINT ( 'NONE',  ( 1.650000000000000355, -0.05000000000000000278, -0.07500000000000017764 ) ) ;
#5623 = ORIENTED_EDGE ( 'NONE', *, *, #7476, .T. ) ;
#5624 = CARTESIAN_POINT ( 'NONE',  ( 0.08991409846422389329, -0.05000000000000000278, 1.276162611327208873 ) ) ;
#5625 = CYLINDRICAL_SURFACE ( 'NONE', #5314, 0.1441859702731563275 ) ;
#5626 = PRESENTATION_LAYER_ASSIGNMENT (  '', '', ( #4983 ) ) ;
#5627 = CARTESIAN_POINT ( 'NONE',  ( 1.507075080061872185, -0.05000000000000000278, -0.1031605786060936225 ) ) ;
#5628 = MECHANICAL_DESIGN_GEOMETRIC_PRESENTATION_REPRESENTATION (  '', ( #4313 ), #6272 ) ;
#5629 = ORIENTED_EDGE ( 'NONE', *, *, #10738, .F. ) ;
#5630 = EDGE_CURVE ( 'NONE', #8022, #10951, #12764, .T. ) ;
#5631 = UNCERTAINTY_MEASURE_WITH_UNIT (LENGTH_MEASURE( 1.000000000000000082E-05 ), #7996, 'distance_accuracy_value', 'NONE');
#5632 = PRESENTATION_LAYER_ASSIGNMENT (  '', '', ( #3630 ) ) ;
#5633 =( NAMED_UNIT ( * ) PLANE_ANGLE_UNIT ( ) SI_UNIT ( $, .RADIAN. ) );
#5634 = DIRECTION ( 'NONE',  ( 0.0000000000000000000, 1.000000000000000000, 0.0000000000000000000 ) ) ;
#5635 = EDGE_CURVE ( 'NONE', #2471, #2467, #4917, .T. ) ;
#5636 = ORIENTED_EDGE ( 'NONE', *, *, #9967, .F. ) ;
#5637 = LINE ( 'NONE', #8353, #7956 ) ;
#5638 = DIRECTION ( 'NONE',  ( 0.0000000000000000000, -1.000000000000000000, 0.0000000000000000000 ) ) ;
#5639 = LINE ( 'NONE', #489, #336 ) ;
#5640 = CARTESIAN_POINT ( 'NONE',  ( -0.1549999999999993883, -0.05000000000000000278, 1.375493264616636679 ) ) ;
#5641 = ORIENTED_EDGE ( 'NONE', *, *, #4567, .T. ) ;
#5642 = DIRECTION ( 'NONE',  ( -1.000000000000000000, 0.0000000000000000000, 0.0000000000000000000 ) ) ;
#5643 = PLANE ( 'NONE',  #8665 ) ;
#5644 = VERTEX_POINT ( 'NONE', #8482 ) ;
#5645 = LINE ( 'NONE', #10944, #3942 ) ;
#5646 = DIRECTION ( 'NONE',  ( -1.000000000000000000, 0.0000000000000000000, 0.0000000000000000000 ) ) ;
#5647 = EDGE_CURVE ( 'NONE', #871, #2522, #7219, .T. ) ;
#5648 = DIRECTION ( 'NONE',  ( 1.000000000000000000, -0.0000000000000000000, 0.0000000000000000000 ) ) ;
#5649 = DIRECTION ( 'NONE',  ( 0.0000000000000000000, 0.0000000000000000000, -1.000000000000000000 ) ) ;
#5650 =( NAMED_UNIT ( * ) PLANE_ANGLE_UNIT ( ) SI_UNIT ( $, .RADIAN. ) );
#5651 = PLANE ( 'NONE',  #6406 ) ;
#5652 = STYLED_ITEM ( 'NONE', ( #442 ), #8821 ) ;
#5653 = PRESENTATION_STYLE_ASSIGNMENT (( #7496 ) ) ;
#5654 = SURFACE_STYLE_USAGE ( .BOTH. , #11552 ) ;
#5655 = VECTOR ( 'NONE', #8109, 1000.000000000000000 ) ;
#5656 = VERTEX_POINT ( 'NONE', #9469 ) ;
#5657 = PRESENTATION_STYLE_ASSIGNMENT (( #10637 ) ) ;
#5658 = ORIENTED_EDGE ( 'NONE', *, *, #10744, .T. ) ;
#5659 = SURFACE_SIDE_STYLE ('',( #6658 ) ) ;
#5660 = COLOUR_RGB ( '',0.7921568627450980005, 0.8196078431372548767, 0.9333333333333333481 ) ;
#5661 = MECHANICAL_DESIGN_GEOMETRIC_PRESENTATION_REPRESENTATION (  '', ( #3653 ), #6320 ) ;
#5662 = STYLED_ITEM ( 'NONE', ( #1670 ), #4601 ) ;
#5663 =( NAMED_UNIT ( * ) PLANE_ANGLE_UNIT ( ) SI_UNIT ( $, .RADIAN. ) );
#5664 = EDGE_LOOP ( 'NONE', ( #6633, #7133, #7791, #2486 ) ) ;
#5665 = ADVANCED_FACE ( 'NONE', ( #2267 ), #11464, .T. ) ;
#5666 =( NAMED_UNIT ( * ) SI_UNIT ( $, .STERADIAN. ) SOLID_ANGLE_UNIT ( ) );
#5667 = SURFACE_STYLE_FILL_AREA ( #7622 ) ;
#5668 = DIRECTION ( 'NONE',  ( -0.0000000000000000000, 0.0000000000000000000, 1.000000000000000000 ) ) ;
#5669 = SURFACE_STYLE_FILL_AREA ( #2889 ) ;
#5670 = DIRECTION ( 'NONE',  ( 0.0000000000000000000, 1.000000000000000000, 0.0000000000000000000 ) ) ;
#5671 = ORIENTED_EDGE ( 'NONE', *, *, #313, .T. ) ;
#5672 = PRESENTATION_STYLE_ASSIGNMENT (( #11190 ) ) ;
#5674 = ORIENTED_EDGE ( 'NONE', *, *, #9643, .F. ) ;
#5673 =( GEOMETRIC_REPRESENTATION_CONTEXT ( 3 ) GLOBAL_UNCERTAINTY_ASSIGNED_CONTEXT ( ( #4750 ) ) GLOBAL_UNIT_ASSIGNED_CONTEXT ( ( #73, #7038, #1086 ) ) REPRESENTATION_CONTEXT ( 'NONE', 'WORKASPACE' ) );
#5675 = DIRECTION ( 'NONE',  ( 0.0000000000000000000, 0.0000000000000000000, -1.000000000000000000 ) ) ;
#5676 =( NAMED_UNIT ( * ) PLANE_ANGLE_UNIT ( ) SI_UNIT ( $, .RADIAN. ) );
#5677 = PRESENTATION_LAYER_ASSIGNMENT (  '', '', ( #5039 ) ) ;
#5678 = EDGE_CURVE ( 'NONE', #8549, #2484, #6282, .T. ) ;
#5679 = EDGE_CURVE ( 'NONE', #2830, #5618, #3648, .T. ) ;
#5680 = VECTOR ( 'NONE', #12752, 1000.000000000000000 ) ;
#5681 = UNCERTAINTY_MEASURE_WITH_UNIT (LENGTH_MEASURE( 1.000000000000000082E-05 ), #10575, 'distance_accuracy_value', 'NONE');
#5682 = SURFACE_STYLE_FILL_AREA ( #612 ) ;
#5683 = VECTOR ( 'NONE', #294, 1000.000000000000000 ) ;
#5684 = CARTESIAN_POINT ( 'NONE',  ( -0.1689977282522470148, 0.1000000000000000056, -1.199999999999999289 ) ) ;
#5685 = ORIENTED_EDGE ( 'NONE', *, *, #12756, .F. ) ;
#5686 =( NAMED_UNIT ( * ) SI_UNIT ( $, .STERADIAN. ) SOLID_ANGLE_UNIT ( ) );
#5687 = ORIENTED_EDGE ( 'NONE', *, *, #12084, .F. ) ;
#5688 = DIRECTION ( 'NONE',  ( 0.0000000000000000000, 0.0000000000000000000, 1.000000000000000000 ) ) ;
#5689 = SURFACE_SIDE_STYLE ('',( #2120 ) ) ;
#5690 = ORIENTED_EDGE ( 'NONE', *, *, #9643, .T. ) ;
#5691 = CARTESIAN_POINT ( 'NONE',  ( 1.455814029726843373, 0.1499999999999999944, 1.500000000000000000 ) ) ;
#5692 = ORIENTED_EDGE ( 'NONE', *, *, #602, .T. ) ;
#5693 = DIRECTION ( 'NONE',  ( 0.0000000000000000000, 0.0000000000000000000, 1.000000000000000000 ) ) ;
#5694 = LINE ( 'NONE', #12726, #10942 ) ;
#5695 = VECTOR ( 'NONE', #9392, 1000.000000000000000 ) ;
#5696 = LINE ( 'NONE', #1359, #8015 ) ;
#5697 = DIRECTION ( 'NONE',  ( 0.0000000000000000000, 0.0000000000000000000, -1.000000000000000000 ) ) ;
#5698 = UNCERTAINTY_MEASURE_WITH_UNIT (LENGTH_MEASURE( 1.000000000000000082E-05 ), #1626, 'distance_accuracy_value', 'NONE');
#5699 = AXIS2_PLACEMENT_3D ( 'NONE', #1997, #4742, #3720 ) ;
#5700 = FILL_AREA_STYLE ('',( #5783 ) ) ;
#5701 = ORIENTED_EDGE ( 'NONE', *, *, #3784, .F. ) ;
#5702 = EDGE_CURVE ( 'NONE', #6782, #8923, #1003, .T. ) ;
#5703 = ORIENTED_EDGE ( 'NONE', *, *, #8754, .T. ) ;
#5704 = ORIENTED_EDGE ( 'NONE', *, *, #5202, .F. ) ;
#5705 =( NAMED_UNIT ( * ) SI_UNIT ( $, .STERADIAN. ) SOLID_ANGLE_UNIT ( ) );
#5706 =( GEOMETRIC_REPRESENTATION_CONTEXT ( 3 ) GLOBAL_UNCERTAINTY_ASSIGNED_CONTEXT ( ( #4451 ) ) GLOBAL_UNIT_ASSIGNED_CONTEXT ( ( #4116, #11018, #5130 ) ) REPRESENTATION_CONTEXT ( 'NONE', 'WORKASPACE' ) );
#5707 = ORIENTED_EDGE ( 'NONE', *, *, #12646, .F. ) ;
#5708 = CARTESIAN_POINT ( 'NONE',  ( 1.257124604555293956, 0.1000000000000000056, -0.1031605786060936225 ) ) ;
#5709 = CARTESIAN_POINT ( 'NONE',  ( 0.7590647362923303998, 0.1000000000000000056, 1.375493264616636457 ) ) ;
#5710 = EDGE_LOOP ( 'NONE', ( #12328, #12375, #9704, #6770 ) ) ;
#5711 = CARTESIAN_POINT ( 'NONE',  ( -1.306924195961969293, 0.6192045966337609286, -1.206924195961969426 ) ) ;
#5712 = SURFACE_STYLE_FILL_AREA ( #7465 ) ;
#5713 = LINE ( 'NONE', #2446, #423 ) ;
#5715 = ORIENTED_EDGE ( 'NONE', *, *, #2939, .T. ) ;
#5714 = CARTESIAN_POINT ( 'NONE',  ( 1.171933149074798175, -0.05000000000000000278, -0.2000076143446563315 ) ) ;
#5716 = MECHANICAL_DESIGN_GEOMETRIC_PRESENTATION_REPRESENTATION (  '', ( #4414 ), #6376 ) ;
#5717 = AXIS2_PLACEMENT_3D ( 'NONE', #121, #70, #42 ) ;
#5718 = LINE ( 'NONE', #2962, #10969 ) ;
#5719 = DIRECTION ( 'NONE',  ( 0.0000000000000000000, 1.000000000000000000, -0.0000000000000000000 ) ) ;
#5720 = DIRECTION ( 'NONE',  ( -0.0000000000000000000, 0.0000000000000000000, 1.000000000000000000 ) ) ;
#5721 = FILL_AREA_STYLE_COLOUR ( '', #10396 ) ;
#5722 = DIRECTION ( 'NONE',  ( 0.0000000000000000000, 0.0000000000000000000, 1.000000000000000000 ) ) ;
#5723 = FACE_OUTER_BOUND ( 'NONE', #1818, .T. ) ;
#5724 = STYLED_ITEM ( 'NONE', ( #8288 ), #8522 ) ;
#5725 = SURFACE_STYLE_USAGE ( .BOTH. , #808 ) ;
#5726 = ORIENTED_EDGE ( 'NONE', *, *, #6893, .T. ) ;
#5727 = VECTOR ( 'NONE', #1424, 1000.000000000000000 ) ;
#5728 = VECTOR ( 'NONE', #2160, 1000.000000000000000 ) ;
#5729 = ORIENTED_EDGE ( 'NONE', *, *, #11674, .F. ) ;
#5730 = SURFACE_STYLE_FILL_AREA ( #12064 ) ;
#5731 = VERTEX_POINT ( 'NONE', #8567 ) ;
#5732 = CARTESIAN_POINT ( 'NONE',  ( 1.134999999999999787, 0.0000000000000000000, -1.199999999999999289 ) ) ;
#5733 =( NAMED_UNIT ( * ) SI_UNIT ( $, .STERADIAN. ) SOLID_ANGLE_UNIT ( ) );
#5734 = DIRECTION ( 'NONE',  ( 0.0000000000000000000, 1.000000000000000000, -0.0000000000000000000 ) ) ;
#5735 = VECTOR ( 'NONE', #7612, 1000.000000000000000 ) ;
#5736 = CARTESIAN_POINT ( 'NONE',  ( 0.1650000000000009237, -0.05000000000000000278, 0.0000000000000000000 ) ) ;
#5737 = FILL_AREA_STYLE_COLOUR ( '', #1468 ) ;
#5738 = DIRECTION ( 'NONE',  ( 0.0000000000000000000, 0.0000000000000000000, -1.000000000000000000 ) ) ;
#5739 =( NAMED_UNIT ( * ) SI_UNIT ( $, .STERADIAN. ) SOLID_ANGLE_UNIT ( ) );
#5740 = MECHANICAL_DESIGN_GEOMETRIC_PRESENTATION_REPRESENTATION (  '', ( #4434 ), #6393 ) ;
#5741 = EDGE_CURVE ( 'NONE', #9933, #5248, #10924, .T. ) ;
#5742 = LINE ( 'NONE', #2787, #448 ) ;
#5743 = AXIS2_PLACEMENT_3D ( 'NONE', #11632, #5734, #12615 ) ;
#5744 = ORIENTED_EDGE ( 'NONE', *, *, #4033, .F. ) ;
#5745 = VECTOR ( 'NONE', #2568, 1000.000000000000000 ) ;
#5746 = VERTEX_POINT ( 'NONE', #9556 ) ;
#5747 = FILL_AREA_STYLE ('',( #9361 ) ) ;
#5748 = DIRECTION ( 'NONE',  ( 0.0000000000000000000, -1.000000000000000000, 0.0000000000000000000 ) ) ;
#5749 = AXIS2_PLACEMENT_3D ( 'NONE', #815, #7759, #1832 ) ;
#5750 = DIRECTION ( 'NONE',  ( 0.1874275599918963364, 0.9642312064598242971, 0.1874275599918963642 ) ) ;
#5751 =( NAMED_UNIT ( * ) SI_UNIT ( $, .STERADIAN. ) SOLID_ANGLE_UNIT ( ) );
#5752 = VECTOR ( 'NONE', #11557, 1000.000000000000000 ) ;
#5753 =( NAMED_UNIT ( * ) SI_UNIT ( $, .STERADIAN. ) SOLID_ANGLE_UNIT ( ) );
#5754 = CARTESIAN_POINT ( 'NONE',  ( -1.499999999999999778, 0.1499999999999999944, 1.399999999999999911 ) ) ;
#5755 = EDGE_LOOP ( 'NONE', ( #1158, #1101, #809, #674 ) ) ;
#5756 = SURFACE_STYLE_FILL_AREA ( #7483 ) ;
#5757 = ORIENTED_EDGE ( 'NONE', *, *, #7351, .F. ) ;
#5758 = AXIS2_PLACEMENT_3D ( 'NONE', #10140, #4251, #11144 ) ;
#5759 = CYLINDRICAL_SURFACE ( 'NONE', #9683, 0.03338112451568553407 ) ;
#5760 = MECHANICAL_DESIGN_GEOMETRIC_PRESENTATION_REPRESENTATION (  '', ( #4455 ), #6416 ) ;
#5761 = FILL_AREA_STYLE ('',( #9671 ) ) ;
#5762 = CIRCLE ( 'NONE', #6761, 0.1000000000000000749 ) ;
#5763 = CARTESIAN_POINT ( 'NONE',  ( 1.134999999999999787, 0.1000000000000000056, -1.277681107331943622 ) ) ;
#5764 = FILL_AREA_STYLE_COLOUR ( '', #3489 ) ;
#5765 = DIRECTION ( 'NONE',  ( 0.0000000000000000000, -1.000000000000000000, 0.0000000000000000000 ) ) ;
#5766 = CARTESIAN_POINT ( 'NONE',  ( 0.8189977282522473701, -0.05000000000000000278, 0.0000000000000000000 ) ) ;
#5767 =( LENGTH_UNIT ( ) NAMED_UNIT ( * ) SI_UNIT ( .MILLI., .METRE. ) );
#5768 = MECHANICAL_DESIGN_GEOMETRIC_PRESENTATION_REPRESENTATION (  '', ( #3773 ), #6425 ) ;
#5769 = UNCERTAINTY_MEASURE_WITH_UNIT (LENGTH_MEASURE( 1.000000000000000082E-05 ), #12536, 'distance_accuracy_value', 'NONE');
#5770 = CARTESIAN_POINT ( 'NONE',  ( -1.291219160478732864, 0.6999999999999998446, -1.191219160478732997 ) ) ;
#5771 = CARTESIAN_POINT ( 'NONE',  ( 1.134999999999999787, 0.0000000000000000000, -1.500000000000000000 ) ) ;
#5772 = ORIENTED_EDGE ( 'NONE', *, *, #7372, .F. ) ;
#5773 =( LENGTH_UNIT ( ) NAMED_UNIT ( * ) SI_UNIT ( .MILLI., .METRE. ) );
#5774 = PLANE ( 'NONE',  #8414 ) ;
#5775 = MECHANICAL_DESIGN_GEOMETRIC_PRESENTATION_REPRESENTATION (  '', ( #4473 ), #6430 ) ;
#5776 =( NAMED_UNIT ( * ) PLANE_ANGLE_UNIT ( ) SI_UNIT ( $, .RADIAN. ) );
#5777 = EDGE_CURVE ( 'NONE', #9404, #6427, #5974, .T. ) ;
#5778 = CARTESIAN_POINT ( 'NONE',  ( -0.7912377610681550211, 0.1000000000000000056, -1.416874574924349872 ) ) ;
#5779 = ORIENTED_EDGE ( 'NONE', *, *, #7334, .F. ) ;
#5780 = AXIS2_PLACEMENT_3D ( 'NONE', #8283, #2369, #9278 ) ;
#5781 = COLOUR_RGB ( '',1.000000000000000000, 1.000000000000000000, 1.000000000000000000 ) ;
#5782 = CARTESIAN_POINT ( 'NONE',  ( 1.042656287931754022, 0.1000000000000000056, -0.3999999999999976907 ) ) ;
#5783 = FILL_AREA_STYLE_COLOUR ( '', #8979 ) ;
#5784 = ORIENTED_EDGE ( 'NONE', *, *, #482, .F. ) ;
#5785 = ADVANCED_FACE ( 'NONE', ( #11219 ), #6613, .T. ) ;
#5786 = UNCERTAINTY_MEASURE_WITH_UNIT (LENGTH_MEASURE( 1.000000000000000082E-05 ), #1809, 'distance_accuracy_value', 'NONE');
#5787 =( NAMED_UNIT ( * ) SI_UNIT ( $, .STERADIAN. ) SOLID_ANGLE_UNIT ( ) );
#5788 = CIRCLE ( 'NONE', #2845, 0.09130182425276713032 ) ;
#5789 = DIRECTION ( 'NONE',  ( 0.0000000000000000000, 0.0000000000000000000, 1.000000000000000000 ) ) ;
#5790 = CARTESIAN_POINT ( 'NONE',  ( 0.1650000000000009237, -0.05000000000000000278, -1.416874574924349872 ) ) ;
#5791 = ORIENTED_EDGE ( 'NONE', *, *, #3226, .T. ) ;
#5792 = SURFACE_SIDE_STYLE ('',( #2270 ) ) ;
#5793 =( GEOMETRIC_REPRESENTATION_CONTEXT ( 3 ) GLOBAL_UNCERTAINTY_ASSIGNED_CONTEXT ( ( #9794 ) ) GLOBAL_UNIT_ASSIGNED_CONTEXT ( ( #11226, #12631, #7947 ) ) REPRESENTATION_CONTEXT ( 'NONE', 'WORKASPACE' ) );
#5794 = PLANE ( 'NONE',  #7600 ) ;
#5795 = MECHANICAL_DESIGN_GEOMETRIC_PRESENTATION_REPRESENTATION (  '', ( #3114 ), #6443 ) ;
#5796 = PRESENTATION_LAYER_ASSIGNMENT (  '', '', ( #3115 ) ) ;
#5797 = EDGE_CURVE ( 'NONE', #5403, #12357, #2110, .T. ) ;
#5798 = DIRECTION ( 'NONE',  ( 0.0000000000000000000, 0.0000000000000000000, 1.000000000000000000 ) ) ;
#5799 = ADVANCED_FACE ( 'NONE', ( #7056 ), #7653, .T. ) ;
#5800 = DIRECTION ( 'NONE',  ( 0.0000000000000000000, 0.0000000000000000000, -1.000000000000000000 ) ) ;
#5801 = SURFACE_SIDE_STYLE ('',( #689 ) ) ;
#5802 = ORIENTED_EDGE ( 'NONE', *, *, #9763, .F. ) ;
#5803 = LINE ( 'NONE', #10724, #503 ) ;
#5804 = FILL_AREA_STYLE_COLOUR ( '', #4865 ) ;
#5805 = CARTESIAN_POINT ( 'NONE',  ( -0.1412377610681545548, 0.0000000000000000000, -1.277681107331943622 ) ) ;
#5806 = LINE ( 'NONE', #6309, #10739 ) ;
#5807 = FILL_AREA_STYLE_COLOUR ( '', #6587 ) ;
#5808 = SURFACE_STYLE_USAGE ( .BOTH. , #11855 ) ;
#5809 = AXIS2_PLACEMENT_3D ( 'NONE', #1616, #8535, #12496 ) ;
#5810 = EDGE_CURVE ( 'NONE', #11711, #12559, #8748, .T. ) ;
#5811 = SURFACE_SIDE_STYLE ('',( #4443 ) ) ;
#5812 = EDGE_CURVE ( 'NONE', #11545, #8678, #6124, .T. ) ;
#5813 = CARTESIAN_POINT ( 'NONE',  ( 1.134999999999998010, 0.1000000000000000056, -0.3161628721251190655 ) ) ;
#5814 = ORIENTED_EDGE ( 'NONE', *, *, #8249, .F. ) ;
#5815 = FILL_AREA_STYLE_COLOUR ( '', #926 ) ;
#5816 =( NAMED_UNIT ( * ) PLANE_ANGLE_UNIT ( ) SI_UNIT ( $, .RADIAN. ) );
#5817 = PRESENTATION_LAYER_ASSIGNMENT (  '', '', ( #4526 ) ) ;
#5818 = VECTOR ( 'NONE', #1066, 1000.000000000000000 ) ;
#5819 = DIRECTION ( 'NONE',  ( -0.0000000000000000000, -1.000000000000000000, -0.0000000000000000000 ) ) ;
#5820 = VERTEX_POINT ( 'NONE', #11656 ) ;
#5821 = SURFACE_SIDE_STYLE ('',( #6401 ) ) ;
#5822 = CYLINDRICAL_SURFACE ( 'NONE', #4146, 0.02617424799283601944 ) ;
#5823 = FILL_AREA_STYLE_COLOUR ( '', #10858 ) ;
#5824 = MECHANICAL_DESIGN_GEOMETRIC_PRESENTATION_REPRESENTATION (  '', ( #3155 ), #6490 ) ;
#5825 = FACE_OUTER_BOUND ( 'NONE', #9108, .T. ) ;
#5826 = FILL_AREA_STYLE_COLOUR ( '', #7582 ) ;
#5827 = CARTESIAN_POINT ( 'NONE',  ( 0.0000000000000000000, 0.0000000000000000000, -0.1031605786060936225 ) ) ;
#5828 = DIRECTION ( 'NONE',  ( 0.0000000000000000000, 0.0000000000000000000, 1.000000000000000000 ) ) ;
#5829 = LINE ( 'NONE', #9641, #3180 ) ;
#5830 = ORIENTED_EDGE ( 'NONE', *, *, #12250, .F. ) ;
#5831 =( NAMED_UNIT ( * ) SI_UNIT ( $, .STERADIAN. ) SOLID_ANGLE_UNIT ( ) );
#5832 = LINE ( 'NONE', #6258, #10777 ) ;
#5833 = VERTEX_POINT ( 'NONE', #1766 ) ;
#5834 = CIRCLE ( 'NONE', #1754, 0.03338112451568553407 ) ;
#5835 = UNCERTAINTY_MEASURE_WITH_UNIT (LENGTH_MEASURE( 1.000000000000000082E-05 ), #1084, 'distance_accuracy_value', 'NONE');
#5836 = PLANE ( 'NONE',  #133 ) ;
#5837 = FILL_AREA_STYLE_COLOUR ( '', #6900 ) ;
#5838 = LINE ( 'NONE', #10400, #10781 ) ;
#5839 = ORIENTED_EDGE ( 'NONE', *, *, #6109, .T. ) ;
#5840 = ADVANCED_FACE ( 'NONE', ( #11373 ), #4905, .T. ) ;
#5841 =( NAMED_UNIT ( * ) SI_UNIT ( $, .STERADIAN. ) SOLID_ANGLE_UNIT ( ) );
#5842 =( NAMED_UNIT ( * ) SI_UNIT ( $, .STERADIAN. ) SOLID_ANGLE_UNIT ( ) );
#5843 = VERTEX_POINT ( 'NONE', #4826 ) ;
#5844 = EDGE_CURVE ( 'NONE', #2290, #11409, #7517, .T. ) ;
#5845 = ORIENTED_EDGE ( 'NONE', *, *, #4717, .T. ) ;
#5846 = ORIENTED_EDGE ( 'NONE', *, *, #768, .T. ) ;
#5847 = EDGE_CURVE ( 'NONE', #12025, #1906, #10132, .T. ) ;
#5848 = DIRECTION ( 'NONE',  ( 0.0000000000000000000, 0.0000000000000000000, 1.000000000000000000 ) ) ;
#5849 =( GEOMETRIC_REPRESENTATION_CONTEXT ( 3 ) GLOBAL_UNCERTAINTY_ASSIGNED_CONTEXT ( ( #8869 ) ) GLOBAL_UNIT_ASSIGNED_CONTEXT ( ( #8561, #2640, #9542 ) ) REPRESENTATION_CONTEXT ( 'NONE', 'WORKASPACE' ) );
#5850 = DIRECTION ( 'NONE',  ( 0.0000000000000000000, 1.000000000000000000, 0.0000000000000000000 ) ) ;
#5851 = EDGE_CURVE ( 'NONE', #5028, #761, #12456, .T. ) ;
#5852 = DIRECTION ( 'NONE',  ( -0.0000000000000000000, 0.0000000000000000000, 1.000000000000000000 ) ) ;
#5853 = PRESENTATION_STYLE_ASSIGNMENT (( #5280 ) ) ;
#5854 = FILL_AREA_STYLE_COLOUR ( '', #12625 ) ;
#5855 = UNCERTAINTY_MEASURE_WITH_UNIT (LENGTH_MEASURE( 1.000000000000000082E-05 ), #8361, 'distance_accuracy_value', 'NONE');
#5856 = CARTESIAN_POINT ( 'NONE',  ( -0.4949999999999992184, 0.0000000000000000000, 1.500000000000000000 ) ) ;
#5857 = DIRECTION ( 'NONE',  ( 0.0000000000000000000, -1.000000000000000000, 0.0000000000000000000 ) ) ;
#5858 = ORIENTED_EDGE ( 'NONE', *, *, #2564, .T. ) ;
#5859 = FILL_AREA_STYLE_COLOUR ( '', #8003 ) ;
#5860 = FACE_OUTER_BOUND ( 'NONE', #6421, .T. ) ;
#5861 = COLOUR_RGB ( '',1.000000000000000000, 1.000000000000000000, 1.000000000000000000 ) ;
#5862 = VECTOR ( 'NONE', #3209, 1000.000000000000000 ) ;
#5863 = EDGE_LOOP ( 'NONE', ( #5629, #10416, #7800, #7172 ) ) ;
#5864 = DIRECTION ( 'NONE',  ( 0.0000000000000000000, 0.0000000000000000000, 1.000000000000000000 ) ) ;
#5865 = LINE ( 'NONE', #11313, #8492 ) ;
#5866 = AXIS2_PLACEMENT_3D ( 'NONE', #9601, #9633, #10546 ) ;
#5867 = AXIS2_PLACEMENT_3D ( 'NONE', #11259, #5373, #12266 ) ;
#5868 =( GEOMETRIC_REPRESENTATION_CONTEXT ( 3 ) GLOBAL_UNCERTAINTY_ASSIGNED_CONTEXT ( ( #4104 ) ) GLOBAL_UNIT_ASSIGNED_CONTEXT ( ( #3969, #3223, #7716 ) ) REPRESENTATION_CONTEXT ( 'NONE', 'WORKASPACE' ) );
#5869 = EDGE_CURVE ( 'NONE', #394, #10933, #2561, .T. ) ;
#5870 = ORIENTED_EDGE ( 'NONE', *, *, #7123, .F. ) ;
#5871 = SURFACE_STYLE_FILL_AREA ( #4408 ) ;
#5872 = PLANE ( 'NONE',  #6857 ) ;
#5873 = PRESENTATION_STYLE_ASSIGNMENT (( #3830 ) ) ;
#5874 = AXIS2_PLACEMENT_3D ( 'NONE', #9502, #3584, #10497 ) ;
#5875 = ORIENTED_EDGE ( 'NONE', *, *, #6342, .T. ) ;
#5876 = CIRCLE ( 'NONE', #6377, 0.03338112451568553407 ) ;
#5877 =( NAMED_UNIT ( * ) SI_UNIT ( $, .STERADIAN. ) SOLID_ANGLE_UNIT ( ) );
#5878 = PRESENTATION_STYLE_ASSIGNMENT (( #6608 ) ) ;
#5879 = ORIENTED_EDGE ( 'NONE', *, *, #6974, .T. ) ;
#5880 = EDGE_CURVE ( 'NONE', #10420, #10470, #9815, .T. ) ;
#5882 = ADVANCED_FACE ( 'NONE', ( #12142 ), #893, .T. ) ;
#5881 =( LENGTH_UNIT ( ) NAMED_UNIT ( * ) SI_UNIT ( .MILLI., .METRE. ) );
#5883 = DIRECTION ( 'NONE',  ( 0.0000000000000000000, 1.000000000000000000, -0.0000000000000000000 ) ) ;
#5884 = COLOUR_RGB ( '',1.000000000000000000, 1.000000000000000000, 1.000000000000000000 ) ;
#5885 = VECTOR ( 'NONE', #1792, 1000.000000000000000 ) ;
#5886 = PRESENTATION_STYLE_ASSIGNMENT (( #8996 ) ) ;
#5887 = CIRCLE ( 'NONE', #11816, 0.02617424799283601944 ) ;
#5888 =( GEOMETRIC_REPRESENTATION_CONTEXT ( 3 ) GLOBAL_UNCERTAINTY_ASSIGNED_CONTEXT ( ( #6964 ) ) GLOBAL_UNIT_ASSIGNED_CONTEXT ( ( #7307, #7094, #6560 ) ) REPRESENTATION_CONTEXT ( 'NONE', 'WORKASPACE' ) );
#5889 = VECTOR ( 'NONE', #3790, 1000.000000000000000 ) ;
#5890 = VECTOR ( 'NONE', #11781, 1000.000000000000000 ) ;
#5891 = DIRECTION ( 'NONE',  ( 1.000000000000000000, 0.0000000000000000000, 0.0000000000000000000 ) ) ;
#5892 = VERTEX_POINT ( 'NONE', #11751 ) ;
#5893 = ORIENTED_EDGE ( 'NONE', *, *, #11762, .T. ) ;
#5894 = DIRECTION ( 'NONE',  ( 1.000000000000000000, -0.0000000000000000000, 0.0000000000000000000 ) ) ;
#5895 = EDGE_CURVE ( 'NONE', #1364, #8549, #8594, .T. ) ;
#5896 = SURFACE_STYLE_USAGE ( .BOTH. , #11796 ) ;
#5897 = DIRECTION ( 'NONE',  ( 0.0000000000000000000, 0.0000000000000000000, 1.000000000000000000 ) ) ;
#5898 = VECTOR ( 'NONE', #4483, 1000.000000000000000 ) ;
#5899 =( NAMED_UNIT ( * ) SI_UNIT ( $, .STERADIAN. ) SOLID_ANGLE_UNIT ( ) );
#5900 = VERTEX_POINT ( 'NONE', #1948 ) ;
#5901 = STYLED_ITEM ( 'NONE', ( #1861 ), #8708 ) ;
#5902 = DIRECTION ( 'NONE',  ( 0.0000000000000000000, 1.000000000000000000, 0.0000000000000000000 ) ) ;
#5903 = LINE ( 'NONE', #1706, #2989 ) ;
#5904 = FILL_AREA_STYLE ('',( #4920 ) ) ;
#5905 = CARTESIAN_POINT ( 'NONE',  ( -0.1060883464570583357, 0.1000000000000000056, 1.276162611327208651 ) ) ;
#5906 =( LENGTH_UNIT ( ) NAMED_UNIT ( * ) SI_UNIT ( .MILLI., .METRE. ) );
#5907 = DIRECTION ( 'NONE',  ( 0.0000000000000000000, -1.000000000000000000, 0.0000000000000000000 ) ) ;
#5908 = DIRECTION ( 'NONE',  ( -0.0000000000000000000, 0.0000000000000000000, -1.000000000000000000 ) ) ;
#5909 = SURFACE_STYLE_FILL_AREA ( #5042 ) ;
#5910 = COLOUR_RGB ( '',1.000000000000000000, 1.000000000000000000, 1.000000000000000000 ) ;
#5911 = EDGE_CURVE ( 'NONE', #11862, #4703, #11210, .T. ) ;
#5912 = MECHANICAL_DESIGN_GEOMETRIC_PRESENTATION_REPRESENTATION (  '', ( #4610 ), #6558 ) ;
#5913 = SURFACE_SIDE_STYLE ('',( #570 ) ) ;
#5914 = CARTESIAN_POINT ( 'NONE',  ( -1.171933149074797953, 0.1000000000000000056, -0.2369407634194545809 ) ) ;
#5915 = ORIENTED_EDGE ( 'NONE', *, *, #1213, .T. ) ;
#5916 = PRESENTATION_STYLE_ASSIGNMENT (( #6050 ) ) ;
#5917 = SURFACE_SIDE_STYLE ('',( #10698 ) ) ;
#5918 = SURFACE_SIDE_STYLE ('',( #7081 ) ) ;
#5919 =( LENGTH_UNIT ( ) NAMED_UNIT ( * ) SI_UNIT ( .MILLI., .METRE. ) );
#5920 = CARTESIAN_POINT ( 'NONE',  ( 0.0000000000000000000, 0.1000000000000000056, -1.277681107331943622 ) ) ;
#5921 =( LENGTH_UNIT ( ) NAMED_UNIT ( * ) SI_UNIT ( .MILLI., .METRE. ) );
#5922 = ORIENTED_EDGE ( 'NONE', *, *, #6129, .T. ) ;
#5923 = EDGE_LOOP ( 'NONE', ( #10337, #4292, #8565, #9690 ) ) ;
#5924 = AXIS2_PLACEMENT_3D ( 'NONE', #7860, #1934, #8851 ) ;
#5925 = CARTESIAN_POINT ( 'NONE',  ( 1.401837281655233136, 0.1499999999999999944, 1.399999999999999911 ) ) ;
#5926 =( GEOMETRIC_REPRESENTATION_CONTEXT ( 3 ) GLOBAL_UNCERTAINTY_ASSIGNED_CONTEXT ( ( #1159 ) ) GLOBAL_UNIT_ASSIGNED_CONTEXT ( ( #10626, #4744, #11616 ) ) REPRESENTATION_CONTEXT ( 'NONE', 'WORKASPACE' ) );
#5927 = EDGE_CURVE ( 'NONE', #6460, #4238, #10911, .T. ) ;
#5928 = EDGE_CURVE ( 'NONE', #1038, #571, #3330, .T. ) ;
#5929 = FACE_OUTER_BOUND ( 'NONE', #4500, .T. ) ;
#5930 = CARTESIAN_POINT ( 'NONE',  ( 1.134999999999999787, 0.1000000000000000056, 0.0000000000000000000 ) ) ;
#5931 = VERTEX_POINT ( 'NONE', #4955 ) ;
#5932 = CARTESIAN_POINT ( 'NONE',  ( -0.8189977282522473701, 0.1000000000000000056, 0.0000000000000000000 ) ) ;
#5933 = MANIFOLD_SOLID_BREP ( 'Boss-Extrude3[3]', #6206 ) ;
#5934 = CARTESIAN_POINT ( 'NONE',  ( -1.540045451220498407, 0.1000000000000000056, 0.07500000000000017764 ) ) ;
#5935 = ORIENTED_EDGE ( 'NONE', *, *, #2180, .F. ) ;
#5936 = CARTESIAN_POINT ( 'NONE',  ( 0.4949999999999992184, -0.05000000000000000278, 1.375493264616636679 ) ) ;
#5937 = STYLED_ITEM ( 'NONE', ( #10977 ), #772 ) ;
#5938 = ADVANCED_FACE ( 'NONE', ( #10595 ), #9835, .T. ) ;
#5939 = DIRECTION ( 'NONE',  ( 0.0000000000000000000, 1.000000000000000000, -0.0000000000000000000 ) ) ;
#5940 = EDGE_LOOP ( 'NONE', ( #131, #10007, #4966, #3306 ) ) ;
#5941 = LINE ( 'NONE', #2387, #2981 ) ;
#5942 = DIRECTION ( 'NONE',  ( 0.0000000000000000000, -1.000000000000000000, 0.0000000000000000000 ) ) ;
#5943 = DIRECTION ( 'NONE',  ( 0.0000000000000000000, 0.0000000000000000000, 1.000000000000000000 ) ) ;
#5944 = PLANE ( 'NONE',  #2623 ) ;
#5945 = MECHANICAL_DESIGN_GEOMETRIC_PRESENTATION_REPRESENTATION (  '', ( #4643 ), #6590 ) ;
#5946 =( NAMED_UNIT ( * ) PLANE_ANGLE_UNIT ( ) SI_UNIT ( $, .RADIAN. ) );
#5947 = ORIENTED_EDGE ( 'NONE', *, *, #7900, .F. ) ;
#5948 = FILL_AREA_STYLE_COLOUR ( '', #9054 ) ;
#5949 = UNCERTAINTY_MEASURE_WITH_UNIT (LENGTH_MEASURE( 1.000000000000000082E-05 ), #12287, 'distance_accuracy_value', 'NONE');
#5950 = MECHANICAL_DESIGN_GEOMETRIC_PRESENTATION_REPRESENTATION (  '', ( #4651 ), #6595 ) ;
#5951 = ORIENTED_EDGE ( 'NONE', *, *, #4347, .T. ) ;
#5952 = DIRECTION ( 'NONE',  ( 0.0000000000000000000, -1.000000000000000000, 0.0000000000000000000 ) ) ;
#5953 = CARTESIAN_POINT ( 'NONE',  ( 1.599999999999999645, 0.1499999999999999944, -1.355814029726843728 ) ) ;
#5954 = VECTOR ( 'NONE', #11183, 1000.000000000000000 ) ;
#5955 = DIRECTION ( 'NONE',  ( -1.000000000000000000, 0.0000000000000000000, 0.0000000000000000000 ) ) ;
#5956 = CARTESIAN_POINT ( 'NONE',  ( -0.5439116535429402433, 0.1000000000000000056, 1.276162611327208651 ) ) ;
#5957 = AXIS2_PLACEMENT_3D ( 'NONE', #6301, #3745, #5990 ) ;
#5958 = DIRECTION ( 'NONE',  ( 0.0000000000000000000, 0.0000000000000000000, -1.000000000000000000 ) ) ;
#5959 = CARTESIAN_POINT ( 'NONE',  ( 1.650000000000000355, -0.05000000000000000278, -0.07500000000000017764 ) ) ;
#5960 = PRESENTATION_LAYER_ASSIGNMENT (  '', '', ( #6612 ) ) ;
#5961 = VERTEX_POINT ( 'NONE', #9263 ) ;
#5962 = VECTOR ( 'NONE', #1739, 1000.000000000000000 ) ;
#5963 = DIRECTION ( 'NONE',  ( 0.0000000000000000000, 0.0000000000000000000, -1.000000000000000000 ) ) ;
#5964 = STYLED_ITEM ( 'NONE', ( #4469 ), #8330 ) ;
#5965 = VECTOR ( 'NONE', #10860, 1000.000000000000000 ) ;
#5966 =( LENGTH_UNIT ( ) NAMED_UNIT ( * ) SI_UNIT ( .MILLI., .METRE. ) );
#5967 = DIRECTION ( 'NONE',  ( 1.000000000000000000, -0.0000000000000000000, 0.0000000000000000000 ) ) ;
#5968 = CARTESIAN_POINT ( 'NONE',  ( 1.540045451220497963, -0.05000000000000000278, 0.1083811245156857256 ) ) ;
#5969 = CARTESIAN_POINT ( 'NONE',  ( 0.7660883464570584778, 0.1000000000000000056, 1.276162611327208651 ) ) ;
#5970 = ORIENTED_EDGE ( 'NONE', *, *, #10901, .F. ) ;
#5971 = VERTEX_POINT ( 'NONE', #8271 ) ;
#5972 = FILL_AREA_STYLE ('',( #5010 ) ) ;
#5973 = LINE ( 'NONE', #8727, #8603 ) ;
#5974 = LINE ( 'NONE', #11530, #690 ) ;
#5975 = MECHANICAL_DESIGN_GEOMETRIC_PRESENTATION_REPRESENTATION (  '', ( #3990 ), #6635 ) ;
#5976 = EDGE_CURVE ( 'NONE', #5149, #12093, #1141, .T. ) ;
#5977 = ADVANCED_FACE ( 'NONE', ( #8737 ), #4374, .T. ) ;
#5978 = SURFACE_SIDE_STYLE ('',( #1619 ) ) ;
#5979 = DIRECTION ( 'NONE',  ( -2.189696164768673130E-14, 0.0000000000000000000, 1.000000000000000000 ) ) ;
#5980 = CARTESIAN_POINT ( 'NONE',  ( -1.171933149074798175, 0.1000000000000000056, -0.2000076143446563315 ) ) ;
#5981 = CARTESIAN_POINT ( 'NONE',  ( 0.0000000000000000000, 0.0000000000000000000, 0.2000076143446563315 ) ) ;
#5982 = DIRECTION ( 'NONE',  ( 0.0000000000000000000, 0.0000000000000000000, 1.000000000000000000 ) ) ;
#5983 = SURFACE_STYLE_FILL_AREA ( #9159 ) ;
#5984 = CARTESIAN_POINT ( 'NONE',  ( 0.0000000000000000000, -0.05000000000000000278, -0.1031605786060936225 ) ) ;
#5985 = PRESENTATION_LAYER_ASSIGNMENT (  '', '', ( #6643 ) ) ;
#5986 = ORIENTED_EDGE ( 'NONE', *, *, #2118, .T. ) ;
#5987 = CARTESIAN_POINT ( 'NONE',  ( 0.7912377610681550211, 0.0000000000000000000, -0.0000000000000000000 ) ) ;
#5988 = LINE ( 'NONE', #2261, #8614 ) ;
#5989 = DIRECTION ( 'NONE',  ( -1.000000000000000000, 0.0000000000000000000, 0.0000000000000000000 ) ) ;
#5990 = DIRECTION ( 'NONE',  ( 0.0000000000000000000, 0.0000000000000000000, 1.000000000000000000 ) ) ;
#5991 =( NAMED_UNIT ( * ) PLANE_ANGLE_UNIT ( ) SI_UNIT ( $, .RADIAN. ) );
#5992 = VERTEX_POINT ( 'NONE', #11238 ) ;
#5993 = ORIENTED_EDGE ( 'NONE', *, *, #1661, .T. ) ;
#5995 = CARTESIAN_POINT ( 'NONE',  ( -1.599999999999999645, 0.1499999999999999944, -1.355814029726843728 ) ) ;
#5994 = VECTOR ( 'NONE', #10990, 1000.000000000000000 ) ;
#5996 = ADVANCED_FACE ( 'NONE', ( #5201 ), #5359, .T. ) ;
#5997 =( LENGTH_UNIT ( ) NAMED_UNIT ( * ) SI_UNIT ( .MILLI., .METRE. ) );
#5998 = ORIENTED_EDGE ( 'NONE', *, *, #10779, .F. ) ;
#5999 = PRESENTATION_STYLE_ASSIGNMENT (( #5348 ) ) ;
#6000 = VECTOR ( 'NONE', #12475, 1000.000000000000000 ) ;
#6002 = ORIENTED_EDGE ( 'NONE', *, *, #9892, .T. ) ;
#6001 =( GEOMETRIC_REPRESENTATION_CONTEXT ( 3 ) GLOBAL_UNCERTAINTY_ASSIGNED_CONTEXT ( ( #8918 ) ) GLOBAL_UNIT_ASSIGNED_CONTEXT ( ( #4029, #10931, #5044 ) ) REPRESENTATION_CONTEXT ( 'NONE', 'WORKASPACE' ) );
#6003 = ORIENTED_EDGE ( 'NONE', *, *, #7900, .T. ) ;
#6004 =( GEOMETRIC_REPRESENTATION_CONTEXT ( 3 ) GLOBAL_UNCERTAINTY_ASSIGNED_CONTEXT ( ( #2139 ) ) GLOBAL_UNIT_ASSIGNED_CONTEXT ( ( #11845, #5946, #12841 ) ) REPRESENTATION_CONTEXT ( 'NONE', 'WORKASPACE' ) );
#6005 = CARTESIAN_POINT ( 'NONE',  ( 0.0000000000000000000, -0.05000000000000000278, -1.277681107331943622 ) ) ;
#6006 = UNCERTAINTY_MEASURE_WITH_UNIT (LENGTH_MEASURE( 1.000000000000000082E-05 ), #4138, 'distance_accuracy_value', 'NONE');
#6007 = SURFACE_STYLE_FILL_AREA ( #3295 ) ;
#6008 = FACE_OUTER_BOUND ( 'NONE', #6859, .T. ) ;
#6009 = ORIENTED_EDGE ( 'NONE', *, *, #12756, .T. ) ;
#6010 = PRESENTATION_STYLE_ASSIGNMENT (( #9209 ) ) ;
#6011 = DIRECTION ( 'NONE',  ( 0.0000000000000000000, 1.000000000000000000, 0.0000000000000000000 ) ) ;
#6012 = EDGE_LOOP ( 'NONE', ( #6153, #6003, #12247, #9812 ) ) ;
#6013 = SURFACE_STYLE_FILL_AREA ( #6710 ) ;
#6014 = ORIENTED_EDGE ( 'NONE', *, *, #8985, .T. ) ;
#6015 = SURFACE_STYLE_USAGE ( .BOTH. , #11921 ) ;
#6016 = MECHANICAL_DESIGN_GEOMETRIC_PRESENTATION_REPRESENTATION (  '', ( #4023 ), #6664 ) ;
#6017 = COLOUR_RGB ( '',1.000000000000000000, 1.000000000000000000, 1.000000000000000000 ) ;
#6018 = CARTESIAN_POINT ( 'NONE',  ( 0.0000000000000000000, -0.05000000000000000278, -1.199999999999999289 ) ) ;
#6019 =( NAMED_UNIT ( * ) SI_UNIT ( $, .STERADIAN. ) SOLID_ANGLE_UNIT ( ) );
#6020 = COLOUR_RGB ( '',1.000000000000000000, 1.000000000000000000, 1.000000000000000000 ) ;
#6021 = SURFACE_STYLE_USAGE ( .BOTH. , #7180 ) ;
#6022 = PRESENTATION_STYLE_ASSIGNMENT (( #12411 ) ) ;
#6023 = SURFACE_STYLE_USAGE ( .BOTH. , #11925 ) ;
#6024 = UNCERTAINTY_MEASURE_WITH_UNIT (LENGTH_MEASURE( 1.000000000000000082E-05 ), #12776, 'distance_accuracy_value', 'NONE');
#6025 = DIRECTION ( 'NONE',  ( 0.0000000000000000000, -1.000000000000000000, 0.0000000000000000000 ) ) ;
#6026 = FACE_OUTER_BOUND ( 'NONE', #12462, .T. ) ;
#6027 = EDGE_CURVE ( 'NONE', #9831, #3354, #6887, .T. ) ;
#6028 = CIRCLE ( 'NONE', #9067, 0.02617424799283601944 ) ;
#6029 = PRESENTATION_STYLE_ASSIGNMENT (( #12561 ) ) ;
#6030 = ORIENTED_EDGE ( 'NONE', *, *, #3937, .T. ) ;
#6031 = CARTESIAN_POINT ( 'NONE',  ( 0.4810022717477533405, -0.05000000000000000278, 0.0000000000000000000 ) ) ;
#6032 = EDGE_LOOP ( 'NONE', ( #1693, #1550, #1375, #1206, #1062, #890, #752, #275, #12528, #12073, #11761, #11142 ) ) ;
#6033 = PLANE ( 'NONE',  #12382 ) ;
#6034 = CARTESIAN_POINT ( 'NONE',  ( 1.134999999999999787, 0.0000000000000000000, -1.277681107331943622 ) ) ;
#6035 = ADVANCED_FACE ( 'NONE', ( #1627 ), #7408, .T. ) ;
#6036 = SURFACE_STYLE_FILL_AREA ( #4682 ) ;
#6037 = CARTESIAN_POINT ( 'NONE',  ( 0.0000000000000000000, 0.0000000000000000000, -1.277681107331943622 ) ) ;
#6038 = LINE ( 'NONE', #1490, #5727 ) ;
#6039 = CARTESIAN_POINT ( 'NONE',  ( 1.134999999999999787, -0.05000000000000000278, 0.2369407634194544698 ) ) ;
#6040 = VECTOR ( 'NONE', #9138, 1000.000000000000000 ) ;
#6041 = EDGE_LOOP ( 'NONE', ( #8418, #11177, #2829, #11784 ) ) ;
#6042 = CARTESIAN_POINT ( 'NONE',  ( -0.5127599671840918916, 0.0000000000000000000, -1.416874574924349872 ) ) ;
#6043 =( GEOMETRIC_REPRESENTATION_CONTEXT ( 3 ) GLOBAL_UNCERTAINTY_ASSIGNED_CONTEXT ( ( #3870 ) ) GLOBAL_UNIT_ASSIGNED_CONTEXT ( ( #1263, #2454, #1469 ) ) REPRESENTATION_CONTEXT ( 'NONE', 'WORKASPACE' ) );
#6044 = CARTESIAN_POINT ( 'NONE',  ( 1.459764889246169650, 0.1499999999999999944, 1.399999999999999911 ) ) ;
#6045 = AXIS2_PLACEMENT_3D ( 'NONE', #4887, #11771, #5864 ) ;
#6046 = DIRECTION ( 'NONE',  ( 0.0000000000000000000, -1.000000000000000000, 0.0000000000000000000 ) ) ;
#6047 = EDGE_CURVE ( 'NONE', #4774, #2157, #8269, .T. ) ;
#6048 = SURFACE_STYLE_FILL_AREA ( #663 ) ;
#6049 = FILL_AREA_STYLE ('',( #2028 ) ) ;
#6050 = SURFACE_STYLE_USAGE ( .BOTH. , #11947 ) ;
#6051 = SURFACE_SIDE_STYLE ('',( #3568 ) ) ;
#6052 = SURFACE_STYLE_FILL_AREA ( #6312 ) ;
#6053 =( GEOMETRIC_REPRESENTATION_CONTEXT ( 3 ) GLOBAL_UNCERTAINTY_ASSIGNED_CONTEXT ( ( #9568 ) ) GLOBAL_UNIT_ASSIGNED_CONTEXT ( ( #11662, #4874, #11907 ) ) REPRESENTATION_CONTEXT ( 'NONE', 'WORKASPACE' ) );
#6054 = SURFACE_STYLE_FILL_AREA ( #11175 ) ;
#6055 =( GEOMETRIC_REPRESENTATION_CONTEXT ( 3 ) GLOBAL_UNCERTAINTY_ASSIGNED_CONTEXT ( ( #10537 ) ) GLOBAL_UNIT_ASSIGNED_CONTEXT ( ( #10963, #5064, #11950 ) ) REPRESENTATION_CONTEXT ( 'NONE', 'WORKASPACE' ) );
#6057 = ORIENTED_EDGE ( 'NONE', *, *, #7620, .T. ) ;
#6056 = PLANE ( 'NONE',  #7335 ) ;
#6058 = ORIENTED_EDGE ( 'NONE', *, *, #6193, .T. ) ;
#6059 = SURFACE_STYLE_USAGE ( .BOTH. , #11958 ) ;
#6060 = CIRCLE ( 'NONE', #11327, 0.05593526370766899181 ) ;
#6061 = COLOUR_RGB ( '',1.000000000000000000, 1.000000000000000000, 1.000000000000000000 ) ;
#6062 = EDGE_CURVE ( 'NONE', #502, #11165, #3318, .T. ) ;
#6063 = CARTESIAN_POINT ( 'NONE',  ( 0.7590647362923303998, 0.1000000000000000056, 1.375493264616636457 ) ) ;
#6064 = COLOUR_RGB ( '',1.000000000000000000, 1.000000000000000000, 1.000000000000000000 ) ;
#6065 = EDGE_CURVE ( 'NONE', #6622, #5403, #10900, .T. ) ;
#6066 = VERTEX_POINT ( 'NONE', #468 ) ;
#6067 = SURFACE_STYLE_USAGE ( .BOTH. , #11965 ) ;
#6068 = SURFACE_SIDE_STYLE ('',( #3170 ) ) ;
#6069 = VECTOR ( 'NONE', #205, 1000.000000000000000 ) ;
#6070 = AXIS2_PLACEMENT_3D ( 'NONE', #7867, #1937, #8853 ) ;
#6071 =( NAMED_UNIT ( * ) PLANE_ANGLE_UNIT ( ) SI_UNIT ( $, .RADIAN. ) );
#6072 = CIRCLE ( 'NONE', #6273, 0.09130182425276713032 ) ;
#6073 = COLOUR_RGB ( '',1.000000000000000000, 1.000000000000000000, 1.000000000000000000 ) ;
#6074 = DIRECTION ( 'NONE',  ( 1.000000000000000000, 0.0000000000000000000, 0.0000000000000000000 ) ) ;
#6075 = PRESENTATION_LAYER_ASSIGNMENT (  '', '', ( #6726 ) ) ;
#6076 = CARTESIAN_POINT ( 'NONE',  ( -1.257124604555293956, -0.05000000000000000278, -0.1031605786060936225 ) ) ;
#6077 = PRESENTATION_LAYER_ASSIGNMENT (  '', '', ( #4767 ) ) ;
#6078 = CARTESIAN_POINT ( 'NONE',  ( -0.7912377610681550211, 0.0000000000000000000, -0.0000000000000000000 ) ) ;
#6079 = LINE ( 'NONE', #7451, #11324 ) ;
#6080 = DIRECTION ( 'NONE',  ( 0.0000000000000000000, 1.000000000000000000, 0.0000000000000000000 ) ) ;
#6081 = CARTESIAN_POINT ( 'NONE',  ( -0.08069449998385103129, 0.0000000000000000000, 1.249999999999999112 ) ) ;
#6082 = CARTESIAN_POINT ( 'NONE',  ( 1.197916575926319283, 0.1000000000000000056, -0.1623686072350682963 ) ) ;
#6083 = ORIENTED_EDGE ( 'NONE', *, *, #10901, .T. ) ;
#6084 = DIRECTION ( 'NONE',  ( 0.0000000000000000000, -1.000000000000000000, 0.0000000000000000000 ) ) ;
#6085 = DIRECTION ( 'NONE',  ( 0.1874275599918963087, -0.9642312064598242971, 0.1874275599918963087 ) ) ;
#6086 = SURFACE_STYLE_USAGE ( .BOTH. , #9564 ) ;
#6087 = EDGE_LOOP ( 'NONE', ( #2669, #11692, #333 ) ) ;
#6088 = DIRECTION ( 'NONE',  ( 0.0000000000000000000, 0.0000000000000000000, 1.000000000000000000 ) ) ;
#6089 = VECTOR ( 'NONE', #11658, 1000.000000000000000 ) ;
#6090 = DIRECTION ( 'NONE',  ( -0.0000000000000000000, 0.0000000000000000000, -1.000000000000000000 ) ) ;
#6091 = UNCERTAINTY_MEASURE_WITH_UNIT (LENGTH_MEASURE( 1.000000000000000082E-05 ), #5919, 'distance_accuracy_value', 'NONE');
#6092 = ORIENTED_EDGE ( 'NONE', *, *, #6749, .T. ) ;
#6093 = ADVANCED_FACE ( 'NONE', ( #7970 ), #319, .F. ) ;
#6094 =( GEOMETRIC_REPRESENTATION_CONTEXT ( 3 ) GLOBAL_UNCERTAINTY_ASSIGNED_CONTEXT ( ( #4850 ) ) GLOBAL_UNIT_ASSIGNED_CONTEXT ( ( #9378, #3466, #10392 ) ) REPRESENTATION_CONTEXT ( 'NONE', 'WORKASPACE' ) );
#6095 = EDGE_CURVE ( 'NONE', #4494, #5028, #10869, .T. ) ;
#6096 = EDGE_CURVE ( 'NONE', #8191, #11140, #2966, .T. ) ;
#6097 = PRESENTATION_LAYER_ASSIGNMENT (  '', '', ( #4791 ) ) ;
#6098 = SURFACE_STYLE_USAGE ( .BOTH. , #12003 ) ;
#6099 = EDGE_CURVE ( 'NONE', #10729, #252, #10551, .T. ) ;
#6100 = CARTESIAN_POINT ( 'NONE',  ( 1.134999999999999787, 0.1000000000000000056, 0.2369407634194544698 ) ) ;
#6101 = DIRECTION ( 'NONE',  ( 0.0000000000000000000, 0.0000000000000000000, -1.000000000000000000 ) ) ;
#6102 = EDGE_LOOP ( 'NONE', ( #3688, #2913, #2163, #898, #475, #10954, #8945, #6154, #4490, #557, #12635, #11859 ) ) ;
#6103 = CARTESIAN_POINT ( 'NONE',  ( -1.257124604555293734, 0.1000000000000000056, -0.1623686072350682963 ) ) ;
#6104 = DIRECTION ( 'NONE',  ( 0.0000000000000000000, 0.0000000000000000000, -1.000000000000000000 ) ) ;
#6105 = ORIENTED_EDGE ( 'NONE', *, *, #5678, .F. ) ;
#6106 = SURFACE_STYLE_USAGE ( .BOTH. , #6051 ) ;
#6107 = STYLED_ITEM ( 'NONE', ( #2572 ), #9616 ) ;
#6108 = FILL_AREA_STYLE_COLOUR ( '', #4311 ) ;
#6109 = EDGE_CURVE ( 'NONE', #2671, #5961, #8234, .T. ) ;
#6110 = LINE ( 'NONE', #12182, #5504 ) ;
#6111 = CARTESIAN_POINT ( 'NONE',  ( -1.044003024146626046, 0.1000000000000000056, -0.4000099329729214226 ) ) ;
#6112 = VECTOR ( 'NONE', #5967, 1000.000000000000000 ) ;
#6113 = PRESENTATION_LAYER_ASSIGNMENT (  '', '', ( #6769 ) ) ;
#6114 = SURFACE_SIDE_STYLE ('',( #4168 ) ) ;
#6115 = EDGE_CURVE ( 'NONE', #5194, #10521, #5327, .T. ) ;
#6116 = CARTESIAN_POINT ( 'NONE',  ( -0.7660883464570584778, 0.1000000000000000056, 1.276162611327208651 ) ) ;
#6117 = ORIENTED_EDGE ( 'NONE', *, *, #12341, .F. ) ;
#6118 = FILL_AREA_STYLE ('',( #7857 ) ) ;
#6119 = ADVANCED_FACE ( 'NONE', ( #7624 ), #8995, .F. ) ;
#6120 = CARTESIAN_POINT ( 'NONE',  ( 0.8189977282522473701, 0.1000000000000000056, 0.0000000000000000000 ) ) ;
#6121 = CARTESIAN_POINT ( 'NONE',  ( 0.8189977282522473701, 0.1000000000000000056, -1.199999999999999289 ) ) ;
#6122 = CARTESIAN_POINT ( 'NONE',  ( 1.650000000000000355, 0.1000000000000000056, -0.07500000000000017764 ) ) ;
#6123 = FILL_AREA_STYLE_COLOUR ( '', #8949 ) ;
#6124 = LINE ( 'NONE', #9674, #837 ) ;
#6125 =( GEOMETRIC_REPRESENTATION_CONTEXT ( 3 ) GLOBAL_UNCERTAINTY_ASSIGNED_CONTEXT ( ( #982 ) ) GLOBAL_UNIT_ASSIGNED_CONTEXT ( ( #4102, #3927, #3967 ) ) REPRESENTATION_CONTEXT ( 'NONE', 'WORKASPACE' ) );
#6126 = DIRECTION ( 'NONE',  ( 0.0000000000000000000, 0.0000000000000000000, -1.000000000000000000 ) ) ;
#6127 = AXIS2_PLACEMENT_3D ( 'NONE', #4556, #11433, #5516 ) ;
#6128 = VECTOR ( 'NONE', #6025, 1000.000000000000000 ) ;
#6129 = EDGE_CURVE ( 'NONE', #5110, #5575, #6678, .T. ) ;
#6130 = DIRECTION ( 'NONE',  ( 2.208989707635387149E-15, -0.0000000000000000000, 1.000000000000000000 ) ) ;
#6131 = ORIENTED_EDGE ( 'NONE', *, *, #9113, .T. ) ;
#6132 = PRESENTATION_LAYER_ASSIGNMENT (  '', '', ( #4833 ) ) ;
#6133 = VECTOR ( 'NONE', #7711, 1000.000000000000000 ) ;
#6134 = VECTOR ( 'NONE', #414, 1000.000000000000000 ) ;
#6135 = CARTESIAN_POINT ( 'NONE',  ( 1.599999999999999645, 0.0000000000000000000, 0.07500000000000017764 ) ) ;
#6136 = CARTESIAN_POINT ( 'NONE',  ( 0.7399140984642225138, 0.1000000000000000056, 1.276162611327208873 ) ) ;
#6137 = DIRECTION ( 'NONE',  ( 0.0000000000000000000, 1.000000000000000000, 0.0000000000000000000 ) ) ;
#6138 = CARTESIAN_POINT ( 'NONE',  ( 1.650000000000000355, -0.05000000000000000278, 0.07500000000000017764 ) ) ;
#6139 = PRESENTATION_STYLE_ASSIGNMENT (( #11112 ) ) ;
#6140 = VERTEX_POINT ( 'NONE', #12543 ) ;
#6141 = LINE ( 'NONE', #960, #3186 ) ;
#6142 = AXIS2_PLACEMENT_3D ( 'NONE', #1227, #8145, #2239 ) ;
#6143 = LINE ( 'NONE', #6584, #11399 ) ;
#6144 = EDGE_CURVE ( 'NONE', #8541, #4933, #4068, .T. ) ;
#6145 = CARTESIAN_POINT ( 'NONE',  ( 0.1160883464570598989, 0.1000000000000000056, 1.276162611327208651 ) ) ;
#6146 = PRESENTATION_LAYER_ASSIGNMENT (  '', '', ( #5496 ) ) ;
#6147 = DIRECTION ( 'NONE',  ( 0.0000000000000000000, 0.0000000000000000000, 1.000000000000000000 ) ) ;
#6148 = DIRECTION ( 'NONE',  ( 0.0000000000000000000, 0.0000000000000000000, -1.000000000000000000 ) ) ;
#6149 =( LENGTH_UNIT ( ) NAMED_UNIT ( * ) SI_UNIT ( .MILLI., .METRE. ) );
#6150 = ORIENTED_EDGE ( 'NONE', *, *, #7865, .T. ) ;
#6151 = ORIENTED_EDGE ( 'NONE', *, *, #3321, .F. ) ;
#6152 = ORIENTED_EDGE ( 'NONE', *, *, #5290, .F. ) ;
#6153 = ORIENTED_EDGE ( 'NONE', *, *, #3580, .T. ) ;
#6154 = ORIENTED_EDGE ( 'NONE', *, *, #2974, .T. ) ;
#6155 =( LENGTH_UNIT ( ) NAMED_UNIT ( * ) SI_UNIT ( .MILLI., .METRE. ) );
#6156 = VERTEX_POINT ( 'NONE', #1697 ) ;
#6157 = UNCERTAINTY_MEASURE_WITH_UNIT (LENGTH_MEASURE( 1.000000000000000082E-05 ), #7513, 'distance_accuracy_value', 'NONE');
#6158 = PRESENTATION_STYLE_ASSIGNMENT (( #4197 ) ) ;
#6159 = VECTOR ( 'NONE', #4592, 1000.000000000000000 ) ;
#6160 = PRESENTATION_STYLE_ASSIGNMENT (( #7619 ) ) ;
#6161 = DIRECTION ( 'NONE',  ( 0.0000000000000000000, -1.000000000000000000, 0.0000000000000000000 ) ) ;
#6162 = ORIENTED_EDGE ( 'NONE', *, *, #8875, .T. ) ;
#6163 = ORIENTED_EDGE ( 'NONE', *, *, #2835, .T. ) ;
#6164 = CARTESIAN_POINT ( 'NONE',  ( -0.1060883464570583357, 0.1000000000000000056, 0.0000000000000000000 ) ) ;
#6165 = STYLED_ITEM ( 'NONE', ( #2790 ), #12588 ) ;
#6166 = LINE ( 'NONE', #7543, #3214 ) ;
#6167 = MECHANICAL_DESIGN_GEOMETRIC_PRESENTATION_REPRESENTATION (  '', ( #4860 ), #6836 ) ;
#6168 = EDGE_CURVE ( 'NONE', #11618, #7086, #6379, .T. ) ;
#6169 = PRESENTATION_STYLE_ASSIGNMENT (( #1316 ) ) ;
#6170 = ORIENTED_EDGE ( 'NONE', *, *, #6974, .F. ) ;
#6171 = DIRECTION ( 'NONE',  ( -1.000000000000000000, 0.0000000000000000000, -0.0000000000000000000 ) ) ;
#6172 = EDGE_CURVE ( 'NONE', #5302, #11878, #11617, .T. ) ;
#6173 = CARTESIAN_POINT ( 'NONE',  ( 0.0000000000000000000, 0.1000000000000000056, -1.416874574924349872 ) ) ;
#6174 = SURFACE_SIDE_STYLE ('',( #1730 ) ) ;
#6175 = ADVANCED_FACE ( 'NONE', ( #3436 ), #12690, .F. ) ;
#6176 = EDGE_LOOP ( 'NONE', ( #6980, #6197, #5415, #5364 ) ) ;
#6177 = LINE ( 'NONE', #11229, #11118 ) ;
#6178 = CARTESIAN_POINT ( 'NONE',  ( 0.4949999999999992184, 0.1000000000000000056, 1.500000000000000000 ) ) ;
#6179 = UNCERTAINTY_MEASURE_WITH_UNIT (LENGTH_MEASURE( 1.000000000000000082E-05 ), #8572, 'distance_accuracy_value', 'NONE');
#6180 = VECTOR ( 'NONE', #6663, 1000.000000000000000 ) ;
#6181 = VECTOR ( 'NONE', #9621, 1000.000000000000000 ) ;
#6182 = EDGE_LOOP ( 'NONE', ( #11918, #6201, #9291, #1083 ) ) ;
#6183 = VECTOR ( 'NONE', #11317, 1000.000000000000000 ) ;
#6184 = VERTEX_POINT ( 'NONE', #12611 ) ;
#6185 = VERTEX_POINT ( 'NONE', #6701 ) ;
#6186 = DIRECTION ( 'NONE',  ( -0.1874275599918963087, 0.9642312064598242971, 0.1874275599918967250 ) ) ;
#6187 = CYLINDRICAL_SURFACE ( 'NONE', #4404, 0.1000000000000000472 ) ;
#6188 = DIRECTION ( 'NONE',  ( 1.000000000000000000, -0.0000000000000000000, 0.0000000000000000000 ) ) ;
#6189 = LINE ( 'NONE', #10702, #10828 ) ;
#6190 = CARTESIAN_POINT ( 'NONE',  ( 0.0000000000000000000, 0.0000000000000000000, -1.500000000000000000 ) ) ;
#6191 = ADVANCED_FACE ( 'NONE', ( #7462 ), #7697, .T. ) ;
#6192 = STYLED_ITEM ( 'NONE', ( #3766 ), #2405 ) ;
#6193 = EDGE_CURVE ( 'NONE', #4005, #446, #11772, .T. ) ;
#6194 = FACE_OUTER_BOUND ( 'NONE', #3809, .T. ) ;
#6195 = LINE ( 'NONE', #9357, #11132 ) ;
#6196 = MECHANICAL_DESIGN_GEOMETRIC_PRESENTATION_REPRESENTATION (  '', ( #4886 ), #6860 ) ;
#6197 = ORIENTED_EDGE ( 'NONE', *, *, #12301, .T. ) ;
#6198 = DIRECTION ( 'NONE',  ( 1.000000000000000000, -0.0000000000000000000, 0.0000000000000000000 ) ) ;
#6199 = LINE ( 'NONE', #6869, #3566 ) ;
#6200 =( LENGTH_UNIT ( ) NAMED_UNIT ( * ) SI_UNIT ( .MILLI., .METRE. ) );
#6201 = ORIENTED_EDGE ( 'NONE', *, *, #10897, .F. ) ;
#6202 =( NAMED_UNIT ( * ) SI_UNIT ( $, .STERADIAN. ) SOLID_ANGLE_UNIT ( ) );
#6203 = ORIENTED_EDGE ( 'NONE', *, *, #5448, .T. ) ;
#6204 = PRESENTATION_STYLE_ASSIGNMENT (( #6106 ) ) ;
#6205 = DIRECTION ( 'NONE',  ( 0.0000000000000000000, 0.0000000000000000000, 1.000000000000000000 ) ) ;
#6206 = CLOSED_SHELL ( 'NONE', ( #8975, #12210, #6240, #2622, #852, #6565, #2615, #1111, #5665, #8313, #11887, #3044, #3795, #1825 ) ) ;
#6207 = PLANE ( 'NONE',  #1570 ) ;
#6208 = DIRECTION ( 'NONE',  ( -0.0000000000000000000, -1.000000000000000000, -0.0000000000000000000 ) ) ;
#6209 =( GEOMETRIC_REPRESENTATION_CONTEXT ( 3 ) GLOBAL_UNCERTAINTY_ASSIGNED_CONTEXT ( ( #591 ) ) GLOBAL_UNIT_ASSIGNED_CONTEXT ( ( #4222, #3244, #1290 ) ) REPRESENTATION_CONTEXT ( 'NONE', 'WORKASPACE' ) );
#6210 = VERTEX_POINT ( 'NONE', #806 ) ;
#6211 = PRESENTATION_LAYER_ASSIGNMENT (  '', '', ( #4898 ) ) ;
#6212 = PRESENTATION_LAYER_ASSIGNMENT (  '', '', ( #5555 ) ) ;
#6213 = CARTESIAN_POINT ( 'NONE',  ( -1.540045451220497963, -0.05000000000000000278, -0.1083811245156857395 ) ) ;
#6214 = ORIENTED_EDGE ( 'NONE', *, *, #5702, .T. ) ;
#6215 = EDGE_CURVE ( 'NONE', #4238, #6924, #6517, .T. ) ;
#6216 = DIRECTION ( 'NONE',  ( 0.0000000000000000000, 1.000000000000000000, -0.0000000000000000000 ) ) ;
#6217 = APPLICATION_PROTOCOL_DEFINITION ( 'draft international standard', 'automotive_design', 1998, #7204 ) ;
#6218 = PLANE ( 'NONE',  #8417 ) ;
#6219 = SURFACE_SIDE_STYLE ('',( #2599 ) ) ;
#6220 = DIRECTION ( 'NONE',  ( -1.000000000000000000, 0.0000000000000000000, -0.0000000000000000000 ) ) ;
#6221 = SURFACE_STYLE_USAGE ( .BOTH. , #12126 ) ;
#6222 = FACE_OUTER_BOUND ( 'NONE', #2518, .T. ) ;
#6223 = PRESENTATION_STYLE_ASSIGNMENT (( #10762 ) ) ;
#6224 = SURFACE_SIDE_STYLE ('',( #3965 ) ) ;
#6225 = CARTESIAN_POINT ( 'NONE',  ( 1.291219160478732420, 0.6999999999999998446, -1.191219160478732997 ) ) ;
#6226 = PRESENTATION_STYLE_ASSIGNMENT (( #9243 ) ) ;
#6227 = AXIS2_PLACEMENT_3D ( 'NONE', #1912, #8782, #6886 ) ;
#6228 = EDGE_CURVE ( 'NONE', #357, #10761, #1581, .T. ) ;
#6229 = EDGE_CURVE ( 'NONE', #5644, #10302, #1256, .T. ) ;
#6230 = DIRECTION ( 'NONE',  ( 0.0000000000000000000, 1.000000000000000000, 0.0000000000000000000 ) ) ;
#6231 = ORIENTED_EDGE ( 'NONE', *, *, #863, .F. ) ;
#6232 = ORIENTED_EDGE ( 'NONE', *, *, #10061, .F. ) ;
#6233 = ORIENTED_EDGE ( 'NONE', *, *, #9890, .T. ) ;
#6234 = CARTESIAN_POINT ( 'NONE',  ( 0.7912377610681550211, -0.05000000000000000278, -0.0000000000000000000 ) ) ;
#6235 = DIRECTION ( 'NONE',  ( 1.000000000000000000, -0.0000000000000000000, 0.0000000000000000000 ) ) ;
#6236 =( GEOMETRIC_REPRESENTATION_CONTEXT ( 3 ) GLOBAL_UNCERTAINTY_ASSIGNED_CONTEXT ( ( #7046 ) ) GLOBAL_UNIT_ASSIGNED_CONTEXT ( ( #309, #7253, #1308 ) ) REPRESENTATION_CONTEXT ( 'NONE', 'WORKASPACE' ) );
#6237 = FACE_OUTER_BOUND ( 'NONE', #4583, .T. ) ;
#6238 = UNCERTAINTY_MEASURE_WITH_UNIT (LENGTH_MEASURE( 1.000000000000000082E-05 ), #11972, 'distance_accuracy_value', 'NONE');
#6239 = SURFACE_STYLE_USAGE ( .BOTH. , #8180 ) ;
#6240 = ADVANCED_FACE ( 'NONE', ( #8848 ), #11700, .T. ) ;
#6241 = CARTESIAN_POINT ( 'NONE',  ( -0.4849999999999994316, 0.1000000000000000056, -1.500000000000000000 ) ) ;
#6242 = ORIENTED_EDGE ( 'NONE', *, *, #10725, .F. ) ;
#6243 = MECHANICAL_DESIGN_GEOMETRIC_PRESENTATION_REPRESENTATION (  '', ( #4939 ), #6906 ) ;
#6244 = DIRECTION ( 'NONE',  ( 0.0000000000000000000, 0.9816271834476639757, 0.1908089953765452762 ) ) ;
#6245 = CARTESIAN_POINT ( 'NONE',  ( 1.197916575926319283, 0.0000000000000000000, -0.2000076143446563315 ) ) ;
#6246 = UNCERTAINTY_MEASURE_WITH_UNIT (LENGTH_MEASURE( 1.000000000000000082E-05 ), #10877, 'distance_accuracy_value', 'NONE');
#6247 = DIRECTION ( 'NONE',  ( 0.0000000000000000000, -1.000000000000000000, 0.0000000000000000000 ) ) ;
#6248 = ORIENTED_EDGE ( 'NONE', *, *, #6577, .F. ) ;
#6249 = APPLICATION_CONTEXT ( 'automotive_design' ) ;
#6250 = CARTESIAN_POINT ( 'NONE',  ( 1.134999999999999787, -0.05000000000000000278, 0.2369407634194544698 ) ) ;
#6251 = DIRECTION ( 'NONE',  ( 0.0000000000000000000, 1.000000000000000000, 0.0000000000000000000 ) ) ;
#6252 = SURFACE_STYLE_USAGE ( .BOTH. , #12162 ) ;
#6253 = MECHANICAL_DESIGN_GEOMETRIC_PRESENTATION_REPRESENTATION (  '', ( #4953 ), #6918 ) ;
#6254 = SURFACE_SIDE_STYLE ('',( #6850 ) ) ;
#6255 = SURFACE_SIDE_STYLE ('',( #6054 ) ) ;
#6256 = LINE ( 'NONE', #5378, #5954 ) ;
#6257 = FILL_AREA_STYLE_COLOUR ( '', #7315 ) ;
#6258 = CARTESIAN_POINT ( 'NONE',  ( 0.0000000000000000000, 0.0000000000000000000, -0.3999999999999976907 ) ) ;
#6259 = EDGE_CURVE ( 'NONE', #4774, #5485, #10541, .T. ) ;
#6260 = ORIENTED_EDGE ( 'NONE', *, *, #518, .F. ) ;
#6261 = EDGE_CURVE ( 'NONE', #12622, #6531, #5317, .T. ) ;
#6262 = CARTESIAN_POINT ( 'NONE',  ( 0.0000000000000000000, 0.1000000000000000056, 1.249999999999999112 ) ) ;
#6263 = FILL_AREA_STYLE ('',( #4300 ) ) ;
#6264 = CARTESIAN_POINT ( 'NONE',  ( 0.1160883464570598989, 0.0000000000000000000, 1.320000718934352335 ) ) ;
#6265 = CARTESIAN_POINT ( 'NONE',  ( -1.197916575926319283, 0.0000000000000000000, -0.2000076143446563315 ) ) ;
#6266 = VECTOR ( 'NONE', #607, 1000.000000000000000 ) ;
#6267 = DIRECTION ( 'NONE',  ( 0.0000000000000000000, -1.000000000000000000, 0.0000000000000000000 ) ) ;
#6268 = ORIENTED_EDGE ( 'NONE', *, *, #12301, .F. ) ;
#6269 = CARTESIAN_POINT ( 'NONE',  ( 0.1372400328159084637, -0.05000000000000000278, 0.0000000000000000000 ) ) ;
#6270 = COLOUR_RGB ( '',1.000000000000000000, 1.000000000000000000, 1.000000000000000000 ) ;
#6271 = MECHANICAL_DESIGN_GEOMETRIC_PRESENTATION_REPRESENTATION (  '', ( #4983 ), #6949 ) ;
#6272 =( GEOMETRIC_REPRESENTATION_CONTEXT ( 3 ) GLOBAL_UNCERTAINTY_ASSIGNED_CONTEXT ( ( #5329 ) ) GLOBAL_UNIT_ASSIGNED_CONTEXT ( ( #2627, #9529, #3612 ) ) REPRESENTATION_CONTEXT ( 'NONE', 'WORKASPACE' ) );
#6273 = AXIS2_PLACEMENT_3D ( 'NONE', #7637, #12517, #2404 ) ;
#6274 = FILL_AREA_STYLE ('',( #1295 ) ) ;
#6275 = EDGE_CURVE ( 'NONE', #12820, #5833, #7927, .T. ) ;
#6276 = ORIENTED_EDGE ( 'NONE', *, *, #2326, .T. ) ;
#6277 = MECHANICAL_DESIGN_GEOMETRIC_PRESENTATION_REPRESENTATION (  '', ( #3630 ), #6957 ) ;
#6278 = COLOUR_RGB ( '',1.000000000000000000, 1.000000000000000000, 1.000000000000000000 ) ;
#6279 = DIRECTION ( 'NONE',  ( -1.000000000000000000, 0.0000000000000000000, -0.0000000000000000000 ) ) ;
#6280 = COLOUR_RGB ( '',1.000000000000000000, 1.000000000000000000, 1.000000000000000000 ) ;
#6281 = EDGE_CURVE ( 'NONE', #4856, #8814, #311, .T. ) ;
#6282 = LINE ( 'NONE', #4622, #8909 ) ;
#6283 = CARTESIAN_POINT ( 'NONE',  ( -1.197916575926319283, -0.05000000000000000278, -0.1623686072350682963 ) ) ;
#6284 = CARTESIAN_POINT ( 'NONE',  ( 0.1372400328159084637, 0.0000000000000000000, -1.277681107331943622 ) ) ;
#6286 = DIRECTION ( 'NONE',  ( 0.0000000000000000000, 1.000000000000000000, 0.0000000000000000000 ) ) ;
#6285 = FACE_OUTER_BOUND ( 'NONE', #3762, .T. ) ;
#6287 = SURFACE_SIDE_STYLE ('',( #4437 ) ) ;
#6288 = DIRECTION ( 'NONE',  ( 0.0000000000000000000, 0.0000000000000000000, 1.000000000000000000 ) ) ;
#6289 = EDGE_LOOP ( 'NONE', ( #1464, #10784, #6380, #11514 ) ) ;
#6290 = CARTESIAN_POINT ( 'NONE',  ( 1.044003024146626046, 0.1000000000000000056, -0.3087081087201543061 ) ) ;
#6291 = COLOUR_RGB ( '',1.000000000000000000, 1.000000000000000000, 1.000000000000000000 ) ;
#6292 = DIRECTION ( 'NONE',  ( -1.000000000000000000, 0.0000000000000000000, 0.0000000000000000000 ) ) ;
#6293 = FILL_AREA_STYLE_COLOUR ( '', #4160 ) ;
#6294 = CARTESIAN_POINT ( 'NONE',  ( -0.4949999999999992184, -0.05000000000000000278, 1.649999999999999467 ) ) ;
#6295 =( LENGTH_UNIT ( ) NAMED_UNIT ( * ) SI_UNIT ( .MILLI., .METRE. ) );
#6296 = CARTESIAN_POINT ( 'NONE',  ( -1.162759967184092247, 0.1000000000000000056, 0.0000000000000000000 ) ) ;
#6297 = CARTESIAN_POINT ( 'NONE',  ( 0.8149999999999995026, 0.1000000000000000056, 1.649999999999999467 ) ) ;
#6298 = EDGE_CURVE ( 'NONE', #5900, #252, #10236, .T. ) ;
#6299 = ORIENTED_EDGE ( 'NONE', *, *, #1146, .T. ) ;
#6300 = ORIENTED_EDGE ( 'NONE', *, *, #12341, .T. ) ;
#6301 = CARTESIAN_POINT ( 'NONE',  ( -1.171933149074797953, -0.05000000000000000278, 0.2369407634194545809 ) ) ;
#6302 = VERTEX_POINT ( 'NONE', #5936 ) ;
#6303 = VECTOR ( 'NONE', #8849, 1000.000000000000000 ) ;
#6304 = AXIS2_PLACEMENT_3D ( 'NONE', #6561, #625, #7568 ) ;
#6305 = ORIENTED_EDGE ( 'NONE', *, *, #12362, .T. ) ;
#6306 = DIRECTION ( 'NONE',  ( -0.0000000000000000000, 0.0000000000000000000, 1.000000000000000000 ) ) ;
#6307 = FILL_AREA_STYLE_COLOUR ( '', #7723 ) ;
#6308 = FACE_OUTER_BOUND ( 'NONE', #1682, .T. ) ;
#6309 = CARTESIAN_POINT ( 'NONE',  ( 1.499999999999999556, 0.1499999999999999944, 1.399999999999999911 ) ) ;
#6310 =( NAMED_UNIT ( * ) PLANE_ANGLE_UNIT ( ) SI_UNIT ( $, .RADIAN. ) );
#6311 = FACE_OUTER_BOUND ( 'NONE', #10715, .T. ) ;
#6312 = FILL_AREA_STYLE ('',( #9249 ) ) ;
#6313 = DIRECTION ( 'NONE',  ( 0.0000000000000000000, -1.000000000000000000, 0.0000000000000000000 ) ) ;
#6314 = ORIENTED_EDGE ( 'NONE', *, *, #11544, .T. ) ;
#6315 = ORIENTED_EDGE ( 'NONE', *, *, #9356, .F. ) ;
#6316 = COLOUR_RGB ( '',1.000000000000000000, 1.000000000000000000, 1.000000000000000000 ) ;
#6317 = PRESENTATION_STYLE_ASSIGNMENT (( #9870 ) ) ;
#6318 = ORIENTED_EDGE ( 'NONE', *, *, #4202, .F. ) ;
#6319 = ADVANCED_FACE ( 'NONE', ( #12551 ), #6367, .T. ) ;
#6320 =( GEOMETRIC_REPRESENTATION_CONTEXT ( 3 ) GLOBAL_UNCERTAINTY_ASSIGNED_CONTEXT ( ( #2583 ) ) GLOBAL_UNIT_ASSIGNED_CONTEXT ( ( #4752, #11631, #5733 ) ) REPRESENTATION_CONTEXT ( 'NONE', 'WORKASPACE' ) );
#6321 = FILL_AREA_STYLE ('',( #12322 ) ) ;
#6322 = AXIS2_PLACEMENT_3D ( 'NONE', #10599, #4715, #11591 ) ;
#6323 =( NAMED_UNIT ( * ) SI_UNIT ( $, .STERADIAN. ) SOLID_ANGLE_UNIT ( ) );
#6324 =( NAMED_UNIT ( * ) SI_UNIT ( $, .STERADIAN. ) SOLID_ANGLE_UNIT ( ) );
#6325 = FACE_OUTER_BOUND ( 'NONE', #3036, .T. ) ;
#6326 = FACE_OUTER_BOUND ( 'NONE', #11428, .T. ) ;
#6327 = UNCERTAINTY_MEASURE_WITH_UNIT (LENGTH_MEASURE( 1.000000000000000082E-05 ), #867, 'distance_accuracy_value', 'NONE');
#6328 = DIRECTION ( 'NONE',  ( 0.0000000000000000000, 0.0000000000000000000, -1.000000000000000000 ) ) ;
#6329 = VECTOR ( 'NONE', #5031, 1000.000000000000000 ) ;
#6330 = LINE ( 'NONE', #3503, #3689 ) ;
#6331 = FACE_OUTER_BOUND ( 'NONE', #4244, .T. ) ;
#6332 = SURFACE_SIDE_STYLE ('',( #3792 ) ) ;
#6333 = CYLINDRICAL_SURFACE ( 'NONE', #9163, 0.03693314907479819387 ) ;
#6334 = VERTEX_POINT ( 'NONE', #5009 ) ;
#6335 = DIRECTION ( 'NONE',  ( 0.0000000000000000000, 0.0000000000000000000, 1.000000000000000000 ) ) ;
#6336 = PRESENTATION_STYLE_ASSIGNMENT (( #10201 ) ) ;
#6337 = SURFACE_SIDE_STYLE ('',( #11050 ) ) ;
#6338 = SURFACE_SIDE_STYLE ('',( #5572 ) ) ;
#6339 = VECTOR ( 'NONE', #5180, 1000.000000000000000 ) ;
#6340 = UNCERTAINTY_MEASURE_WITH_UNIT (LENGTH_MEASURE( 1.000000000000000082E-05 ), #1874, 'distance_accuracy_value', 'NONE');
#6341 = MECHANICAL_DESIGN_GEOMETRIC_PRESENTATION_REPRESENTATION (  '', ( #5039 ), #7008 ) ;
#6342 = EDGE_CURVE ( 'NONE', #2721, #10407, #8987, .T. ) ;
#6343 = DIRECTION ( 'NONE',  ( 0.0000000000000000000, 0.0000000000000000000, 1.000000000000000000 ) ) ;
#6344 = EDGE_CURVE ( 'NONE', #8932, #1221, #4046, .T. ) ;
#6345 =( LENGTH_UNIT ( ) NAMED_UNIT ( * ) SI_UNIT ( .MILLI., .METRE. ) );
#6346 = DIRECTION ( 'NONE',  ( 0.0000000000000000000, 0.0000000000000000000, -1.000000000000000000 ) ) ;
#6347 = ORIENTED_EDGE ( 'NONE', *, *, #7923, .F. ) ;
#6348 = LINE ( 'NONE', #9441, #6040 ) ;
#6349 = EDGE_LOOP ( 'NONE', ( #9940, #5183, #11329, #8867 ) ) ;
#6350 = STYLED_ITEM ( 'NONE', ( #11759 ), #6436 ) ;
#6351 = CARTESIAN_POINT ( 'NONE',  ( 0.1650000000000009237, -0.05000000000000000278, 1.649999999999999467 ) ) ;
#6352 = SURFACE_STYLE_FILL_AREA ( #4911 ) ;
#6353 = DIRECTION ( 'NONE',  ( 0.0000000000000000000, 1.000000000000000000, -0.0000000000000000000 ) ) ;
#6354 = VECTOR ( 'NONE', #2337, 1000.000000000000000 ) ;
#6355 = ORIENTED_EDGE ( 'NONE', *, *, #1368, .F. ) ;
#6356 = DIRECTION ( 'NONE',  ( 0.0000000000000000000, 1.000000000000000000, -0.0000000000000000000 ) ) ;
#6357 = ORIENTED_EDGE ( 'NONE', *, *, #10054, .T. ) ;
#6358 = CARTESIAN_POINT ( 'NONE',  ( -0.1689977282522470148, -0.05000000000000000278, 0.0000000000000000000 ) ) ;
#6359 = DIRECTION ( 'NONE',  ( 0.0000000000000000000, 1.000000000000000000, 0.0000000000000000000 ) ) ;
#6360 = PLANE ( 'NONE',  #8115 ) ;
#6361 = CARTESIAN_POINT ( 'NONE',  ( -1.599999999999999645, 0.1499999999999999944, 1.355814029726843728 ) ) ;
#6362 = AXIS2_PLACEMENT_3D ( 'NONE', #9764, #9107, #8765 ) ;
#6363 = EDGE_CURVE ( 'NONE', #6704, #987, #11607, .T. ) ;
#6364 = FACE_OUTER_BOUND ( 'NONE', #2618, .T. ) ;
#6365 =( NAMED_UNIT ( * ) PLANE_ANGLE_UNIT ( ) SI_UNIT ( $, .RADIAN. ) );
#6366 = DIRECTION ( 'NONE',  ( 0.0000000000000000000, 1.000000000000000000, 0.0000000000000000000 ) ) ;
#6367 = CYLINDRICAL_SURFACE ( 'NONE', #12552, 0.1441859702731563275 ) ;
#6368 =( NAMED_UNIT ( * ) PLANE_ANGLE_UNIT ( ) SI_UNIT ( $, .RADIAN. ) );
#6369 = ORIENTED_EDGE ( 'NONE', *, *, #6229, .F. ) ;
#6370 = DIRECTION ( 'NONE',  ( 0.0000000000000000000, -1.000000000000000000, 0.0000000000000000000 ) ) ;
#6371 = VECTOR ( 'NONE', #157, 1000.000000000000000 ) ;
#6372 = ADVANCED_FACE ( 'NONE', ( #11300 ), #10936, .T. ) ;
#6373 = FILL_AREA_STYLE ('',( #11287 ) ) ;
#6374 = PRESENTATION_STYLE_ASSIGNMENT (( #3652 ) ) ;
#6375 = EDGE_LOOP ( 'NONE', ( #4936, #12483, #3202, #2706, #3328, #8405, #158, #6855, #3284, #8152, #5233, #12333 ) ) ;
#6376 =( GEOMETRIC_REPRESENTATION_CONTEXT ( 3 ) GLOBAL_UNCERTAINTY_ASSIGNED_CONTEXT ( ( #10198 ) ) GLOBAL_UNIT_ASSIGNED_CONTEXT ( ( #11271, #11171, #11133 ) ) REPRESENTATION_CONTEXT ( 'NONE', 'WORKASPACE' ) );
#6377 = AXIS2_PLACEMENT_3D ( 'NONE', #4383, #11246, #5366 ) ;
#6378 = CARTESIAN_POINT ( 'NONE',  ( -0.7399140984642225138, 0.1000000000000000056, 1.276162611327208873 ) ) ;
#6379 = LINE ( 'NONE', #4706, #1097 ) ;
#6380 = ORIENTED_EDGE ( 'NONE', *, *, #1110, .T. ) ;
#6381 = SURFACE_SIDE_STYLE ('',( #10109 ) ) ;
#6382 = CARTESIAN_POINT ( 'NONE',  ( 0.8189977282522473701, 0.0000000000000000000, -0.0000000000000000000 ) ) ;
#6383 = DIRECTION ( 'NONE',  ( 0.0000000000000000000, 0.0000000000000000000, -1.000000000000000000 ) ) ;
#6384 = FACE_OUTER_BOUND ( 'NONE', #10567, .T. ) ;
#6385 = ADVANCED_FACE ( 'NONE', ( #10385 ), #10982, .T. ) ;
#6386 = PRESENTATION_LAYER_ASSIGNMENT (  '', '', ( #5724 ) ) ;
#6387 = COLOUR_RGB ( '',1.000000000000000000, 1.000000000000000000, 1.000000000000000000 ) ;
#6388 = EDGE_LOOP ( 'NONE', ( #7511, #8274, #9964, #11370 ) ) ;
#6389 = DIRECTION ( 'NONE',  ( 0.0000000000000000000, 0.0000000000000000000, -1.000000000000000000 ) ) ;
#6390 = EDGE_LOOP ( 'NONE', ( #4686, #5313, #12108, #7969 ) ) ;
#6391 = CARTESIAN_POINT ( 'NONE',  ( -1.540045451220498407, 0.1000000000000000056, 0.07500000000000017764 ) ) ;
#6392 = CARTESIAN_POINT ( 'NONE',  ( 0.8149999999999995026, 0.1000000000000000056, 1.500000000000000000 ) ) ;
#6393 =( GEOMETRIC_REPRESENTATION_CONTEXT ( 3 ) GLOBAL_UNCERTAINTY_ASSIGNED_CONTEXT ( ( #4529 ) ) GLOBAL_UNIT_ASSIGNED_CONTEXT ( ( #10544, #4659, #11524 ) ) REPRESENTATION_CONTEXT ( 'NONE', 'WORKASPACE' ) );
#6394 = EDGE_CURVE ( 'NONE', #2513, #3628, #1565, .T. ) ;
#6395 = CIRCLE ( 'NONE', #3592, 0.03338112451568553407 ) ;
#6396 = UNCERTAINTY_MEASURE_WITH_UNIT (LENGTH_MEASURE( 1.000000000000000082E-05 ), #3928, 'distance_accuracy_value', 'NONE');
#6397 = AXIS2_PLACEMENT_3D ( 'NONE', #727, #7665, #1740 ) ;
#6398 = CARTESIAN_POINT ( 'NONE',  ( 0.4810022717477533405, 0.1000000000000000056, 0.0000000000000000000 ) ) ;
#6399 = CARTESIAN_POINT ( 'NONE',  ( 0.1650000000000009237, 0.0000000000000000000, -1.500000000000000000 ) ) ;
#6400 = FILL_AREA_STYLE_COLOUR ( '', #2842 ) ;
#6401 = SURFACE_STYLE_FILL_AREA ( #6118 ) ;
#6402 =( NAMED_UNIT ( * ) SI_UNIT ( $, .STERADIAN. ) SOLID_ANGLE_UNIT ( ) );
#6403 = CARTESIAN_POINT ( 'NONE',  ( 1.599999999999999645, 0.0000000000000000000, -1.355814029726843728 ) ) ;
#6404 = CARTESIAN_POINT ( 'NONE',  ( 0.0000000000000000000, 0.0000000000000000000, -1.416874574924349872 ) ) ;
#6405 = ORIENTED_EDGE ( 'NONE', *, *, #8332, .F. ) ;
#6406 = AXIS2_PLACEMENT_3D ( 'NONE', #6716, #780, #7714 ) ;
#6407 = SURFACE_STYLE_USAGE ( .BOTH. , #6692 ) ;
#6408 = PLANE ( 'NONE',  #2263 ) ;
#6409 = ORIENTED_EDGE ( 'NONE', *, *, #11801, .F. ) ;
#6410 = VECTOR ( 'NONE', #7105, 1000.000000000000000 ) ;
#6411 = CARTESIAN_POINT ( 'NONE',  ( 1.134999999999999787, 0.0000000000000000000, 0.2369407634194544698 ) ) ;
#6412 = LINE ( 'NONE', #10375, #5492 ) ;
#6413 = UNCERTAINTY_MEASURE_WITH_UNIT (LENGTH_MEASURE( 1.000000000000000082E-05 ), #4177, 'distance_accuracy_value', 'NONE');
#6414 = STYLED_ITEM ( 'NONE', ( #6226 ), #12448 ) ;
#6415 = CARTESIAN_POINT ( 'NONE',  ( 0.0000000000000000000, 0.7999999999999999334, 1.191219160478732997 ) ) ;
#6416 =( GEOMETRIC_REPRESENTATION_CONTEXT ( 3 ) GLOBAL_UNCERTAINTY_ASSIGNED_CONTEXT ( ( #4462 ) ) GLOBAL_UNIT_ASSIGNED_CONTEXT ( ( #11067, #5182, #12067 ) ) REPRESENTATION_CONTEXT ( 'NONE', 'WORKASPACE' ) );
#6417 = VERTEX_POINT ( 'NONE', #6100 ) ;
#6418 = CARTESIAN_POINT ( 'NONE',  ( -0.8149999999999995026, 0.1000000000000000056, 1.375493264616636679 ) ) ;
#6419 = SURFACE_SIDE_STYLE ('',( #6631 ) ) ;
#6420 = SURFACE_STYLE_USAGE ( .BOTH. , #12346 ) ;
#6421 = EDGE_LOOP ( 'NONE', ( #7306, #11186, #1594, #6876 ) ) ;
#6422 = CARTESIAN_POINT ( 'NONE',  ( 1.134999999999999787, 0.1000000000000000056, 0.0000000000000000000 ) ) ;
#6423 = PLANE ( 'NONE',  #2222 ) ;
#6424 = CARTESIAN_POINT ( 'NONE',  ( 0.7912377610681550211, -0.05000000000000000278, -1.277681107331943622 ) ) ;
#6425 =( GEOMETRIC_REPRESENTATION_CONTEXT ( 3 ) GLOBAL_UNCERTAINTY_ASSIGNED_CONTEXT ( ( #9095 ) ) GLOBAL_UNIT_ASSIGNED_CONTEXT ( ( #3824, #3998, #4143 ) ) REPRESENTATION_CONTEXT ( 'NONE', 'WORKASPACE' ) );
#6426 = CARTESIAN_POINT ( 'NONE',  ( 0.1650000000000009237, 0.1000000000000000056, -1.500000000000000000 ) ) ;
#6427 = VERTEX_POINT ( 'NONE', #5078 ) ;
#6429 =( NAMED_UNIT ( * ) PLANE_ANGLE_UNIT ( ) SI_UNIT ( $, .RADIAN. ) );
#6428 = COLOUR_RGB ( '',1.000000000000000000, 1.000000000000000000, 1.000000000000000000 ) ;
#6430 =( GEOMETRIC_REPRESENTATION_CONTEXT ( 3 ) GLOBAL_UNCERTAINTY_ASSIGNED_CONTEXT ( ( #2354 ) ) GLOBAL_UNIT_ASSIGNED_CONTEXT ( ( #2363, #1707, #1457 ) ) REPRESENTATION_CONTEXT ( 'NONE', 'WORKASPACE' ) );
#6431 = EDGE_CURVE ( 'NONE', #12805, #10939, #6509, .T. ) ;
#6432 = PRESENTATION_LAYER_ASSIGNMENT (  '', '', ( #5136 ) ) ;
#6433 = CARTESIAN_POINT ( 'NONE',  ( 0.0000000000000000000, -0.05000000000000000278, -1.199999999999999289 ) ) ;
#6434 = CARTESIAN_POINT ( 'NONE',  ( 0.0000000000000000000, 0.1000000000000000056, -1.416874574924349872 ) ) ;
#6435 = DIRECTION ( 'NONE',  ( 0.0000000000000000000, 0.0000000000000000000, -1.000000000000000000 ) ) ;
#6436 = ADVANCED_FACE ( 'NONE', ( #9444 ), #10846, .T. ) ;
#6437 = FACE_OUTER_BOUND ( 'NONE', #4581, .T. ) ;
#6438 = EDGE_LOOP ( 'NONE', ( #10574, #2638, #12497 ) ) ;
#6439 = ADVANCED_FACE ( 'NONE', ( #299 ), #1200, .T. ) ;
#6440 = VECTOR ( 'NONE', #11937, 1000.000000000000000 ) ;
#6441 = CARTESIAN_POINT ( 'NONE',  ( 1.134999999999998010, 0.1000000000000000056, -0.3161628721251190655 ) ) ;
#6442 = VECTOR ( 'NONE', #6370, 1000.000000000000000 ) ;
#6443 =( GEOMETRIC_REPRESENTATION_CONTEXT ( 3 ) GLOBAL_UNCERTAINTY_ASSIGNED_CONTEXT ( ( #10857 ) ) GLOBAL_UNIT_ASSIGNED_CONTEXT ( ( #7114, #1161, #8104 ) ) REPRESENTATION_CONTEXT ( 'NONE', 'WORKASPACE' ) );
#6444 = MECHANICAL_DESIGN_GEOMETRIC_PRESENTATION_REPRESENTATION (  '', ( #3115 ), #7121 ) ;
#6445 =( NAMED_UNIT ( * ) PLANE_ANGLE_UNIT ( ) SI_UNIT ( $, .RADIAN. ) );
#6446 = EDGE_CURVE ( 'NONE', #11880, #12580, #12226, .T. ) ;
#6447 = VECTOR ( 'NONE', #1208, 1000.000000000000000 ) ;
#6448 = ORIENTED_EDGE ( 'NONE', *, *, #9500, .F. ) ;
#6449 = ORIENTED_EDGE ( 'NONE', *, *, #1508, .T. ) ;
#6450 = STYLED_ITEM ( 'NONE', ( #11553 ), #8130 ) ;
#6451 =( LENGTH_UNIT ( ) NAMED_UNIT ( * ) SI_UNIT ( .MILLI., .METRE. ) );
#6452 = ORIENTED_EDGE ( 'NONE', *, *, #6794, .F. ) ;
#6453 = DIRECTION ( 'NONE',  ( 0.0000000000000000000, 1.000000000000000000, 0.0000000000000000000 ) ) ;
#6454 = SURFACE_STYLE_FILL_AREA ( #7409 ) ;
#6455 = VERTEX_POINT ( 'NONE', #8127 ) ;
#6456 = COLOUR_RGB ( '',1.000000000000000000, 1.000000000000000000, 1.000000000000000000 ) ;
#6457 = SURFACE_SIDE_STYLE ('',( #5730 ) ) ;
#6458 = CARTESIAN_POINT ( 'NONE',  ( 0.0000000000000000000, 0.1000000000000000056, -0.2000076143446563315 ) ) ;
#6459 = VECTOR ( 'NONE', #5336, 1000.000000000000000 ) ;
#6460 = VERTEX_POINT ( 'NONE', #7181 ) ;
#6461 = CARTESIAN_POINT ( 'NONE',  ( 1.257124604555293734, 0.1000000000000000056, 0.1623686072350682963 ) ) ;
#6462 = DIRECTION ( 'NONE',  ( 0.0000000000000000000, 0.0000000000000000000, 1.000000000000000000 ) ) ;
#6463 = ORIENTED_EDGE ( 'NONE', *, *, #9827, .F. ) ;
#6464 = EDGE_LOOP ( 'NONE', ( #8944, #9083, #9391, #9579 ) ) ;
#6465 = COLOUR_RGB ( '',1.000000000000000000, 1.000000000000000000, 1.000000000000000000 ) ;
#6466 = PRESENTATION_LAYER_ASSIGNMENT (  '', '', ( #4519 ) ) ;
#6467 = EDGE_CURVE ( 'NONE', #8838, #7888, #9602, .T. ) ;
#6468 = FILL_AREA_STYLE_COLOUR ( '', #8515 ) ;
#6469 = EDGE_CURVE ( 'NONE', #12419, #5971, #7286, .T. ) ;
#6470 = LINE ( 'NONE', #3121, #11715 ) ;
#6471 = VECTOR ( 'NONE', #10995, 1000.000000000000000 ) ;
#6472 = COLOUR_RGB ( '',1.000000000000000000, 1.000000000000000000, 1.000000000000000000 ) ;
#6473 = SURFACE_STYLE_USAGE ( .BOTH. , #7849 ) ;
#6474 = ORIENTED_EDGE ( 'NONE', *, *, #4328, .T. ) ;
#6475 = COLOUR_RGB ( '',1.000000000000000000, 1.000000000000000000, 1.000000000000000000 ) ;
#6476 = MECHANICAL_DESIGN_GEOMETRIC_PRESENTATION_REPRESENTATION (  '', ( #4526 ), #7145 ) ;
#6477 = VECTOR ( 'NONE', #10667, 1000.000000000000000 ) ;
#6478 = ORIENTED_EDGE ( 'NONE', *, *, #3640, .T. ) ;
#6479 = CARTESIAN_POINT ( 'NONE',  ( 0.0000000000000000000, -0.05000000000000000278, -0.3999999999999976907 ) ) ;
#6480 = DIRECTION ( 'NONE',  ( -1.000000000000000000, 0.0000000000000000000, 0.0000000000000000000 ) ) ;
#6481 = FILL_AREA_STYLE_COLOUR ( '', #136 ) ;
#6482 = UNCERTAINTY_MEASURE_WITH_UNIT (LENGTH_MEASURE( 1.000000000000000082E-05 ), #5966, 'distance_accuracy_value', 'NONE');
#6483 = ORIENTED_EDGE ( 'NONE', *, *, #4816, .T. ) ;
#6484 = VECTOR ( 'NONE', #10215, 1000.000000000000000 ) ;
#6485 = SPHERICAL_SURFACE ( 'NONE', #2067, 0.1000000000000000056 ) ;
#6486 = STYLED_ITEM ( 'NONE', ( #1124 ), #11919 ) ;
#6487 = ORIENTED_EDGE ( 'NONE', *, *, #2856, .F. ) ;
#6488 = LINE ( 'NONE', #9176, #1219 ) ;
#6489 = COLOUR_RGB ( '',1.000000000000000000, 1.000000000000000000, 1.000000000000000000 ) ;
#6490 =( GEOMETRIC_REPRESENTATION_CONTEXT ( 3 ) GLOBAL_UNCERTAINTY_ASSIGNED_CONTEXT ( ( #5949 ) ) GLOBAL_UNIT_ASSIGNED_CONTEXT ( ( #12287, #6368, #412 ) ) REPRESENTATION_CONTEXT ( 'NONE', 'WORKASPACE' ) );
#6492 = ORIENTED_EDGE ( 'NONE', *, *, #8457, .T. ) ;
#6491 =( LENGTH_UNIT ( ) NAMED_UNIT ( * ) SI_UNIT ( .MILLI., .METRE. ) );
#6493 = VECTOR ( 'NONE', #12838, 1000.000000000000000 ) ;
#6494 = FILL_AREA_STYLE ('',( #5511 ) ) ;
#6495 = DIRECTION ( 'NONE',  ( 0.0000000000000000000, 1.000000000000000000, -0.0000000000000000000 ) ) ;
#6496 = ORIENTED_EDGE ( 'NONE', *, *, #3633, .F. ) ;
#6497 = EDGE_LOOP ( 'NONE', ( #3880, #4342, #4507, #4827 ) ) ;
#6498 = ORIENTED_EDGE ( 'NONE', *, *, #4630, .F. ) ;
#6499 = CARTESIAN_POINT ( 'NONE',  ( -1.455814029726843373, 0.0000000000000000000, 1.355814029726843728 ) ) ;
#6500 = DIRECTION ( 'NONE',  ( 0.0000000000000000000, -0.0000000000000000000, -1.000000000000000000 ) ) ;
#6501 = DIRECTION ( 'NONE',  ( 0.0000000000000000000, -1.000000000000000000, 0.0000000000000000000 ) ) ;
#6502 =( NAMED_UNIT ( * ) PLANE_ANGLE_UNIT ( ) SI_UNIT ( $, .RADIAN. ) );
#6503 = CARTESIAN_POINT ( 'NONE',  ( -0.1412377610681545548, 0.1000000000000000056, -0.0000000000000000000 ) ) ;
#6505 = EDGE_CURVE ( 'NONE', #12508, #326, #6979, .T. ) ;
#6504 = SURFACE_STYLE_USAGE ( .BOTH. , #12426 ) ;
#6506 =( LENGTH_UNIT ( ) NAMED_UNIT ( * ) SI_UNIT ( .MILLI., .METRE. ) );
#6507 = EDGE_CURVE ( 'NONE', #12419, #3032, #1709, .T. ) ;
#6508 = CARTESIAN_POINT ( 'NONE',  ( 0.8189977282522473701, 0.0000000000000000000, -1.199999999999999289 ) ) ;
#6509 = LINE ( 'NONE', #11021, #3891 ) ;
#6510 = ORIENTED_EDGE ( 'NONE', *, *, #7924, .F. ) ;
#6511 = COLOUR_RGB ( '',1.000000000000000000, 1.000000000000000000, 1.000000000000000000 ) ;
#6512 = PRESENTATION_STYLE_ASSIGNMENT (( #1643 ) ) ;
#6513 = VERTEX_POINT ( 'NONE', #10203 ) ;
#6514 = EDGE_CURVE ( 'NONE', #3125, #5231, #11597, .T. ) ;
#6515 = SURFACE_STYLE_FILL_AREA ( #9707 ) ;
#6516 = SURFACE_SIDE_STYLE ('',( #11258 ) ) ;
#6517 = LINE ( 'NONE', #1771, #3901 ) ;
#6518 = CARTESIAN_POINT ( 'NONE',  ( 0.0000000000000000000, -0.05000000000000000278, -0.07500000000000017764 ) ) ;
#6519 = MECHANICAL_DESIGN_GEOMETRIC_PRESENTATION_REPRESENTATION (  '', ( #5214 ), #7189 ) ;
#6520 = CARTESIAN_POINT ( 'NONE',  ( -0.4949999999999992184, 0.1000000000000000056, 1.500000000000000000 ) ) ;
#6521 = AXIS2_PLACEMENT_3D ( 'NONE', #10237, #4346, #11216 ) ;
#6522 = EDGE_CURVE ( 'NONE', #5843, #2308, #1403, .T. ) ;
#6523 = ORIENTED_EDGE ( 'NONE', *, *, #2410, .T. ) ;
#6524 = PRESENTATION_LAYER_ASSIGNMENT (  '', '', ( #5220 ) ) ;
#6525 = LINE ( 'NONE', #12179, #11777 ) ;
#6526 = SURFACE_STYLE_USAGE ( .BOTH. , #12450 ) ;
#6527 = EDGE_CURVE ( 'NONE', #4005, #6302, #11911, .T. ) ;
#6528 =( NAMED_UNIT ( * ) SI_UNIT ( $, .STERADIAN. ) SOLID_ANGLE_UNIT ( ) );
#6529 = PRESENTATION_STYLE_ASSIGNMENT (( #4426 ) ) ;
#6530 = SURFACE_STYLE_USAGE ( .BOTH. , #12451 ) ;
#6531 = VERTEX_POINT ( 'NONE', #6265 ) ;
#6532 = ORIENTED_EDGE ( 'NONE', *, *, #6505, .T. ) ;
#6533 = DIRECTION ( 'NONE',  ( 0.1874275599918963642, 0.9642312064598242971, -0.1874275599918963364 ) ) ;
#6534 = UNCERTAINTY_MEASURE_WITH_UNIT (LENGTH_MEASURE( 1.000000000000000082E-05 ), #6491, 'distance_accuracy_value', 'NONE');
#6535 = EDGE_LOOP ( 'NONE', ( #9504, #9155, #1841, #12141 ) ) ;
#6536 = DIRECTION ( 'NONE',  ( 0.0000000000000000000, 0.0000000000000000000, 1.000000000000000000 ) ) ;
#6537 = ORIENTED_EDGE ( 'NONE', *, *, #7661, .F. ) ;
#6538 = CARTESIAN_POINT ( 'NONE',  ( -0.7912377610681550211, 0.1000000000000000056, 0.0000000000000000000 ) ) ;
#6539 = LINE ( 'NONE', #3943, #3601 ) ;
#6540 = ORIENTED_EDGE ( 'NONE', *, *, #10996, .F. ) ;
#6541 = EDGE_CURVE ( 'NONE', #11882, #7616, #3717, .T. ) ;
#6542 = DIRECTION ( 'NONE',  ( 1.000000000000000000, -0.0000000000000000000, 0.0000000000000000000 ) ) ;
#6543 = ORIENTED_EDGE ( 'NONE', *, *, #219, .F. ) ;
#6544 = DIRECTION ( 'NONE',  ( 0.0000000000000000000, 0.0000000000000000000, -1.000000000000000000 ) ) ;
#6545 = FILL_AREA_STYLE ('',( #12466 ) ) ;
#6546 = AXIS2_PLACEMENT_3D ( 'NONE', #9194, #12183, #1380 ) ;
#6547 = ORIENTED_EDGE ( 'NONE', *, *, #2814, .T. ) ;
#6548 = UNCERTAINTY_MEASURE_WITH_UNIT (LENGTH_MEASURE( 1.000000000000000082E-05 ), #5316, 'distance_accuracy_value', 'NONE');
#6549 = DIRECTION ( 'NONE',  ( 0.0000000000000000000, 1.000000000000000000, -0.0000000000000000000 ) ) ;
#6550 = PRESENTATION_STYLE_ASSIGNMENT (( #4575 ) ) ;
#6551 = DIRECTION ( 'NONE',  ( 1.000000000000000000, -0.0000000000000000000, 0.0000000000000000000 ) ) ;
#6552 = CARTESIAN_POINT ( 'NONE',  ( -0.1060883464570583357, 0.0000000000000000000, 1.276162611327208651 ) ) ;
#6553 = ORIENTED_EDGE ( 'NONE', *, *, #10105, .F. ) ;
#6554 = ORIENTED_EDGE ( 'NONE', *, *, #11467, .F. ) ;
#6555 = CARTESIAN_POINT ( 'NONE',  ( -0.4849999999999994316, -0.05000000000000000278, -1.199999999999999289 ) ) ;
#6556 = AXIS2_PLACEMENT_3D ( 'NONE', #476, #7414, #1492 ) ;
#6557 = EDGE_CURVE ( 'NONE', #7485, #11084, #11290, .T. ) ;
#6558 =( GEOMETRIC_REPRESENTATION_CONTEXT ( 3 ) GLOBAL_UNCERTAINTY_ASSIGNED_CONTEXT ( ( #443 ) ) GLOBAL_UNIT_ASSIGNED_CONTEXT ( ( #5212, #12103, #6202 ) ) REPRESENTATION_CONTEXT ( 'NONE', 'WORKASPACE' ) );
#6559 = SURFACE_SIDE_STYLE ('',( #5105 ) ) ;
#6560 =( NAMED_UNIT ( * ) SI_UNIT ( $, .STERADIAN. ) SOLID_ANGLE_UNIT ( ) );
#6561 = CARTESIAN_POINT ( 'NONE',  ( -1.197916575926319283, -0.05000000000000000278, 0.0000000000000000000 ) ) ;
#6562 = ORIENTED_EDGE ( 'NONE', *, *, #7793, .F. ) ;
#6563 = DIRECTION ( 'NONE',  ( 1.000000000000000000, -0.0000000000000000000, 0.0000000000000000000 ) ) ;
#6564 = COLOUR_RGB ( '',1.000000000000000000, 1.000000000000000000, 1.000000000000000000 ) ;
#6565 = ADVANCED_FACE ( 'NONE', ( #8674 ), #5345, .T. ) ;
#6566 = UNCERTAINTY_MEASURE_WITH_UNIT (LENGTH_MEASURE( 1.000000000000000082E-05 ), #7648, 'distance_accuracy_value', 'NONE');
#6567 = ORIENTED_EDGE ( 'NONE', *, *, #1651, .F. ) ;
#6568 = ADVANCED_FACE ( 'NONE', ( #5318 ), #12278, .T. ) ;
#6569 = DIRECTION ( 'NONE',  ( 0.0000000000000000000, 1.000000000000000000, -0.0000000000000000000 ) ) ;
#6570 =( LENGTH_UNIT ( ) NAMED_UNIT ( * ) SI_UNIT ( .MILLI., .METRE. ) );
#6571 = CARTESIAN_POINT ( 'NONE',  ( 1.197916575926319283, 0.1000000000000000056, -0.2000076143446563315 ) ) ;
#6572 =( NAMED_UNIT ( * ) PLANE_ANGLE_UNIT ( ) SI_UNIT ( $, .RADIAN. ) );
#6573 = PRESENTATION_STYLE_ASSIGNMENT (( #10042 ) ) ;
#6574 = EDGE_LOOP ( 'NONE', ( #8600, #2733, #10253, #10116 ) ) ;
#6575 = LINE ( 'NONE', #682, #8589 ) ;
#6576 = AXIS2_PLACEMENT_3D ( 'NONE', #3888, #10788, #4891 ) ;
#6577 = EDGE_CURVE ( 'NONE', #1664, #12058, #9301, .T. ) ;
#6578 = DIRECTION ( 'NONE',  ( 0.0000000000000000000, 0.0000000000000000000, 1.000000000000000000 ) ) ;
#6579 = EDGE_CURVE ( 'NONE', #12175, #287, #11923, .T. ) ;
#6580 = AXIS2_PLACEMENT_3D ( 'NONE', #10814, #4913, #11798 ) ;
#6581 =( LENGTH_UNIT ( ) NAMED_UNIT ( * ) SI_UNIT ( .MILLI., .METRE. ) );
#6582 =( LENGTH_UNIT ( ) NAMED_UNIT ( * ) SI_UNIT ( .MILLI., .METRE. ) );
#6583 = ORIENTED_EDGE ( 'NONE', *, *, #5495, .T. ) ;
#6584 = CARTESIAN_POINT ( 'NONE',  ( 0.0000000000000000000, -0.05000000000000000278, 0.07500000000000017764 ) ) ;
#6585 = LINE ( 'NONE', #6111, #11525 ) ;
#6586 = AXIS2_PLACEMENT_3D ( 'NONE', #11669, #10273, #12511 ) ;
#6587 = COLOUR_RGB ( '',1.000000000000000000, 1.000000000000000000, 1.000000000000000000 ) ;
#6588 = DIRECTION ( 'NONE',  ( -1.000000000000000000, 0.0000000000000000000, 0.0000000000000000000 ) ) ;
#6589 = LINE ( 'NONE', #1335, #11531 ) ;
#6590 =( GEOMETRIC_REPRESENTATION_CONTEXT ( 3 ) GLOBAL_UNCERTAINTY_ASSIGNED_CONTEXT ( ( #9635 ) ) GLOBAL_UNIT_ASSIGNED_CONTEXT ( ( #9886, #9052, #9019 ) ) REPRESENTATION_CONTEXT ( 'NONE', 'WORKASPACE' ) );
#6591 = DIRECTION ( 'NONE',  ( 0.0000000000000000000, -1.000000000000000000, 0.0000000000000000000 ) ) ;
#6592 = ORIENTED_EDGE ( 'NONE', *, *, #5851, .T. ) ;
#6593 = CIRCLE ( 'NONE', #3042, 0.05593526370766899181 ) ;
#6594 = DIRECTION ( 'NONE',  ( 0.0000000000000000000, 1.000000000000000000, 0.0000000000000000000 ) ) ;
#6595 =( GEOMETRIC_REPRESENTATION_CONTEXT ( 3 ) GLOBAL_UNCERTAINTY_ASSIGNED_CONTEXT ( ( #1423 ) ) GLOBAL_UNIT_ASSIGNED_CONTEXT ( ( #10759, #4870, #11755 ) ) REPRESENTATION_CONTEXT ( 'NONE', 'WORKASPACE' ) );
#6596 = VECTOR ( 'NONE', #6755, 1000.000000000000000 ) ;
#6597 = CARTESIAN_POINT ( 'NONE',  ( -0.5693055000161476586, 0.1000000000000000056, 1.249999999999999112 ) ) ;
#6598 = DIRECTION ( 'NONE',  ( 0.0000000000000000000, -1.000000000000000000, 0.0000000000000000000 ) ) ;
#6599 = VECTOR ( 'NONE', #4598, 1000.000000000000000 ) ;
#6600 = DIRECTION ( 'NONE',  ( -1.000000000000000000, 0.0000000000000000000, 0.0000000000000000000 ) ) ;
#6601 = EDGE_LOOP ( 'NONE', ( #11735, #6733, #7625, #3947 ) ) ;
#6602 = ORIENTED_EDGE ( 'NONE', *, *, #3243, .T. ) ;
#6603 = ORIENTED_EDGE ( 'NONE', *, *, #10172, .T. ) ;
#6604 = LINE ( 'NONE', #457, #6303 ) ;
#6605 = DIRECTION ( 'NONE',  ( 1.000000000000000000, 0.0000000000000000000, 2.189696164768673130E-14 ) ) ;
#6606 = ORIENTED_EDGE ( 'NONE', *, *, #4885, .F. ) ;
#6607 = VECTOR ( 'NONE', #776, 1000.000000000000000 ) ;
#6608 = SURFACE_STYLE_USAGE ( .BOTH. , #671 ) ;
#6609 = ADVANCED_FACE ( 'NONE', ( #1420 ), #8070, .T. ) ;
#6610 = PRESENTATION_STYLE_ASSIGNMENT (( #828 ) ) ;
#6611 = AXIS2_PLACEMENT_3D ( 'NONE', #5177, #7603, #12717 ) ;
#6612 = STYLED_ITEM ( 'NONE', ( #4366 ), #3795 ) ;
#6613 = PLANE ( 'NONE',  #3935 ) ;
#6614 = COLOUR_RGB ( '',1.000000000000000000, 1.000000000000000000, 1.000000000000000000 ) ;
#6615 = COLOUR_RGB ( '',1.000000000000000000, 1.000000000000000000, 1.000000000000000000 ) ;
#6616 = ORIENTED_EDGE ( 'NONE', *, *, #11674, .T. ) ;
#6617 = FILL_AREA_STYLE ('',( #9559 ) ) ;
#6618 = CARTESIAN_POINT ( 'NONE',  ( 1.162759967184092247, -0.05000000000000000278, 0.0000000000000000000 ) ) ;
#6619 = CARTESIAN_POINT ( 'NONE',  ( 0.0000000000000000000, 0.1000000000000000056, -1.649999999999998579 ) ) ;
#6620 = ORIENTED_EDGE ( 'NONE', *, *, #5007, .T. ) ;
#6621 = VERTEX_POINT ( 'NONE', #8426 ) ;
#6622 = VERTEX_POINT ( 'NONE', #2505 ) ;
#6623 = AXIS2_PLACEMENT_3D ( 'NONE', #684, #7635, #1708 ) ;
#6624 = UNCERTAINTY_MEASURE_WITH_UNIT (LENGTH_MEASURE( 1.000000000000000082E-05 ), #134, 'distance_accuracy_value', 'NONE');
#6625 = ORIENTED_EDGE ( 'NONE', *, *, #8088, .T. ) ;
#6626 = CARTESIAN_POINT ( 'NONE',  ( 1.540045451220498407, 0.1000000000000000056, -0.07500000000000017764 ) ) ;
#6627 = FILL_AREA_STYLE ('',( #11665 ) ) ;
#6628 = SURFACE_STYLE_USAGE ( .BOTH. , #6896 ) ;
#6629 = CARTESIAN_POINT ( 'NONE',  ( -0.5509352637076680992, 0.0000000000000000000, 1.375493264616636457 ) ) ;
#6630 = DIRECTION ( 'NONE',  ( -0.0000000000000000000, 0.0000000000000000000, -1.000000000000000000 ) ) ;
#6631 = SURFACE_STYLE_FILL_AREA ( #12343 ) ;
#6632 = VERTEX_POINT ( 'NONE', #491 ) ;
#6633 = ORIENTED_EDGE ( 'NONE', *, *, #1481, .F. ) ;
#6634 = ORIENTED_EDGE ( 'NONE', *, *, #12833, .F. ) ;
#6635 =( GEOMETRIC_REPRESENTATION_CONTEXT ( 3 ) GLOBAL_UNCERTAINTY_ASSIGNED_CONTEXT ( ( #10023 ) ) GLOBAL_UNIT_ASSIGNED_CONTEXT ( ( #2175, #9060, #3139 ) ) REPRESENTATION_CONTEXT ( 'NONE', 'WORKASPACE' ) );
#6636 = EDGE_CURVE ( 'NONE', #637, #7942, #464, .T. ) ;
#6637 =( NAMED_UNIT ( * ) PLANE_ANGLE_UNIT ( ) SI_UNIT ( $, .RADIAN. ) );
#6638 = VECTOR ( 'NONE', #11145, 1000.000000000000000 ) ;
#6639 = SURFACE_STYLE_FILL_AREA ( #9791 ) ;
#6640 = UNCERTAINTY_MEASURE_WITH_UNIT (LENGTH_MEASURE( 1.000000000000000082E-05 ), #8063, 'distance_accuracy_value', 'NONE');
#6641 = ORIENTED_EDGE ( 'NONE', *, *, #11510, .F. ) ;
#6642 = CARTESIAN_POINT ( 'NONE',  ( 1.134999999999999787, 0.1000000000000000056, -1.416874574924349872 ) ) ;
#6643 = STYLED_ITEM ( 'NONE', ( #10943 ), #9225 ) ;
#6644 = CIRCLE ( 'NONE', #8720, 0.1000000000000000472 ) ;
#6645 = DIRECTION ( 'NONE',  ( 0.0000000000000000000, 0.0000000000000000000, 1.000000000000000000 ) ) ;
#6646 = EDGE_LOOP ( 'NONE', ( #11414, #12503, #7453, #1869 ) ) ;
#6647 = SURFACE_STYLE_FILL_AREA ( #8042 ) ;
#6648 = VERTEX_POINT ( 'NONE', #11403 ) ;
#6649 = LINE ( 'NONE', #8961, #8967 ) ;
#6650 = ORIENTED_EDGE ( 'NONE', *, *, #11762, .F. ) ;
#6651 = CARTESIAN_POINT ( 'NONE',  ( 0.0000000000000000000, 0.1000000000000000056, 0.0000000000000000000 ) ) ;
#6652 = SURFACE_SIDE_STYLE ('',( #5605 ) ) ;
#6653 =( LENGTH_UNIT ( ) NAMED_UNIT ( * ) SI_UNIT ( .MILLI., .METRE. ) );
#6654 = STYLED_ITEM ( 'NONE', ( #7387 ), #5356 ) ;
#6655 = VECTOR ( 'NONE', #2289, 1000.000000000000000 ) ;
#6656 = CARTESIAN_POINT ( 'NONE',  ( -1.540045451220498407, -0.05000000000000000278, -0.07500000000000017764 ) ) ;
#6657 = ORIENTED_EDGE ( 'NONE', *, *, #5613, .T. ) ;
#6658 = SURFACE_STYLE_FILL_AREA ( #5700 ) ;
#6659 = PRESENTATION_STYLE_ASSIGNMENT (( #10664 ) ) ;
#6660 = CARTESIAN_POINT ( 'NONE',  ( 0.0000000000000000000, -0.05000000000000000278, -1.199999999999999289 ) ) ;
#6661 = DIRECTION ( 'NONE',  ( 0.0000000000000000000, 1.000000000000000000, 0.0000000000000000000 ) ) ;
#6662 = COLOUR_RGB ( '',0.7921568627450980005, 0.8196078431372548767, 0.9333333333333333481 ) ;
#6663 = DIRECTION ( 'NONE',  ( 0.0000000000000000000, 1.000000000000000000, 0.0000000000000000000 ) ) ;
#6664 =( GEOMETRIC_REPRESENTATION_CONTEXT ( 3 ) GLOBAL_UNCERTAINTY_ASSIGNED_CONTEXT ( ( #11787 ) ) GLOBAL_UNIT_ASSIGNED_CONTEXT ( ( #11199, #2893, #36 ) ) REPRESENTATION_CONTEXT ( 'NONE', 'WORKASPACE' ) );
#6665 = ORIENTED_EDGE ( 'NONE', *, *, #5976, .T. ) ;
#6666 = COLOUR_RGB ( '',1.000000000000000000, 1.000000000000000000, 1.000000000000000000 ) ;
#6667 = DIRECTION ( 'NONE',  ( 0.0000000000000000000, 1.000000000000000000, 0.0000000000000000000 ) ) ;
#6668 = CARTESIAN_POINT ( 'NONE',  ( 0.4810022717477533405, 0.1000000000000000056, -1.416874574924349872 ) ) ;
#6669 = CARTESIAN_POINT ( 'NONE',  ( -0.5439116535429402433, 0.1000000000000000056, 0.0000000000000000000 ) ) ;
#6670 =( LENGTH_UNIT ( ) NAMED_UNIT ( * ) SI_UNIT ( .MILLI., .METRE. ) );
#6671 = EDGE_CURVE ( 'NONE', #10535, #2430, #10683, .T. ) ;
#6672 = LINE ( 'NONE', #6555, #1426 ) ;
#6673 = FILL_AREA_STYLE ('',( #2711 ) ) ;
#6674 = ADVANCED_FACE ( 'NONE', ( #10390 ), #12407, .F. ) ;
#6675 = COLOUR_RGB ( '',1.000000000000000000, 1.000000000000000000, 1.000000000000000000 ) ;
#6676 = STYLED_ITEM ( 'NONE', ( #5126 ), #7065 ) ;
#6677 = SURFACE_SIDE_STYLE ('',( #12663 ) ) ;
#6678 = LINE ( 'NONE', #6618, #1429 ) ;
#6679 = ORIENTED_EDGE ( 'NONE', *, *, #7123, .T. ) ;
#6680 = SURFACE_STYLE_USAGE ( .BOTH. , #6723 ) ;
#6681 = LINE ( 'NONE', #9754, #4071 ) ;
#6682 = CIRCLE ( 'NONE', #8653, 0.05593526370766899181 ) ;
#6683 = VERTEX_POINT ( 'NONE', #7440 ) ;
#6684 = CARTESIAN_POINT ( 'NONE',  ( 0.0000000000000000000, -0.05000000000000000278, -1.416874574924349872 ) ) ;
#6685 = SURFACE_SIDE_STYLE ('',( #7432 ) ) ;
#6686 = DIRECTION ( 'NONE',  ( 0.0000000000000000000, 1.000000000000000000, 0.0000000000000000000 ) ) ;
#6687 = CARTESIAN_POINT ( 'NONE',  ( 0.5693055000161476586, 0.0000000000000000000, 1.249999999999999112 ) ) ;
#6688 = AXIS2_PLACEMENT_3D ( 'NONE', #1838, #819, #12715 ) ;
#6689 = AXIS2_PLACEMENT_3D ( 'NONE', #6213, #1166, #995 ) ;
#6690 = VERTEX_POINT ( 'NONE', #579 ) ;
#6691 = EDGE_CURVE ( 'NONE', #1971, #590, #6831, .T. ) ;
#6692 = SURFACE_SIDE_STYLE ('',( #7682 ) ) ;
#6693 = ORIENTED_EDGE ( 'NONE', *, *, #11351, .T. ) ;
#6694 = VECTOR ( 'NONE', #7447, 1000.000000000000000 ) ;
#6695 =( LENGTH_UNIT ( ) NAMED_UNIT ( * ) SI_UNIT ( .MILLI., .METRE. ) );
#6696 = DIRECTION ( 'NONE',  ( -0.9816271834476639757, 0.1908089953765452762, 0.0000000000000000000 ) ) ;
#6697 = LINE ( 'NONE', #8031, #11955 ) ;
#6698 = CARTESIAN_POINT ( 'NONE',  ( -0.1549999999999993883, 0.1000000000000000056, 1.649999999999999467 ) ) ;
#6699 = CARTESIAN_POINT ( 'NONE',  ( -1.257124604555293734, -0.05000000000000000278, 0.1623686072350682963 ) ) ;
#6700 = ORIENTED_EDGE ( 'NONE', *, *, #1462, .T. ) ;
#6701 = CARTESIAN_POINT ( 'NONE',  ( 1.171933149074798175, 0.0000000000000000000, -0.2000076143446563315 ) ) ;
#6702 = DIRECTION ( 'NONE',  ( 1.000000000000000000, -0.0000000000000000000, 0.0000000000000000000 ) ) ;
#6703 = DIRECTION ( 'NONE',  ( -1.000000000000000000, 0.0000000000000000000, 0.0000000000000000000 ) ) ;
#6704 = VERTEX_POINT ( 'NONE', #9506 ) ;
#6705 = EDGE_CURVE ( 'NONE', #3235, #590, #1868, .T. ) ;
#6706 = LINE ( 'NONE', #11062, #6410 ) ;
#6707 = UNCERTAINTY_MEASURE_WITH_UNIT (LENGTH_MEASURE( 1.000000000000000082E-05 ), #4298, 'distance_accuracy_value', 'NONE');
#6708 = DIRECTION ( 'NONE',  ( 0.0000000000000000000, 0.0000000000000000000, 1.000000000000000000 ) ) ;
#6709 = EDGE_CURVE ( 'NONE', #1915, #10173, #9447, .T. ) ;
#6710 = FILL_AREA_STYLE ('',( #8670 ) ) ;
#6711 = CARTESIAN_POINT ( 'NONE',  ( -0.1549999999999993883, 0.1000000000000000056, 1.500000000000000000 ) ) ;
#6712 = VECTOR ( 'NONE', #9487, 1000.000000000000000 ) ;
#6713 = DIRECTION ( 'NONE',  ( 0.0000000000000000000, -1.000000000000000000, 0.0000000000000000000 ) ) ;
#6714 = CARTESIAN_POINT ( 'NONE',  ( 0.7406944999838511734, -0.05000000000000000278, 1.249999999999999112 ) ) ;
#6715 = ORIENTED_EDGE ( 'NONE', *, *, #6874, .T. ) ;
#6716 = CARTESIAN_POINT ( 'NONE',  ( 0.0000000000000000000, 0.1499999999999999944, 1.500000000000000000 ) ) ;
#6717 = PRESENTATION_LAYER_ASSIGNMENT (  '', '', ( #5416 ) ) ;
#6718 = CARTESIAN_POINT ( 'NONE',  ( 0.1650000000000009237, 0.1000000000000000056, -1.199999999999999289 ) ) ;
#6719 = CARTESIAN_POINT ( 'NONE',  ( 0.0000000000000000000, 0.1000000000000000056, 0.07500000000000017764 ) ) ;
#6720 = ORIENTED_EDGE ( 'NONE', *, *, #3819, .T. ) ;
#6722 = CARTESIAN_POINT ( 'NONE',  ( -0.7660883464570584778, 0.1000000000000000056, 0.0000000000000000000 ) ) ;
#6721 = COLOUR_RGB ( '',1.000000000000000000, 1.000000000000000000, 1.000000000000000000 ) ;
#6723 = SURFACE_SIDE_STYLE ('',( #940 ) ) ;
#6724 = UNCERTAINTY_MEASURE_WITH_UNIT (LENGTH_MEASURE( 1.000000000000000082E-05 ), #2349, 'distance_accuracy_value', 'NONE');
#6725 = DIRECTION ( 'NONE',  ( 0.0000000000000000000, -1.000000000000000000, 0.0000000000000000000 ) ) ;
#6726 = STYLED_ITEM ( 'NONE', ( #10279 ), #11789 ) ;
#6727 = MECHANICAL_DESIGN_GEOMETRIC_PRESENTATION_REPRESENTATION (  '', ( #4767 ), #7400 ) ;
#6728 = CARTESIAN_POINT ( 'NONE',  ( 1.291219160478732420, 0.6999999999999998446, 0.0000000000000000000 ) ) ;
#6729 = FACE_OUTER_BOUND ( 'NONE', #7328, .T. ) ;
#6730 = CARTESIAN_POINT ( 'NONE',  ( 0.0000000000000000000, -0.05000000000000000278, -1.416874574924349872 ) ) ;
#6731 = CARTESIAN_POINT ( 'NONE',  ( 0.1160883464570598989, 0.0000000000000000000, -0.0000000000000000000 ) ) ;
#6732 = CARTESIAN_POINT ( 'NONE',  ( 0.0000000000000000000, 0.1000000000000000056, 1.249999999999999112 ) ) ;
#6733 = ORIENTED_EDGE ( 'NONE', *, *, #4567, .F. ) ;
#6734 = FACE_OUTER_BOUND ( 'NONE', #11335, .T. ) ;
#6735 = DIRECTION ( 'NONE',  ( 0.0000000000000000000, -1.000000000000000000, 0.0000000000000000000 ) ) ;
#6736 = SURFACE_STYLE_USAGE ( .BOTH. , #12653 ) ;
#6737 = CARTESIAN_POINT ( 'NONE',  ( -1.197916575926319283, 0.1000000000000000056, 0.2000076143446563315 ) ) ;
#6738 = FILL_AREA_STYLE ('',( #5764 ) ) ;
#6739 = ADVANCED_FACE ( 'NONE', ( #9134 ), #4615, .T. ) ;
#6740 = ORIENTED_EDGE ( 'NONE', *, *, #12049, .F. ) ;
#6741 = DIRECTION ( 'NONE',  ( 0.0000000000000000000, 0.0000000000000000000, 1.000000000000000000 ) ) ;
#6742 = CARTESIAN_POINT ( 'NONE',  ( 0.4810022717477533405, 0.1000000000000000056, -1.416874574924349872 ) ) ;
#6743 = EDGE_CURVE ( 'NONE', #4269, #7434, #8216, .T. ) ;
#6744 = EDGE_CURVE ( 'NONE', #4363, #2308, #10854, .T. ) ;
#6745 = VECTOR ( 'NONE', #9856, 1000.000000000000000 ) ;
#6746 = VECTOR ( 'NONE', #4372, 1000.000000000000000 ) ;
#6747 = MECHANICAL_DESIGN_GEOMETRIC_PRESENTATION_REPRESENTATION (  '', ( #4791 ), #7428 ) ;
#6748 = DIRECTION ( 'NONE',  ( 0.0000000000000000000, 0.0000000000000000000, 1.000000000000000000 ) ) ;
#6749 = EDGE_CURVE ( 'NONE', #4506, #11726, #2943, .T. ) ;
#6750 = DIRECTION ( 'NONE',  ( 0.0000000000000000000, -1.000000000000000000, 0.0000000000000000000 ) ) ;
#6751 =( NAMED_UNIT ( * ) SI_UNIT ( $, .STERADIAN. ) SOLID_ANGLE_UNIT ( ) );
#6752 =( NAMED_UNIT ( * ) SI_UNIT ( $, .STERADIAN. ) SOLID_ANGLE_UNIT ( ) );
#6753 = LINE ( 'NONE', #5281, #3184 ) ;
#6754 = ORIENTED_EDGE ( 'NONE', *, *, #2528, .T. ) ;
#6756 = ADVANCED_FACE ( 'NONE', ( #304 ), #11565, .T. ) ;
#6755 = DIRECTION ( 'NONE',  ( 1.000000000000000000, -0.0000000000000000000, 0.0000000000000000000 ) ) ;
#6757 = EDGE_LOOP ( 'NONE', ( #581, #1203, #11103, #8495, #2925, #2438, #9396, #10476, #10785, #4555, #7406, #8532 ) ) ;
#6758 =( LENGTH_UNIT ( ) NAMED_UNIT ( * ) SI_UNIT ( .MILLI., .METRE. ) );
#6759 = FACE_OUTER_BOUND ( 'NONE', #12280, .T. ) ;
#6760 = PRESENTATION_LAYER_ASSIGNMENT (  '', '', ( #6107 ) ) ;
#6761 = AXIS2_PLACEMENT_3D ( 'NONE', #4732, #11387, #12589 ) ;
#6762 = VERTEX_POINT ( 'NONE', #4693 ) ;
#6763 = EDGE_CURVE ( 'NONE', #9811, #5541, #6982, .T. ) ;
#6764 = VECTOR ( 'NONE', #12502, 1000.000000000000000 ) ;
#6765 = ORIENTED_EDGE ( 'NONE', *, *, #10441, .T. ) ;
#6766 = LINE ( 'NONE', #4472, #12024 ) ;
#6767 = ORIENTED_EDGE ( 'NONE', *, *, #1129, .T. ) ;
#6768 = CARTESIAN_POINT ( 'NONE',  ( -0.5127599671840918916, 0.1000000000000000056, 0.0000000000000000000 ) ) ;
#6769 = STYLED_ITEM ( 'NONE', ( #2912 ), #7779 ) ;
#6770 = ORIENTED_EDGE ( 'NONE', *, *, #9863, .T. ) ;
#6771 = SURFACE_SIDE_STYLE ('',( #11865 ) ) ;
#6772 = EDGE_CURVE ( 'NONE', #8798, #2408, #9606, .T. ) ;
#6773 = CIRCLE ( 'NONE', #9169, 0.05920802862897456276 ) ;
#6775 = ADVANCED_FACE ( 'NONE', ( #11917 ), #2746, .T. ) ;
#6774 = DIRECTION ( 'NONE',  ( 0.0000000000000000000, 1.000000000000000000, 0.0000000000000000000 ) ) ;
#6776 = CARTESIAN_POINT ( 'NONE',  ( 0.0000000000000000000, 0.0000000000000000000, -0.07500000000000017764 ) ) ;
#6777 = FILL_AREA_STYLE ('',( #8687 ) ) ;
#6778 = LINE ( 'NONE', #12215, #1523 ) ;
#6779 = CARTESIAN_POINT ( 'NONE',  ( 1.197916575926319283, 0.0000000000000000000, 0.0000000000000000000 ) ) ;
#6780 = LINE ( 'NONE', #10691, #6936 ) ;
#6781 = LINE ( 'NONE', #9427, #1526 ) ;
#6782 = VERTEX_POINT ( 'NONE', #754 ) ;
#6783 = ORIENTED_EDGE ( 'NONE', *, *, #9892, .F. ) ;
#6784 = FACE_OUTER_BOUND ( 'NONE', #3514, .T. ) ;
#6785 = VECTOR ( 'NONE', #10998, 1000.000000000000000 ) ;
#6786 = PRESENTATION_STYLE_ASSIGNMENT (( #7626 ) ) ;
#6787 = ORIENTED_EDGE ( 'NONE', *, *, #7554, .F. ) ;
#6788 = UNCERTAINTY_MEASURE_WITH_UNIT (LENGTH_MEASURE( 1.000000000000000082E-05 ), #7770, 'distance_accuracy_value', 'NONE');
#6789 =( LENGTH_UNIT ( ) NAMED_UNIT ( * ) SI_UNIT ( .MILLI., .METRE. ) );
#6790 = PRESENTATION_LAYER_ASSIGNMENT (  '', '', ( #5482 ) ) ;
#6791 = DIRECTION ( 'NONE',  ( 0.0000000000000000000, 0.0000000000000000000, 1.000000000000000000 ) ) ;
#6792 = SURFACE_STYLE_FILL_AREA ( #401 ) ;
#6793 = FILL_AREA_STYLE ('',( #4828 ) ) ;
#6794 = EDGE_CURVE ( 'NONE', #1356, #8942, #8366, .T. ) ;
#6795 = DIRECTION ( 'NONE',  ( 0.0000000000000000000, 1.000000000000000000, -0.0000000000000000000 ) ) ;
#6796 = EDGE_LOOP ( 'NONE', ( #3567, #9762, #4027, #5184 ) ) ;
#6797 = LINE ( 'NONE', #330, #3544 ) ;
#6798 = CARTESIAN_POINT ( 'NONE',  ( -1.171933149074797953, 0.1000000000000000056, 0.2369407634194545809 ) ) ;
#6799 = DIRECTION ( 'NONE',  ( 0.0000000000000000000, 1.000000000000000000, -0.0000000000000000000 ) ) ;
#6800 = MECHANICAL_DESIGN_GEOMETRIC_PRESENTATION_REPRESENTATION (  '', ( #4833 ), #7469 ) ;
#6801 =( NAMED_UNIT ( * ) PLANE_ANGLE_UNIT ( ) SI_UNIT ( $, .RADIAN. ) );
#6802 = SURFACE_STYLE_FILL_AREA ( #5238 ) ;
#6803 = VECTOR ( 'NONE', #308, 1000.000000000000000 ) ;
#6804 = EDGE_LOOP ( 'NONE', ( #10096, #9927, #7325, #8233 ) ) ;
#6805 =( LENGTH_UNIT ( ) NAMED_UNIT ( * ) SI_UNIT ( .MILLI., .METRE. ) );
#6806 = CARTESIAN_POINT ( 'NONE',  ( 0.0000000000000000000, 0.0000000000000000000, -1.277681107331943622 ) ) ;
#6807 = DIRECTION ( 'NONE',  ( -1.000000000000000000, 0.0000000000000000000, 0.0000000000000000000 ) ) ;
#6808 = UNCERTAINTY_MEASURE_WITH_UNIT (LENGTH_MEASURE( 1.000000000000000082E-05 ), #2355, 'distance_accuracy_value', 'NONE');
#6809 = FILL_AREA_STYLE ('',( #2810 ) ) ;
#6810 = LINE ( 'NONE', #7976, #8820 ) ;
#6811 = AXIS2_PLACEMENT_3D ( 'NONE', #6120, #156, #7126 ) ;
#6812 = ORIENTED_EDGE ( 'NONE', *, *, #7620, .F. ) ;
#6813 = EDGE_CURVE ( 'NONE', #9832, #2290, #5742, .T. ) ;
#6814 = PRESENTATION_STYLE_ASSIGNMENT (( #4054 ) ) ;
#6815 = MECHANICAL_DESIGN_GEOMETRIC_PRESENTATION_REPRESENTATION (  '', ( #5496 ), #7478 ) ;
#6816 = ORIENTED_EDGE ( 'NONE', *, *, #7213, .F. ) ;
#6817 = ORIENTED_EDGE ( 'NONE', *, *, #6527, .F. ) ;
#6818 = DIRECTION ( 'NONE',  ( 1.000000000000000000, -0.0000000000000000000, 0.0000000000000000000 ) ) ;
#6819 = DIRECTION ( 'NONE',  ( -1.000000000000000000, 0.0000000000000000000, 0.0000000000000000000 ) ) ;
#6820 = ADVANCED_FACE ( 'NONE', ( #3092 ), #5794, .T. ) ;
#6821 = VECTOR ( 'NONE', #2380, 1000.000000000000000 ) ;
#6822 = FILL_AREA_STYLE ('',( #5823 ) ) ;
#6823 = DIRECTION ( 'NONE',  ( 0.0000000000000000000, -1.000000000000000000, 0.0000000000000000000 ) ) ;
#6824 = VECTOR ( 'NONE', #12007, 1000.000000000000000 ) ;
#6825 = DIRECTION ( 'NONE',  ( 0.0000000000000000000, -1.000000000000000000, 0.0000000000000000000 ) ) ;
#6827 = VERTEX_POINT ( 'NONE', #11683 ) ;
#6826 = CARTESIAN_POINT ( 'NONE',  ( 1.291219160478732642, 0.6999999999999998446, -1.191219160478733219 ) ) ;
#6828 = CARTESIAN_POINT ( 'NONE',  ( 0.0000000000000000000, 0.1000000000000000056, -1.277681107331943622 ) ) ;
#6829 = ORIENTED_EDGE ( 'NONE', *, *, #10666, .T. ) ;
#6830 = SURFACE_STYLE_FILL_AREA ( #8805 ) ;
#6831 = LINE ( 'NONE', #6520, #4214 ) ;
#6832 = ADVANCED_FACE ( 'NONE', ( #12387 ), #1239, .T. ) ;
#6833 = AXIS2_PLACEMENT_3D ( 'NONE', #12565, #6645, #696 ) ;
#6834 = COLOUR_RGB ( '',1.000000000000000000, 1.000000000000000000, 1.000000000000000000 ) ;
#6835 = PRESENTATION_STYLE_ASSIGNMENT (( #10699 ) ) ;
#6836 =( GEOMETRIC_REPRESENTATION_CONTEXT ( 3 ) GLOBAL_UNCERTAINTY_ASSIGNED_CONTEXT ( ( #8082 ) ) GLOBAL_UNIT_ASSIGNED_CONTEXT ( ( #12376, #6445, #498 ) ) REPRESENTATION_CONTEXT ( 'NONE', 'WORKASPACE' ) );
#6837 = EDGE_CURVE ( 'NONE', #8549, #12342, #6199, .T. ) ;
#6838 = PRESENTATION_STYLE_ASSIGNMENT (( #12733 ) ) ;
#6839 = EDGE_CURVE ( 'NONE', #11135, #7559, #8829, .T. ) ;
#6840 = SURFACE_SIDE_STYLE ('',( #8385 ) ) ;
#6841 = SURFACE_STYLE_USAGE ( .BOTH. , #6880 ) ;
#6842 = DIRECTION ( 'NONE',  ( 1.000000000000000000, -0.0000000000000000000, 0.0000000000000000000 ) ) ;
#6843 = FILL_AREA_STYLE ('',( #5804 ) ) ;
#6844 = DIRECTION ( 'NONE',  ( 1.000000000000000000, -0.0000000000000000000, 0.0000000000000000000 ) ) ;
#6845 = CARTESIAN_POINT ( 'NONE',  ( 0.4810022717477533405, -0.05000000000000000278, 0.0000000000000000000 ) ) ;
#6846 = CARTESIAN_POINT ( 'NONE',  ( 0.0000000000000000000, -0.05000000000000000278, 1.649999999999999467 ) ) ;
#6847 = PRESENTATION_STYLE_ASSIGNMENT (( #7952 ) ) ;
#6848 = FACE_OUTER_BOUND ( 'NONE', #2262, .T. ) ;
#6849 = STYLED_ITEM ( 'NONE', ( #12389 ), #580 ) ;
#6850 = SURFACE_STYLE_FILL_AREA ( #3169 ) ;
#6851 = DIRECTION ( 'NONE',  ( 0.0000000000000000000, 1.000000000000000000, 0.0000000000000000000 ) ) ;
#6852 = VECTOR ( 'NONE', #935, 1000.000000000000000 ) ;
#6853 = ORIENTED_EDGE ( 'NONE', *, *, #12489, .F. ) ;
#6854 = CARTESIAN_POINT ( 'NONE',  ( 0.5439116535429402433, 0.0000000000000000000, 1.276162611327208651 ) ) ;
#6855 = ORIENTED_EDGE ( 'NONE', *, *, #9093, .T. ) ;
#6856 = CARTESIAN_POINT ( 'NONE',  ( 0.8189977282522473701, -0.05000000000000000278, 0.0000000000000000000 ) ) ;
#6857 = AXIS2_PLACEMENT_3D ( 'NONE', #9096, #9046, #8850 ) ;
#6858 = EDGE_CURVE ( 'NONE', #11941, #7292, #11452, .T. ) ;
#6859 = EDGE_LOOP ( 'NONE', ( #2083, #10589, #11657, #8425 ) ) ;
#6860 =( GEOMETRIC_REPRESENTATION_CONTEXT ( 3 ) GLOBAL_UNCERTAINTY_ASSIGNED_CONTEXT ( ( #997 ) ) GLOBAL_UNIT_ASSIGNED_CONTEXT ( ( #1696, #8609, #2689 ) ) REPRESENTATION_CONTEXT ( 'NONE', 'WORKASPACE' ) );
#6861 = LINE ( 'NONE', #6078, #11795 ) ;
#6862 = CARTESIAN_POINT ( 'NONE',  ( 1.540045451220498407, 0.1000000000000000056, 0.07500000000000017764 ) ) ;
#6863 = FILL_AREA_STYLE ('',( #9871 ) ) ;
#6864 = VERTEX_POINT ( 'NONE', #2922 ) ;
#6865 = ORIENTED_EDGE ( 'NONE', *, *, #9438, .F. ) ;
#6866 = CARTESIAN_POINT ( 'NONE',  ( 0.0000000000000000000, 0.1000000000000000056, 1.649999999999999467 ) ) ;
#6867 =( NAMED_UNIT ( * ) SI_UNIT ( $, .STERADIAN. ) SOLID_ANGLE_UNIT ( ) );
#6868 = ORIENTED_EDGE ( 'NONE', *, *, #10072, .T. ) ;
#6869 = CARTESIAN_POINT ( 'NONE',  ( 1.134999999999999787, -0.05000000000000000278, 1.649999999999999467 ) ) ;
#6870 = SURFACE_STYLE_FILL_AREA ( #10254 ) ;
#6871 = FILL_AREA_STYLE_COLOUR ( '', #2792 ) ;
#6872 = MECHANICAL_DESIGN_GEOMETRIC_PRESENTATION_REPRESENTATION (  '', ( #4898 ), #7532 ) ;
#6873 = MECHANICAL_DESIGN_GEOMETRIC_PRESENTATION_REPRESENTATION (  '', ( #5555 ), #7533 ) ;
#6874 = EDGE_CURVE ( 'NONE', #6334, #499, #923, .T. ) ;
#6875 = LINE ( 'NONE', #9410, #1613 ) ;
#6876 = ORIENTED_EDGE ( 'NONE', *, *, #6691, .T. ) ;
#6877 = VERTEX_POINT ( 'NONE', #12813 ) ;
#6878 = STYLED_ITEM ( 'NONE', ( #5240 ), #8258 ) ;
#6879 = CARTESIAN_POINT ( 'NONE',  ( -0.4849999999999994316, 0.1000000000000000056, 0.0000000000000000000 ) ) ;
#6880 = SURFACE_SIDE_STYLE ('',( #8706 ) ) ;
#6881 = CARTESIAN_POINT ( 'NONE',  ( 0.5439116535429402433, 0.0000000000000000000, 0.0000000000000000000 ) ) ;
#6882 = ORIENTED_EDGE ( 'NONE', *, *, #12431, .F. ) ;
#6883 = LINE ( 'NONE', #9905, #9186 ) ;
#6884 = UNCERTAINTY_MEASURE_WITH_UNIT (LENGTH_MEASURE( 1.000000000000000082E-05 ), #11563, 'distance_accuracy_value', 'NONE');
#6885 =( NAMED_UNIT ( * ) PLANE_ANGLE_UNIT ( ) SI_UNIT ( $, .RADIAN. ) );
#6886 = DIRECTION ( 'NONE',  ( 0.0000000000000000000, 0.0000000000000000000, 1.000000000000000000 ) ) ;
#6887 = LINE ( 'NONE', #6415, #9509 ) ;
#6888 = COLOUR_RGB ( '',1.000000000000000000, 1.000000000000000000, 1.000000000000000000 ) ;
#6889 = MECHANICAL_DESIGN_GEOMETRIC_PRESENTATION_REPRESENTATION (  '', ( #5576 ), #7551 ) ;
#6890 = EDGE_CURVE ( 'NONE', #4721, #7086, #3246, .T. ) ;
#6891 = FACE_OUTER_BOUND ( 'NONE', #11574, .T. ) ;
#6892 = SURFACE_STYLE_USAGE ( .BOTH. , #12787 ) ;
#6893 = EDGE_CURVE ( 'NONE', #2240, #1329, #604, .T. ) ;
#6894 = CARTESIAN_POINT ( 'NONE',  ( 0.0000000000000000000, 0.0000000000000000000, -1.416874574924349872 ) ) ;
#6895 = ORIENTED_EDGE ( 'NONE', *, *, #9478, .T. ) ;
#6896 = SURFACE_SIDE_STYLE ('',( #10673 ) ) ;
#6897 = VERTEX_POINT ( 'NONE', #9883 ) ;
#6898 = CARTESIAN_POINT ( 'NONE',  ( -0.1689977282522470148, 0.1000000000000000056, -1.416874574924349872 ) ) ;
#6899 = CARTESIAN_POINT ( 'NONE',  ( 0.0000000000000000000, -0.05000000000000000278, 1.249999999999999112 ) ) ;
#6900 = COLOUR_RGB ( '',1.000000000000000000, 1.000000000000000000, 1.000000000000000000 ) ;
#6901 = DIRECTION ( 'NONE',  ( -1.000000000000000000, 0.0000000000000000000, -0.0000000000000000000 ) ) ;
#6902 = CARTESIAN_POINT ( 'NONE',  ( 1.197916575926319283, -0.05000000000000000278, 0.1623686072350682963 ) ) ;
#6903 = CARTESIAN_POINT ( 'NONE',  ( -0.4949999999999992184, 0.0000000000000000000, 1.375493264616636679 ) ) ;
#6904 = ORIENTED_EDGE ( 'NONE', *, *, #114, .T. ) ;
#6905 =( LENGTH_UNIT ( ) NAMED_UNIT ( * ) SI_UNIT ( .MILLI., .METRE. ) );
#6906 =( GEOMETRIC_REPRESENTATION_CONTEXT ( 3 ) GLOBAL_UNCERTAINTY_ASSIGNED_CONTEXT ( ( #7586 ) ) GLOBAL_UNIT_ASSIGNED_CONTEXT ( ( #1859, #8779, #2839 ) ) REPRESENTATION_CONTEXT ( 'NONE', 'WORKASPACE' ) );
#6907 = STYLED_ITEM ( 'NONE', ( #6160 ), #5175 ) ;
#6908 =( LENGTH_UNIT ( ) NAMED_UNIT ( * ) SI_UNIT ( .MILLI., .METRE. ) );
#6909 =( NAMED_UNIT ( * ) SI_UNIT ( $, .STERADIAN. ) SOLID_ANGLE_UNIT ( ) );
#6910 = DIRECTION ( 'NONE',  ( 1.000000000000000000, -0.0000000000000000000, 0.0000000000000000000 ) ) ;
#6911 = CIRCLE ( 'NONE', #3469, 0.05920802862897456276 ) ;
#6912 = LINE ( 'NONE', #8183, #9531 ) ;
#6913 = FACE_OUTER_BOUND ( 'NONE', #3661, .T. ) ;
#6914 = EDGE_LOOP ( 'NONE', ( #10868, #3353, #8569, #8952 ) ) ;
#6915 = CARTESIAN_POINT ( 'NONE',  ( 0.0000000000000000000, -0.05000000000000000278, -1.199999999999999289 ) ) ;
#6916 = LINE ( 'NONE', #9692, #12165 ) ;
#6917 = CARTESIAN_POINT ( 'NONE',  ( -0.8189977282522473701, -0.05000000000000000278, -1.649999999999998579 ) ) ;
#6918 =( GEOMETRIC_REPRESENTATION_CONTEXT ( 3 ) GLOBAL_UNCERTAINTY_ASSIGNED_CONTEXT ( ( #3623 ) ) GLOBAL_UNIT_ASSIGNED_CONTEXT ( ( #3638, #7358, #7660 ) ) REPRESENTATION_CONTEXT ( 'NONE', 'WORKASPACE' ) );
#6919 = DIRECTION ( 'NONE',  ( 0.0000000000000000000, 0.0000000000000000000, -1.000000000000000000 ) ) ;
#6920 = LINE ( 'NONE', #11475, #6599 ) ;
#6921 = SURFACE_STYLE_FILL_AREA ( #3198 ) ;
#6922 = ORIENTED_EDGE ( 'NONE', *, *, #12727, .F. ) ;
#6923 = VECTOR ( 'NONE', #3510, 1000.000000000000000 ) ;
#6924 = VERTEX_POINT ( 'NONE', #7914 ) ;
#6925 = FILL_AREA_STYLE ('',( #944 ) ) ;
#6926 = DIRECTION ( 'NONE',  ( -0.0000000000000000000, 0.0000000000000000000, 1.000000000000000000 ) ) ;
#6927 = ORIENTED_EDGE ( 'NONE', *, *, #9597, .T. ) ;
#6928 = EDGE_CURVE ( 'NONE', #10136, #6704, #285, .T. ) ;
#6929 = ORIENTED_EDGE ( 'NONE', *, *, #11309, .T. ) ;
#6930 = EDGE_CURVE ( 'NONE', #10278, #1778, #10838, .T. ) ;
#6931 = LINE ( 'NONE', #3734, #12176 ) ;
#6932 = STYLED_ITEM ( 'NONE', ( #9747 ), #6832 ) ;
#6933 = FACE_OUTER_BOUND ( 'NONE', #1923, .T. ) ;
#6934 = DIRECTION ( 'NONE',  ( 0.0000000000000000000, 1.000000000000000000, 0.0000000000000000000 ) ) ;
#6935 = CARTESIAN_POINT ( 'NONE',  ( -0.7660883464570584778, -0.05000000000000000278, 1.276162611327208651 ) ) ;
#6936 = VECTOR ( 'NONE', #12107, 1000.000000000000000 ) ;
#6937 = CARTESIAN_POINT ( 'NONE',  ( -0.5127599671840918916, 0.1000000000000000056, -1.277681107331943622 ) ) ;
#6938 = ORIENTED_EDGE ( 'NONE', *, *, #3993, .F. ) ;
#6939 = SURFACE_STYLE_FILL_AREA ( #8187 ) ;
#6940 = DIRECTION ( 'NONE',  ( -1.000000000000000000, 0.0000000000000000000, 0.0000000000000000000 ) ) ;
#6941 = ORIENTED_EDGE ( 'NONE', *, *, #6557, .F. ) ;
#6942 = SURFACE_STYLE_FILL_AREA ( #7631 ) ;
#6943 = ORIENTED_EDGE ( 'NONE', *, *, #8388, .T. ) ;
#6944 = ORIENTED_EDGE ( 'NONE', *, *, #8457, .F. ) ;
#6945 = ORIENTED_EDGE ( 'NONE', *, *, #9890, .F. ) ;
#6946 = DIRECTION ( 'NONE',  ( 0.0000000000000000000, 0.0000000000000000000, 1.000000000000000000 ) ) ;
#6947 = ORIENTED_EDGE ( 'NONE', *, *, #8735, .T. ) ;
#6948 = SURFACE_SIDE_STYLE ('',( #10816 ) ) ;
#6949 =( GEOMETRIC_REPRESENTATION_CONTEXT ( 3 ) GLOBAL_UNCERTAINTY_ASSIGNED_CONTEXT ( ( #10749 ) ) GLOBAL_UNIT_ASSIGNED_CONTEXT ( ( #10192, #11908, #39 ) ) REPRESENTATION_CONTEXT ( 'NONE', 'WORKASPACE' ) );
#6950 =( NAMED_UNIT ( * ) PLANE_ANGLE_UNIT ( ) SI_UNIT ( $, .RADIAN. ) );
#6951 = PRESENTATION_LAYER_ASSIGNMENT (  '', '', ( #7613 ) ) ;
#6952 = AXIS2_PLACEMENT_3D ( 'NONE', #10185, #2245, #6090 ) ;
#6953 = EDGE_CURVE ( 'NONE', #9838, #11202, #8207, .T. ) ;
#6954 = CARTESIAN_POINT ( 'NONE',  ( 0.1650000000000009237, 0.0000000000000000000, 1.500000000000000000 ) ) ;
#6955 = FILL_AREA_STYLE ('',( #3964 ) ) ;
#6956 = VECTOR ( 'NONE', #12757, 1000.000000000000000 ) ;
#6957 =( GEOMETRIC_REPRESENTATION_CONTEXT ( 3 ) GLOBAL_UNCERTAINTY_ASSIGNED_CONTEXT ( ( #6788 ) ) GLOBAL_UNIT_ASSIGNED_CONTEXT ( ( #7770, #1848, #8758 ) ) REPRESENTATION_CONTEXT ( 'NONE', 'WORKASPACE' ) );
#6958 = LINE ( 'NONE', #1452, #9265 ) ;
#6959 = SURFACE_STYLE_FILL_AREA ( #4344 ) ;
#6960 = DIRECTION ( 'NONE',  ( 1.000000000000000000, -0.0000000000000000000, 0.0000000000000000000 ) ) ;
#6961 = ORIENTED_EDGE ( 'NONE', *, *, #2162, .F. ) ;
#6962 = EDGE_CURVE ( 'NONE', #6417, #5602, #2928, .T. ) ;
#6963 = PLANE ( 'NONE',  #1151 ) ;
#6964 = UNCERTAINTY_MEASURE_WITH_UNIT (LENGTH_MEASURE( 1.000000000000000082E-05 ), #7307, 'distance_accuracy_value', 'NONE');
#6965 = ADVANCED_FACE ( 'NONE', ( #7587 ), #5034, .F. ) ;
#6966 = VECTOR ( 'NONE', #5206, 1000.000000000000000 ) ;
#6967 = PRESENTATION_STYLE_ASSIGNMENT (( #8547 ) ) ;
#6968 =( NAMED_UNIT ( * ) SI_UNIT ( $, .STERADIAN. ) SOLID_ANGLE_UNIT ( ) );
#6969 = COLOUR_RGB ( '',1.000000000000000000, 1.000000000000000000, 1.000000000000000000 ) ;
#6970 = SURFACE_SIDE_STYLE ('',( #3011 ) ) ;
#6971 = ORIENTED_EDGE ( 'NONE', *, *, #7139, .F. ) ;
#6972 = ORIENTED_EDGE ( 'NONE', *, *, #482, .T. ) ;
#6973 = FILL_AREA_STYLE_COLOUR ( '', #10251 ) ;
#6974 = EDGE_CURVE ( 'NONE', #9009, #7292, #11903, .T. ) ;
#6975 = DIRECTION ( 'NONE',  ( 0.0000000000000000000, -1.000000000000000000, 0.0000000000000000000 ) ) ;
#6976 = DIRECTION ( 'NONE',  ( 0.0000000000000000000, -1.000000000000000000, 0.0000000000000000000 ) ) ;
#6977 = COLOUR_RGB ( '',1.000000000000000000, 1.000000000000000000, 1.000000000000000000 ) ;
#6978 = SURFACE_STYLE_USAGE ( .BOTH. , #22 ) ;
#6979 = LINE ( 'NONE', #6234, #9285 ) ;
#6980 = ORIENTED_EDGE ( 'NONE', *, *, #909, .T. ) ;
#6981 = VECTOR ( 'NONE', #6819, 1000.000000000000000 ) ;
#6982 = LINE ( 'NONE', #2679, #1712 ) ;
#6983 =( LENGTH_UNIT ( ) NAMED_UNIT ( * ) SI_UNIT ( .MILLI., .METRE. ) );
#6984 = EDGE_LOOP ( 'NONE', ( #5119, #5407, #5564, #5879 ) ) ;
#6985 = CARTESIAN_POINT ( 'NONE',  ( 0.1372400328159084637, 0.1000000000000000056, -1.416874574924349872 ) ) ;
#6986 = DIRECTION ( 'NONE',  ( -1.000000000000000000, 0.0000000000000000000, 0.0000000000000000000 ) ) ;
#6987 = SURFACE_SIDE_STYLE ('',( #9999 ) ) ;
#6988 = DIRECTION ( 'NONE',  ( -1.000000000000000000, 0.0000000000000000000, -0.0000000000000000000 ) ) ;
#6989 = STYLED_ITEM ( 'NONE', ( #4107 ), #11611 ) ;
#6990 = PRESENTATION_LAYER_ASSIGNMENT (  '', '', ( #5662 ) ) ;
#6991 = CARTESIAN_POINT ( 'NONE',  ( 1.044003024146626046, 0.0000000000000000000, -0.3087081087201543061 ) ) ;
#6992 = ORIENTED_EDGE ( 'NONE', *, *, #9805, .T. ) ;
#6993 =( NAMED_UNIT ( * ) SI_UNIT ( $, .STERADIAN. ) SOLID_ANGLE_UNIT ( ) );
#6994 = DIRECTION ( 'NONE',  ( 0.0000000000000000000, 0.0000000000000000000, 1.000000000000000000 ) ) ;
#6995 =( NAMED_UNIT ( * ) SI_UNIT ( $, .STERADIAN. ) SOLID_ANGLE_UNIT ( ) );
#6996 = CIRCLE ( 'NONE', #834, 0.1000000000000000472 ) ;
#6997 = FILL_AREA_STYLE_COLOUR ( '', #6020 ) ;
#6998 = LINE ( 'NONE', #3895, #4397 ) ;
#6999 = DIRECTION ( 'NONE',  ( 1.000000000000000000, 0.0000000000000000000, 0.0000000000000000000 ) ) ;
#7000 = CARTESIAN_POINT ( 'NONE',  ( -1.507075080061872185, -0.05000000000000000278, 0.1031605786060936225 ) ) ;
#7001 = SURFACE_SIDE_STYLE ('',( #2635 ) ) ;
#7002 = DIRECTION ( 'NONE',  ( 0.0000000000000000000, 0.0000000000000000000, -1.000000000000000000 ) ) ;
#7003 = SURFACE_STYLE_FILL_AREA ( #6673 ) ;
#7004 = ORIENTED_EDGE ( 'NONE', *, *, #2957, .T. ) ;
#7005 = STYLED_ITEM ( 'NONE', ( #4694 ), #12753 ) ;
#7006 = DIRECTION ( 'NONE',  ( 0.0000000000000000000, 1.000000000000000000, 0.0000000000000000000 ) ) ;
#7007 = ADVANCED_FACE ( 'NONE', ( #4024 ), #6056, .F. ) ;
#7008 =( GEOMETRIC_REPRESENTATION_CONTEXT ( 3 ) GLOBAL_UNCERTAINTY_ASSIGNED_CONTEXT ( ( #11701 ) ) GLOBAL_UNIT_ASSIGNED_CONTEXT ( ( #7964, #2047, #12201 ) ) REPRESENTATION_CONTEXT ( 'NONE', 'WORKASPACE' ) );
#7009 = EDGE_CURVE ( 'NONE', #5137, #82, #438, .T. ) ;
#7010 = EDGE_CURVE ( 'NONE', #6455, #1821, #3075, .T. ) ;
#7011 =( NAMED_UNIT ( * ) PLANE_ANGLE_UNIT ( ) SI_UNIT ( $, .RADIAN. ) );
#7012 = CIRCLE ( 'NONE', #9909, 0.1000000000000000472 ) ;
#7013 = AXIS2_PLACEMENT_3D ( 'NONE', #2125, #9030, #3101 ) ;
#7014 = DIRECTION ( 'NONE',  ( 1.000000000000000000, 0.0000000000000000000, 0.0000000000000000000 ) ) ;
#7015 = CARTESIAN_POINT ( 'NONE',  ( 1.299898377913065506, 0.6553492970927221606, -1.199898377913066305 ) ) ;
#7016 = ORIENTED_EDGE ( 'NONE', *, *, #1146, .F. ) ;
#7017 =( NAMED_UNIT ( * ) PLANE_ANGLE_UNIT ( ) SI_UNIT ( $, .RADIAN. ) );
#7018 = EDGE_LOOP ( 'NONE', ( #3213, #3335, #7263 ) ) ;
#7019 = CIRCLE ( 'NONE', #1608, 0.05593526370766899181 ) ;
#7020 = PLANE ( 'NONE',  #10700 ) ;
#7021 = FILL_AREA_STYLE ('',( #108 ) ) ;
#7022 = ORIENTED_EDGE ( 'NONE', *, *, #3117, .F. ) ;
#7023 = DIRECTION ( 'NONE',  ( 0.0000000000000000000, 0.0000000000000000000, 1.000000000000000000 ) ) ;
#7024 = STYLED_ITEM ( 'NONE', ( #2211 ), #2615 ) ;
#7025 = DIRECTION ( 'NONE',  ( 0.0000000000000000000, 0.0000000000000000000, 1.000000000000000000 ) ) ;
#7026 = VERTEX_POINT ( 'NONE', #4147 ) ;
#7027 = EDGE_CURVE ( 'NONE', #4969, #7505, #2765, .T. ) ;
#7028 = DIRECTION ( 'NONE',  ( -1.000000000000000000, 0.0000000000000000000, 0.0000000000000000000 ) ) ;
#7029 = AXIS2_PLACEMENT_3D ( 'NONE', #6136, #174, #7142 ) ;
#7030 = UNCERTAINTY_MEASURE_WITH_UNIT (LENGTH_MEASURE( 1.000000000000000082E-05 ), #2029, 'distance_accuracy_value', 'NONE');
#7031 = DIRECTION ( 'NONE',  ( 0.0000000000000000000, 1.000000000000000000, -0.0000000000000000000 ) ) ;
#7032 = VERTEX_POINT ( 'NONE', #11048 ) ;
#7033 =( NAMED_UNIT ( * ) SI_UNIT ( $, .STERADIAN. ) SOLID_ANGLE_UNIT ( ) );
#7034 = DIRECTION ( 'NONE',  ( 0.0000000000000000000, 1.000000000000000000, -0.0000000000000000000 ) ) ;
#7035 = VECTOR ( 'NONE', #1743, 1000.000000000000000 ) ;
#7036 = SURFACE_STYLE_USAGE ( .BOTH. , #71 ) ;
#7037 = ORIENTED_EDGE ( 'NONE', *, *, #5812, .T. ) ;
#7038 =( NAMED_UNIT ( * ) PLANE_ANGLE_UNIT ( ) SI_UNIT ( $, .RADIAN. ) );
#7039 = DIRECTION ( 'NONE',  ( 1.000000000000000000, 0.0000000000000000000, -0.0000000000000000000 ) ) ;
#7040 = DIRECTION ( 'NONE',  ( 0.0000000000000000000, 0.0000000000000000000, 1.000000000000000000 ) ) ;
#7041 = STYLED_ITEM ( 'NONE', ( #7886 ), #3985 ) ;
#7042 = LINE ( 'NONE', #9216, #1765 ) ;
#7043 = DIRECTION ( 'NONE',  ( 1.000000000000000000, -0.0000000000000000000, 0.0000000000000000000 ) ) ;
#7044 = ORIENTED_EDGE ( 'NONE', *, *, #3937, .F. ) ;
#7045 = VECTOR ( 'NONE', #10684, 1000.000000000000000 ) ;
#7046 = UNCERTAINTY_MEASURE_WITH_UNIT (LENGTH_MEASURE( 1.000000000000000082E-05 ), #309, 'distance_accuracy_value', 'NONE');
#7047 = PRESENTATION_STYLE_ASSIGNMENT (( #2402 ) ) ;
#7048 = MECHANICAL_DESIGN_GEOMETRIC_PRESENTATION_REPRESENTATION (  '', ( #5724 ), #7703 ) ;
#7049 =( NAMED_UNIT ( * ) PLANE_ANGLE_UNIT ( ) SI_UNIT ( $, .RADIAN. ) );
#7050 = LINE ( 'NONE', #2338, #1774 ) ;
#7051 = DIRECTION ( 'NONE',  ( 0.0000000000000000000, 0.0000000000000000000, 1.000000000000000000 ) ) ;
#7052 = CARTESIAN_POINT ( 'NONE',  ( 1.197916575926319283, 0.1000000000000000056, -0.2000076143446563315 ) ) ;
#7053 = ORIENTED_EDGE ( 'NONE', *, *, #8284, .T. ) ;
#7054 =( NAMED_UNIT ( * ) PLANE_ANGLE_UNIT ( ) SI_UNIT ( $, .RADIAN. ) );
#7055 =( LENGTH_UNIT ( ) NAMED_UNIT ( * ) SI_UNIT ( .MILLI., .METRE. ) );
#7056 = FACE_OUTER_BOUND ( 'NONE', #8437, .T. ) ;
#7057 = EDGE_CURVE ( 'NONE', #1900, #6156, #8352, .T. ) ;
#7058 = STYLED_ITEM ( 'NONE', ( #3372 ), #4175 ) ;
#7059 = PLANE ( 'NONE',  #1254 ) ;
#7060 = COLOUR_RGB ( '',1.000000000000000000, 1.000000000000000000, 1.000000000000000000 ) ;
#7061 = LINE ( 'NONE', #9298, #9677 ) ;
#7062 = SURFACE_SIDE_STYLE ('',( #7830 ) ) ;
#7063 = STYLED_ITEM ( 'NONE', ( #1332 ), #9464 ) ;
#7064 = ORIENTED_EDGE ( 'NONE', *, *, #5647, .T. ) ;
#7065 = ADVANCED_FACE ( 'NONE', ( #10362 ), #1548, .F. ) ;
#7066 = VECTOR ( 'NONE', #7868, 1000.000000000000000 ) ;
#7067 = LINE ( 'NONE', #3958, #1501 ) ;
#7068 = SURFACE_STYLE_FILL_AREA ( #3780 ) ;
#7069 =( NAMED_UNIT ( * ) SI_UNIT ( $, .STERADIAN. ) SOLID_ANGLE_UNIT ( ) );
#7070 = CARTESIAN_POINT ( 'NONE',  ( -1.291219160478732864, 0.6999999999999998446, 1.191219160478732997 ) ) ;
#7071 = CARTESIAN_POINT ( 'NONE',  ( 1.257124604555293734, 0.0000000000000000000, 0.1623686072350682963 ) ) ;
#7072 = SURFACE_STYLE_FILL_AREA ( #2607 ) ;
#7073 = ORIENTED_EDGE ( 'NONE', *, *, #3319, .F. ) ;
#7074 = SURFACE_SIDE_STYLE ('',( #12555 ) ) ;
#7075 = EDGE_LOOP ( 'NONE', ( #10496, #10195, #10022, #9721 ) ) ;
#7077 = ORIENTED_EDGE ( 'NONE', *, *, #4829, .F. ) ;
#7076 = PRESENTATION_LAYER_ASSIGNMENT (  '', '', ( #6414 ) ) ;
#7078 = PRESENTATION_STYLE_ASSIGNMENT (( #1140 ) ) ;
#7079 = DIRECTION ( 'NONE',  ( -1.000000000000000000, 0.0000000000000000000, 0.0000000000000000000 ) ) ;
#7080 = VERTEX_POINT ( 'NONE', #1234 ) ;
#7081 = SURFACE_STYLE_FILL_AREA ( #11824 ) ;
#7082 = DIRECTION ( 'NONE',  ( -1.000000000000000000, 0.0000000000000000000, -0.0000000000000000000 ) ) ;
#7083 = CARTESIAN_POINT ( 'NONE',  ( -0.4849999999999994316, 0.1000000000000000056, -1.416874574924349872 ) ) ;
#7084 = CARTESIAN_POINT ( 'NONE',  ( -1.405285648646613650, 0.1322596897459550613, 1.403448366991380203 ) ) ;
#7085 = PRESENTATION_STYLE_ASSIGNMENT (( #7548 ) ) ;
#7086 = VERTEX_POINT ( 'NONE', #8155 ) ;
#7087 = LINE ( 'NONE', #8575, #5244 ) ;
#7088 = CARTESIAN_POINT ( 'NONE',  ( -1.134999999999999787, -0.05000000000000000278, -1.199999999999999289 ) ) ;
#7089 = ORIENTED_EDGE ( 'NONE', *, *, #2303, .F. ) ;
#7090 = ORIENTED_EDGE ( 'NONE', *, *, #7010, .T. ) ;
#7091 = VERTEX_POINT ( 'NONE', #210 ) ;
#7092 =( NAMED_UNIT ( * ) PLANE_ANGLE_UNIT ( ) SI_UNIT ( $, .RADIAN. ) );
#7093 = DIRECTION ( 'NONE',  ( -1.000000000000000000, 0.0000000000000000000, -0.0000000000000000000 ) ) ;
#7094 =( NAMED_UNIT ( * ) PLANE_ANGLE_UNIT ( ) SI_UNIT ( $, .RADIAN. ) );
#7095 = FILL_AREA_STYLE ('',( #2088 ) ) ;
#7096 = VERTEX_POINT ( 'NONE', #7169 ) ;
#7097 = CIRCLE ( 'NONE', #2475, 0.02617424799283601944 ) ;
#7098 = EDGE_CURVE ( 'NONE', #10933, #4802, #11736, .T. ) ;
#7099 = LINE ( 'NONE', #12424, #12358 ) ;
#7100 = LINE ( 'NONE', #7470, #9407 ) ;
#7101 = ORIENTED_EDGE ( 'NONE', *, *, #8101, .F. ) ;
#7102 = ORIENTED_EDGE ( 'NONE', *, *, #10558, .F. ) ;
#7103 = ADVANCED_FACE ( 'NONE', ( #4187 ), #10134, .T. ) ;
#7104 = MECHANICAL_DESIGN_GEOMETRIC_PRESENTATION_REPRESENTATION (  '', ( #5136 ), #7763 ) ;
#7105 = DIRECTION ( 'NONE',  ( 0.0000000000000000000, 0.0000000000000000000, 1.000000000000000000 ) ) ;
#7106 = DIRECTION ( 'NONE',  ( 0.0000000000000000000, -1.000000000000000000, 0.0000000000000000000 ) ) ;
#7107 = DIRECTION ( 'NONE',  ( 0.0000000000000000000, 1.000000000000000000, 0.0000000000000000000 ) ) ;
#7108 = FACE_OUTER_BOUND ( 'NONE', #4049, .T. ) ;
#7109 = ORIENTED_EDGE ( 'NONE', *, *, #3491, .T. ) ;
#7110 = CARTESIAN_POINT ( 'NONE',  ( 1.540045451220497963, 0.1000000000000000056, -0.1083811245156857395 ) ) ;
#7111 = PLANE ( 'NONE',  #8407 ) ;
#7112 = VERTEX_POINT ( 'NONE', #3222 ) ;
#7113 = ORIENTED_EDGE ( 'NONE', *, *, #10197, .F. ) ;
#7114 =( LENGTH_UNIT ( ) NAMED_UNIT ( * ) SI_UNIT ( .MILLI., .METRE. ) );
#7115 = ORIENTED_EDGE ( 'NONE', *, *, #10557, .F. ) ;
#7116 = FACE_OUTER_BOUND ( 'NONE', #6032, .T. ) ;
#7117 = ORIENTED_EDGE ( 'NONE', *, *, #12506, .T. ) ;
#7118 = STYLED_ITEM ( 'NONE', ( #10317 ), #1309 ) ;
#7119 = UNCERTAINTY_MEASURE_WITH_UNIT (LENGTH_MEASURE( 1.000000000000000082E-05 ), #6653, 'distance_accuracy_value', 'NONE');
#7120 = STYLED_ITEM ( 'NONE', ( #255 ), #10277 ) ;
#7121 =( GEOMETRIC_REPRESENTATION_CONTEXT ( 3 ) GLOBAL_UNCERTAINTY_ASSIGNED_CONTEXT ( ( #818 ) ) GLOBAL_UNIT_ASSIGNED_CONTEXT ( ( #10352, #10298, #10267 ) ) REPRESENTATION_CONTEXT ( 'NONE', 'WORKASPACE' ) );
#7122 = CARTESIAN_POINT ( 'NONE',  ( 0.0000000000000000000, 0.0000000000000000000, 1.500000000000000000 ) ) ;
#7123 = EDGE_CURVE ( 'NONE', #326, #637, #10821, .T. ) ;
#7124 = PRESENTATION_STYLE_ASSIGNMENT (( #10934 ) ) ;
#7125 = FACE_OUTER_BOUND ( 'NONE', #409, .T. ) ;
#7126 = DIRECTION ( 'NONE',  ( -0.0000000000000000000, 0.0000000000000000000, -1.000000000000000000 ) ) ;
#7127 = VECTOR ( 'NONE', #11842, 1000.000000000000000 ) ;
#7128 = FACE_OUTER_BOUND ( 'NONE', #8639, .T. ) ;
#7129 = FILL_AREA_STYLE_COLOUR ( '', #9869 ) ;
#7130 = AXIS2_PLACEMENT_3D ( 'NONE', #9181, #3268, #10182 ) ;
#7131 = VERTEX_POINT ( 'NONE', #10184 ) ;
#7132 = COLOUR_RGB ( '',0.2509803921568627416, 0.2509803921568627416, 0.2509803921568627416 ) ;
#7133 = ORIENTED_EDGE ( 'NONE', *, *, #1213, .F. ) ;
#7134 = FACE_OUTER_BOUND ( 'NONE', #9626, .T. ) ;
#7135 = VERTEX_POINT ( 'NONE', #12164 ) ;
#7136 = LINE ( 'NONE', #8293, #12393 ) ;
#7137 = UNCERTAINTY_MEASURE_WITH_UNIT (LENGTH_MEASURE( 1.000000000000000082E-05 ), #2972, 'distance_accuracy_value', 'NONE');
#7138 = MECHANICAL_DESIGN_GEOMETRIC_PRESENTATION_REPRESENTATION (  '', ( #4519 ), #7792 ) ;
#7139 = EDGE_CURVE ( 'NONE', #12820, #256, #2917, .T. ) ;
#7140 = FILL_AREA_STYLE_COLOUR ( '', #10404 ) ;
#7141 = EDGE_CURVE ( 'NONE', #8859, #8329, #5573, .T. ) ;
#7142 = DIRECTION ( 'NONE',  ( 0.0000000000000000000, 0.0000000000000000000, 1.000000000000000000 ) ) ;
#7143 = DIRECTION ( 'NONE',  ( 0.0000000000000000000, -1.000000000000000000, 0.0000000000000000000 ) ) ;
#7144 = PLANE ( 'NONE',  #12590 ) ;
#7145 =( GEOMETRIC_REPRESENTATION_CONTEXT ( 3 ) GLOBAL_UNCERTAINTY_ASSIGNED_CONTEXT ( ( #111 ) ) GLOBAL_UNIT_ASSIGNED_CONTEXT ( ( #11010, #5120, #11993 ) ) REPRESENTATION_CONTEXT ( 'NONE', 'WORKASPACE' ) );
#7146 = VECTOR ( 'NONE', #2926, 1000.000000000000000 ) ;
#7147 = FACE_OUTER_BOUND ( 'NONE', #35, .T. ) ;
#7148 = CARTESIAN_POINT ( 'NONE',  ( 0.7660883464570584778, 0.0000000000000000000, 1.276162611327208651 ) ) ;
#7149 = ADVANCED_FACE ( 'NONE', ( #5278 ), #3312, .F. ) ;
#7150 = CARTESIAN_POINT ( 'NONE',  ( 0.7660883464570584778, 0.1000000000000000056, 1.276162611327208651 ) ) ;
#7151 = SURFACE_STYLE_FILL_AREA ( #8503 ) ;
#7152 = FILL_AREA_STYLE_COLOUR ( '', #5428 ) ;
#7153 = CARTESIAN_POINT ( 'NONE',  ( 0.5087622389318458005, 0.1000000000000000056, -1.416874574924349872 ) ) ;
#7154 = DIRECTION ( 'NONE',  ( -0.0000000000000000000, 0.0000000000000000000, 1.000000000000000000 ) ) ;
#7155 = CARTESIAN_POINT ( 'NONE',  ( -1.257124604555293734, 0.0000000000000000000, 0.1623686072350682963 ) ) ;
#7156 = FACE_OUTER_BOUND ( 'NONE', #10224, .T. ) ;
#7157 = AXIS2_PLACEMENT_3D ( 'NONE', #6269, #328, #7278 ) ;
#7158 =( NAMED_UNIT ( * ) SI_UNIT ( $, .STERADIAN. ) SOLID_ANGLE_UNIT ( ) );
#7159 = CARTESIAN_POINT ( 'NONE',  ( -0.5127599671840918916, -0.05000000000000000278, -1.277681107331943622 ) ) ;
#7160 = LINE ( 'NONE', #1279, #1593 ) ;
#7161 = ORIENTED_EDGE ( 'NONE', *, *, #704, .F. ) ;
#7162 = EDGE_LOOP ( 'NONE', ( #4205, #4486, #243, #9154 ) ) ;
#7163 = CARTESIAN_POINT ( 'NONE',  ( -0.7660883464570584778, -0.05000000000000000278, 1.320000718934352335 ) ) ;
#7164 = EDGE_LOOP ( 'NONE', ( #318, #15, #8192, #2376 ) ) ;
#7165 = ORIENTED_EDGE ( 'NONE', *, *, #5895, .F. ) ;
#7166 = PLANE ( 'NONE',  #7130 ) ;
#7168 = ADVANCED_FACE ( 'NONE', ( #9577 ), #11256, .T. ) ;
#7167 = DIRECTION ( 'NONE',  ( 0.0000000000000000000, 1.000000000000000000, 0.0000000000000000000 ) ) ;
#7169 = CARTESIAN_POINT ( 'NONE',  ( -1.197916575926319283, -0.05000000000000000278, -0.1623686072350682963 ) ) ;
#7170 = SURFACE_STYLE_USAGE ( .BOTH. , #3847 ) ;
#7171 = ORIENTED_EDGE ( 'NONE', *, *, #817, .T. ) ;
#7172 = ORIENTED_EDGE ( 'NONE', *, *, #6772, .T. ) ;
#7173 = PLANE ( 'NONE',  #4048 ) ;
#7174 = EDGE_CURVE ( 'NONE', #10339, #9408, #8654, .T. ) ;
#7175 = EDGE_CURVE ( 'NONE', #2830, #4703, #6028, .T. ) ;
#7176 = ORIENTED_EDGE ( 'NONE', *, *, #5200, .F. ) ;
#7177 = AXIS2_PLACEMENT_3D ( 'NONE', #9594, #3658, #10580 ) ;
#7178 = SURFACE_SIDE_STYLE ('',( #8087 ) ) ;
#7179 = CARTESIAN_POINT ( 'NONE',  ( -0.4849999999999994316, 0.0000000000000000000, -1.500000000000000000 ) ) ;
#7180 = SURFACE_SIDE_STYLE ('',( #11162 ) ) ;
#7181 = CARTESIAN_POINT ( 'NONE',  ( -0.7406944999838511734, -0.05000000000000000278, 1.249999999999999112 ) ) ;
#7182 = ORIENTED_EDGE ( 'NONE', *, *, #4919, .T. ) ;
#7183 = ORIENTED_EDGE ( 'NONE', *, *, #5702, .F. ) ;
#7184 = UNCERTAINTY_MEASURE_WITH_UNIT (LENGTH_MEASURE( 1.000000000000000082E-05 ), #9437, 'distance_accuracy_value', 'NONE');
#7185 = CARTESIAN_POINT ( 'NONE',  ( 0.0000000000000000000, 0.0000000000000000000, -1.500000000000000000 ) ) ;
#7186 =( NAMED_UNIT ( * ) SI_UNIT ( $, .STERADIAN. ) SOLID_ANGLE_UNIT ( ) );
#7187 = DIRECTION ( 'NONE',  ( 0.0000000000000000000, -0.1908089953765450819, -0.9816271834476638647 ) ) ;
#7188 = ORIENTED_EDGE ( 'NONE', *, *, #3820, .F. ) ;
#7189 =( GEOMETRIC_REPRESENTATION_CONTEXT ( 3 ) GLOBAL_UNCERTAINTY_ASSIGNED_CONTEXT ( ( #3462 ) ) GLOBAL_UNIT_ASSIGNED_CONTEXT ( ( #6570, #12487, #5598 ) ) REPRESENTATION_CONTEXT ( 'NONE', 'WORKASPACE' ) );
#7190 = STYLED_ITEM ( 'NONE', ( #12384 ), #9787 ) ;
#7191 = STYLED_ITEM ( 'NONE', ( #6529 ), #3044 ) ;
#7192 = DIRECTION ( 'NONE',  ( 1.000000000000000000, 0.0000000000000000000, -0.0000000000000000000 ) ) ;
#7193 = EDGE_CURVE ( 'NONE', #1283, #6762, #3392, .T. ) ;
#7194 = PRESENTATION_STYLE_ASSIGNMENT (( #7385 ) ) ;
#7195 = ORIENTED_EDGE ( 'NONE', *, *, #6928, .T. ) ;
#7196 = MECHANICAL_DESIGN_GEOMETRIC_PRESENTATION_REPRESENTATION (  '', ( #5220 ), #7862 ) ;
#7197 = FILL_AREA_STYLE_COLOUR ( '', #4335 ) ;
#7198 = CARTESIAN_POINT ( 'NONE',  ( -0.5127599671840918916, 0.1000000000000000056, -1.277681107331943622 ) ) ;
#7199 = EDGE_CURVE ( 'NONE', #1878, #2909, #10962, .T. ) ;
#7200 = LINE ( 'NONE', #1688, #9806 ) ;
#7201 = DIRECTION ( 'NONE',  ( 0.0000000000000000000, 1.000000000000000000, 0.0000000000000000000 ) ) ;
#7202 = UNCERTAINTY_MEASURE_WITH_UNIT (LENGTH_MEASURE( 1.000000000000000082E-05 ), #11239, 'distance_accuracy_value', 'NONE');
#7203 = CARTESIAN_POINT ( 'NONE',  ( 1.134999999999999787, 0.1000000000000000056, -1.416874574924349872 ) ) ;
#7204 = APPLICATION_CONTEXT ( 'automotive_design' ) ;
#7205 = CARTESIAN_POINT ( 'NONE',  ( -1.134999999999999787, -0.05000000000000000278, 0.0000000000000000000 ) ) ;
#7206 = DIRECTION ( 'NONE',  ( -0.0000000000000000000, 0.0000000000000000000, -1.000000000000000000 ) ) ;
#7207 =( LENGTH_UNIT ( ) NAMED_UNIT ( * ) SI_UNIT ( .MILLI., .METRE. ) );
#7208 = COLOUR_RGB ( '',1.000000000000000000, 1.000000000000000000, 1.000000000000000000 ) ;
#7209 = VECTOR ( 'NONE', #8777, 1000.000000000000000 ) ;
#7210 =( NAMED_UNIT ( * ) PLANE_ANGLE_UNIT ( ) SI_UNIT ( $, .RADIAN. ) );
#7211 = FACE_OUTER_BOUND ( 'NONE', #4345, .T. ) ;
#7212 =( LENGTH_UNIT ( ) NAMED_UNIT ( * ) SI_UNIT ( .MILLI., .METRE. ) );
#7213 = EDGE_CURVE ( 'NONE', #6513, #3610, #5713, .T. ) ;
#7214 = DIRECTION ( 'NONE',  ( 0.0000000000000000000, 0.0000000000000000000, 1.000000000000000000 ) ) ;
#7215 = VERTEX_POINT ( 'NONE', #10360 ) ;
#7216 = DIRECTION ( 'NONE',  ( 0.1874275599918963087, 0.9642312064598241861, -0.1874275599918963087 ) ) ;
#7217 = MECHANICAL_DESIGN_GEOMETRIC_PRESENTATION_REPRESENTATION (  '', ( #5901 ), #7883 ) ;
#7218 = VECTOR ( 'NONE', #10728, 1000.000000000000000 ) ;
#7219 = LINE ( 'NONE', #7492, #4621 ) ;
#7220 = DIRECTION ( 'NONE',  ( -0.0000000000000000000, -1.000000000000000000, -0.0000000000000000000 ) ) ;
#7221 = DIRECTION ( 'NONE',  ( 0.0000000000000000000, -1.000000000000000000, 0.0000000000000000000 ) ) ;
#7222 = ADVANCED_FACE ( 'NONE', ( #737 ), #6423, .T. ) ;
#7223 = LINE ( 'NONE', #4262, #1964 ) ;
#7224 = ORIENTED_EDGE ( 'NONE', *, *, #10682, .T. ) ;
#7225 = AXIS2_PLACEMENT_3D ( 'NONE', #9352, #3437, #10354 ) ;
#7226 = EDGE_CURVE ( 'NONE', #7026, #3235, #9718, .T. ) ;
#7227 = SURFACE_SIDE_STYLE ('',( #5983 ) ) ;
#7228 = PRESENTATION_LAYER_ASSIGNMENT (  '', '', ( #7903 ) ) ;
#7229 = FILL_AREA_STYLE_COLOUR ( '', #2532 ) ;
#7230 = DIRECTION ( 'NONE',  ( -1.000000000000000000, 0.0000000000000000000, 0.0000000000000000000 ) ) ;
#7231 = ORIENTED_EDGE ( 'NONE', *, *, #4735, .F. ) ;
#7232 = CARTESIAN_POINT ( 'NONE',  ( 1.507075080061872185, -0.05000000000000000278, 0.1031605786060936225 ) ) ;
#7233 = SURFACE_STYLE_FILL_AREA ( #2560 ) ;
#7234 = ORIENTED_EDGE ( 'NONE', *, *, #8284, .F. ) ;
#7235 = LINE ( 'NONE', #2945, #4635 ) ;
#7236 = EDGE_LOOP ( 'NONE', ( #11860, #4341, #2749, #11088 ) ) ;
#7237 = VERTEX_POINT ( 'NONE', #2529 ) ;
#7238 = CARTESIAN_POINT ( 'NONE',  ( 0.7912377610681550211, -0.05000000000000000278, -1.277681107331943622 ) ) ;
#7239 = LINE ( 'NONE', #12842, #6471 ) ;
#7240 = DIRECTION ( 'NONE',  ( 0.0000000000000000000, 0.0000000000000000000, 1.000000000000000000 ) ) ;
#7241 = ORIENTED_EDGE ( 'NONE', *, *, #11100, .T. ) ;
#7242 = CARTESIAN_POINT ( 'NONE',  ( -1.599999999999999645, 0.1000000000000000056, -0.0000000000000000000 ) ) ;
#7243 = PRESENTATION_STYLE_ASSIGNMENT (( #9170 ) ) ;
#7244 = AXIS2_PLACEMENT_3D ( 'NONE', #3924, #10844, #4938 ) ;
#7245 = ORIENTED_EDGE ( 'NONE', *, *, #3359, .T. ) ;
#7246 = COLOUR_RGB ( '',1.000000000000000000, 1.000000000000000000, 1.000000000000000000 ) ;
#7247 = PRESENTATION_STYLE_ASSIGNMENT (( #2720 ) ) ;
#7248 = STYLED_ITEM ( 'NONE', ( #8441 ), #5840 ) ;
#7250 = EDGE_CURVE ( 'NONE', #7434, #7875, #8036, .T. ) ;
#7249 = FILL_AREA_STYLE ('',( #5287 ) ) ;
#7251 = LINE ( 'NONE', #1367, #4649 ) ;
#7252 = ORIENTED_EDGE ( 'NONE', *, *, #3701, .T. ) ;
#7253 =( NAMED_UNIT ( * ) PLANE_ANGLE_UNIT ( ) SI_UNIT ( $, .RADIAN. ) );
#7254 = DIRECTION ( 'NONE',  ( 0.0000000000000000000, 0.0000000000000000000, -1.000000000000000000 ) ) ;
#7255 = EDGE_CURVE ( 'NONE', #3032, #8838, #7100, .T. ) ;
#7256 = DIRECTION ( 'NONE',  ( 0.0000000000000000000, 0.0000000000000000000, 1.000000000000000000 ) ) ;
#7257 = DIRECTION ( 'NONE',  ( 0.0000000000000000000, 0.0000000000000000000, -1.000000000000000000 ) ) ;
#7258 = ORIENTED_EDGE ( 'NONE', *, *, #9530, .F. ) ;
#7259 = FACE_OUTER_BOUND ( 'NONE', #12118, .T. ) ;
#7260 = AXIS2_PLACEMENT_3D ( 'NONE', #6845, #900, #7825 ) ;
#7261 = FACE_OUTER_BOUND ( 'NONE', #6464, .T. ) ;
#7262 =( LENGTH_UNIT ( ) NAMED_UNIT ( * ) SI_UNIT ( .MILLI., .METRE. ) );
#7263 = ORIENTED_EDGE ( 'NONE', *, *, #2528, .F. ) ;
#7264 = VECTOR ( 'NONE', #12324, 1000.000000000000000 ) ;
#7265 = CYLINDRICAL_SURFACE ( 'NONE', #6688, 0.02617424799283601944 ) ;
#7266 = AXIS2_PLACEMENT_3D ( 'NONE', #7110, #7633, #8794 ) ;
#7267 = VERTEX_POINT ( 'NONE', #6508 ) ;
#7268 = VERTEX_POINT ( 'NONE', #12428 ) ;
#7269 = FILL_AREA_STYLE ('',( #352 ) ) ;
#7270 = DIRECTION ( 'NONE',  ( -1.000000000000000000, 0.0000000000000000000, -0.0000000000000000000 ) ) ;
#7271 = VECTOR ( 'NONE', #11055, 1000.000000000000000 ) ;
#7272 = SURFACE_STYLE_USAGE ( .BOTH. , #322 ) ;
#7273 =( NAMED_UNIT ( * ) SI_UNIT ( $, .STERADIAN. ) SOLID_ANGLE_UNIT ( ) );
#7274 = CARTESIAN_POINT ( 'NONE',  ( 1.134999999999999787, -0.05000000000000000278, 0.0000000000000000000 ) ) ;
#7275 = ORIENTED_EDGE ( 'NONE', *, *, #7449, .T. ) ;
#7276 = LINE ( 'NONE', #2575, #9891 ) ;
#7277 =( NAMED_UNIT ( * ) SI_UNIT ( $, .STERADIAN. ) SOLID_ANGLE_UNIT ( ) );
#7278 = DIRECTION ( 'NONE',  ( 0.0000000000000000000, 0.0000000000000000000, 1.000000000000000000 ) ) ;
#7279 = VERTEX_POINT ( 'NONE', #11386 ) ;
#7281 = ORIENTED_EDGE ( 'NONE', *, *, #9517, .F. ) ;
#7280 = DIRECTION ( 'NONE',  ( -1.000000000000000000, 0.0000000000000000000, 0.0000000000000000000 ) ) ;
#7282 = MANIFOLD_SOLID_BREP ( 'Boss-Extrude3[2]', #1701 ) ;
#7283 = PRESENTATION_STYLE_ASSIGNMENT (( #3857 ) ) ;
#7284 = DIRECTION ( 'NONE',  ( 0.0000000000000000000, 0.0000000000000000000, -1.000000000000000000 ) ) ;
#7285 = DIRECTION ( 'NONE',  ( 0.0000000000000000000, 0.0000000000000000000, 1.000000000000000000 ) ) ;
#7286 = LINE ( 'NONE', #10145, #2032 ) ;
#7287 = VERTEX_POINT ( 'NONE', #2652 ) ;
#7288 = ORIENTED_EDGE ( 'NONE', *, *, #11510, .T. ) ;
#7289 = VECTOR ( 'NONE', #7359, 1000.000000000000000 ) ;
#7290 = AXIS2_PLACEMENT_3D ( 'NONE', #2861, #3650, #2820 ) ;
#7291 = CARTESIAN_POINT ( 'NONE',  ( -0.5127599671840918916, -0.05000000000000000278, -1.416874574924349872 ) ) ;
#7292 = VERTEX_POINT ( 'NONE', #556 ) ;
#7293 =( LENGTH_UNIT ( ) NAMED_UNIT ( * ) SI_UNIT ( .MILLI., .METRE. ) );
#7294 = DIRECTION ( 'NONE',  ( 0.0000000000000000000, 0.0000000000000000000, -1.000000000000000000 ) ) ;
#7295 = DIRECTION ( 'NONE',  ( 0.0000000000000000000, -1.000000000000000000, 0.0000000000000000000 ) ) ;
#7296 = LINE ( 'NONE', #9143, #4689 ) ;
#7297 = PRESENTATION_LAYER_ASSIGNMENT (  '', '', ( #5964 ) ) ;
#7298 =( NAMED_UNIT ( * ) SI_UNIT ( $, .STERADIAN. ) SOLID_ANGLE_UNIT ( ) );
#7299 =( LENGTH_UNIT ( ) NAMED_UNIT ( * ) SI_UNIT ( .MILLI., .METRE. ) );
#7300 = LINE ( 'NONE', #1301, #12240 ) ;
#7301 = DIRECTION ( 'NONE',  ( 0.0000000000000000000, 0.0000000000000000000, 1.000000000000000000 ) ) ;
#7302 = COLOUR_RGB ( '',0.2509803921568627416, 0.2509803921568627416, 0.2509803921568627416 ) ;
#7303 = VECTOR ( 'NONE', #9575, 1000.000000000000000 ) ;
#7304 = EDGE_CURVE ( 'NONE', #869, #9838, #12040, .T. ) ;
#7305 = FILL_AREA_STYLE ('',( #6307 ) ) ;
#7306 = ORIENTED_EDGE ( 'NONE', *, *, #6705, .F. ) ;
#7307 =( LENGTH_UNIT ( ) NAMED_UNIT ( * ) SI_UNIT ( .MILLI., .METRE. ) );
#7308 = SURFACE_STYLE_USAGE ( .BOTH. , #358 ) ;
#7309 = AXIS2_PLACEMENT_3D ( 'NONE', #6461, #2491, #511 ) ;
#7310 =( LENGTH_UNIT ( ) NAMED_UNIT ( * ) SI_UNIT ( .MILLI., .METRE. ) );
#7311 = VERTEX_POINT ( 'NONE', #5640 ) ;
#7312 = DIRECTION ( 'NONE',  ( 0.0000000000000000000, 0.0000000000000000000, -1.000000000000000000 ) ) ;
#7313 = DIRECTION ( 'NONE',  ( 0.0000000000000000000, 0.0000000000000000000, -1.000000000000000000 ) ) ;
#7314 = PLANE ( 'NONE',  #8479 ) ;
#7315 = COLOUR_RGB ( '',1.000000000000000000, 1.000000000000000000, 1.000000000000000000 ) ;
#7316 = CARTESIAN_POINT ( 'NONE',  ( 0.1650000000000009237, 0.1000000000000000056, -1.277681107331943622 ) ) ;
#7317 = ORIENTED_EDGE ( 'NONE', *, *, #4234, .F. ) ;
#7318 = AXIS2_PLACEMENT_3D ( 'NONE', #9962, #4075, #10980 ) ;
#7319 =( LENGTH_UNIT ( ) NAMED_UNIT ( * ) SI_UNIT ( .MILLI., .METRE. ) );
#7320 = DIRECTION ( 'NONE',  ( -1.000000000000000000, 0.0000000000000000000, 0.0000000000000000000 ) ) ;
#7321 = AXIS2_PLACEMENT_3D ( 'NONE', #5018, #11898, #5982 ) ;
#7322 = CARTESIAN_POINT ( 'NONE',  ( -1.599999999999999645, 0.0000000000000000000, 1.355814029726843728 ) ) ;
#7323 =( LENGTH_UNIT ( ) NAMED_UNIT ( * ) SI_UNIT ( .MILLI., .METRE. ) );
#7324 =( LENGTH_UNIT ( ) NAMED_UNIT ( * ) SI_UNIT ( .MILLI., .METRE. ) );
#7325 = ORIENTED_EDGE ( 'NONE', *, *, #3179, .F. ) ;
#7326 = DIRECTION ( 'NONE',  ( 0.0000000000000000000, 0.0000000000000000000, 1.000000000000000000 ) ) ;
#7327 =( NAMED_UNIT ( * ) SI_UNIT ( $, .STERADIAN. ) SOLID_ANGLE_UNIT ( ) );
#7328 = EDGE_LOOP ( 'NONE', ( #4319, #12777, #3868, #5915 ) ) ;
#7329 = CARTESIAN_POINT ( 'NONE',  ( -1.455814029726843373, 0.1499999999999999944, -1.500000000000000000 ) ) ;
#7330 = LINE ( 'NONE', #2334, #12289 ) ;
#7331 = CARTESIAN_POINT ( 'NONE',  ( 0.8189977282522473701, -0.05000000000000000278, -1.416874574924349872 ) ) ;
#7332 = ORIENTED_EDGE ( 'NONE', *, *, #11022, .T. ) ;
#7333 = ADVANCED_FACE ( 'NONE', ( #569 ), #10553, .T. ) ;
#7334 = EDGE_CURVE ( 'NONE', #12189, #12106, #12499, .T. ) ;
#7335 = AXIS2_PLACEMENT_3D ( 'NONE', #5122, #11996, #6088 ) ;
#7336 = UNCERTAINTY_MEASURE_WITH_UNIT (LENGTH_MEASURE( 1.000000000000000082E-05 ), #1314, 'distance_accuracy_value', 'NONE');
#7337 = VECTOR ( 'NONE', #2316, 1000.000000000000000 ) ;
#7338 = SURFACE_SIDE_STYLE ('',( #6792 ) ) ;
#7339 = EDGE_LOOP ( 'NONE', ( #10190, #3374, #1354, #1017 ) ) ;
#7340 = SURFACE_STYLE_USAGE ( .BOTH. , #405 ) ;
#7341 = LINE ( 'NONE', #3776, #1768 ) ;
#7342 = ADVANCED_FACE ( 'NONE', ( #7562 ), #7655, .T. ) ;
#7343 = ADVANCED_FACE ( 'NONE', ( #1357 ), #4989, .F. ) ;
#7344 = CARTESIAN_POINT ( 'NONE',  ( -0.1549999999999993883, 0.1000000000000000056, 1.375493264616636679 ) ) ;
#7345 = DIRECTION ( 'NONE',  ( 0.0000000000000000000, 1.000000000000000000, 0.0000000000000000000 ) ) ;
#7346 = VECTOR ( 'NONE', #10205, 1000.000000000000000 ) ;
#7347 = STYLED_ITEM ( 'NONE', ( #1187 ), #1175 ) ;
#7348 = PRESENTATION_LAYER_ASSIGNMENT (  '', '', ( #5389 ) ) ;
#7349 = AXIS2_PLACEMENT_3D ( 'NONE', #4509, #4380, #4331 ) ;
#7350 = DIRECTION ( 'NONE',  ( 0.0000000000000000000, 0.0000000000000000000, -1.000000000000000000 ) ) ;
#7351 = EDGE_CURVE ( 'NONE', #7135, #10136, #2641, .T. ) ;
#7352 = UNCERTAINTY_MEASURE_WITH_UNIT (LENGTH_MEASURE( 1.000000000000000082E-05 ), #8618, 'distance_accuracy_value', 'NONE');
#7353 = SURFACE_STYLE_USAGE ( .BOTH. , #419 ) ;
#7354 = SURFACE_SIDE_STYLE ('',( #1181 ) ) ;
#7355 = STYLED_ITEM ( 'NONE', ( #1180 ), #165 ) ;
#7356 = STYLED_ITEM ( 'NONE', ( #12645 ), #8078 ) ;
#7357 = VECTOR ( 'NONE', #5638, 1000.000000000000000 ) ;
#7358 =( NAMED_UNIT ( * ) PLANE_ANGLE_UNIT ( ) SI_UNIT ( $, .RADIAN. ) );
#7359 = DIRECTION ( 'NONE',  ( 0.0000000000000000000, 1.000000000000000000, 0.0000000000000000000 ) ) ;
#7360 = LINE ( 'NONE', #7882, #9973 ) ;
#7361 = COLOUR_RGB ( '',1.000000000000000000, 1.000000000000000000, 1.000000000000000000 ) ;
#7362 =( LENGTH_UNIT ( ) NAMED_UNIT ( * ) SI_UNIT ( .MILLI., .METRE. ) );
#7363 = DIRECTION ( 'NONE',  ( 0.0000000000000000000, 0.0000000000000000000, 1.000000000000000000 ) ) ;
#7364 = SURFACE_STYLE_FILL_AREA ( #2223 ) ;
#7365 = ORIENTED_EDGE ( 'NONE', *, *, #2011, .F. ) ;
#7366 = FILL_AREA_STYLE ('',( #7594 ) ) ;
#7367 = DIRECTION ( 'NONE',  ( 0.0000000000000000000, 1.000000000000000000, -0.0000000000000000000 ) ) ;
#7368 = CARTESIAN_POINT ( 'NONE',  ( -1.134999999999999787, 0.1000000000000000056, -1.416874574924349872 ) ) ;
#7369 = PLANE ( 'NONE',  #3329 ) ;
#7370 = CARTESIAN_POINT ( 'NONE',  ( 0.5700859015357763182, 0.0000000000000000000, 1.276162611327208873 ) ) ;
#7371 = VECTOR ( 'NONE', #9571, 1000.000000000000000 ) ;
#7372 = EDGE_CURVE ( 'NONE', #12622, #6066, #12828, .T. ) ;
#7373 = EDGE_CURVE ( 'NONE', #9074, #10177, #7593, .T. ) ;
#7374 = VECTOR ( 'NONE', #12612, 1000.000000000000000 ) ;
#7375 = LINE ( 'NONE', #1154, #12618 ) ;
#7376 = CARTESIAN_POINT ( 'NONE',  ( -0.5439116535429402433, -0.05000000000000000278, 1.276162611327208651 ) ) ;
#7377 = EDGE_LOOP ( 'NONE', ( #12192, #11442, #11254, #10964 ) ) ;
#7378 = MECHANICAL_DESIGN_GEOMETRIC_PRESENTATION_REPRESENTATION (  '', ( #5416 ), #8054 ) ;
#7379 = ORIENTED_EDGE ( 'NONE', *, *, #12055, .T. ) ;
#7380 = PRESENTATION_STYLE_ASSIGNMENT (( #1918 ) ) ;
#7381 = COLOUR_RGB ( '',1.000000000000000000, 1.000000000000000000, 1.000000000000000000 ) ;
#7382 = SURFACE_STYLE_FILL_AREA ( #6545 ) ;
#7383 = FILL_AREA_STYLE ('',( #8422 ) ) ;
#7384 = CARTESIAN_POINT ( 'NONE',  ( 0.5087622389318458005, 0.1000000000000000056, -1.277681107331943622 ) ) ;
#7385 = SURFACE_STYLE_USAGE ( .BOTH. , #10014 ) ;
#7386 = CARTESIAN_POINT ( 'NONE',  ( 0.0000000000000000000, 0.0000000000000000000, 0.0000000000000000000 ) ) ;
#7387 = PRESENTATION_STYLE_ASSIGNMENT (( #1031 ) ) ;
#7388 =( LENGTH_UNIT ( ) NAMED_UNIT ( * ) SI_UNIT ( .MILLI., .METRE. ) );
#7389 = DIRECTION ( 'NONE',  ( 0.0000000000000000000, -1.000000000000000000, 0.0000000000000000000 ) ) ;
#7390 = ORIENTED_EDGE ( 'NONE', *, *, #11468, .F. ) ;
#7391 = SURFACE_STYLE_FILL_AREA ( #12613 ) ;
#7392 = FACE_OUTER_BOUND ( 'NONE', #10120, .T. ) ;
#7393 = VERTEX_POINT ( 'NONE', #2799 ) ;
#7394 = ORIENTED_EDGE ( 'NONE', *, *, #11080, .T. ) ;
#7395 = VERTEX_POINT ( 'NONE', #5805 ) ;
#7396 = AXIS2_PLACEMENT_3D ( 'NONE', #8956, #5942, #3020 ) ;
#7397 = ORIENTED_EDGE ( 'NONE', *, *, #9936, .F. ) ;
#7398 = FILL_AREA_STYLE_COLOUR ( '', #5081 ) ;
#7399 = ORIENTED_EDGE ( 'NONE', *, *, #11309, .F. ) ;
#7400 =( GEOMETRIC_REPRESENTATION_CONTEXT ( 3 ) GLOBAL_UNCERTAINTY_ASSIGNED_CONTEXT ( ( #11873 ) ) GLOBAL_UNIT_ASSIGNED_CONTEXT ( ( #3110, #10026, #4123 ) ) REPRESENTATION_CONTEXT ( 'NONE', 'WORKASPACE' ) );
#7401 = SURFACE_SIDE_STYLE ('',( #2686 ) ) ;
#7402 = VERTEX_POINT ( 'NONE', #804 ) ;
#7403 = DIRECTION ( 'NONE',  ( 0.0000000000000000000, 1.000000000000000000, -0.0000000000000000000 ) ) ;
#7404 = DIRECTION ( 'NONE',  ( 0.0000000000000000000, 1.000000000000000000, -0.0000000000000000000 ) ) ;
#7405 = COLOUR_RGB ( '',1.000000000000000000, 1.000000000000000000, 1.000000000000000000 ) ;
#7406 = ORIENTED_EDGE ( 'NONE', *, *, #2609, .T. ) ;
#7407 = VECTOR ( 'NONE', #10912, 1000.000000000000000 ) ;
#7408 = PLANE ( 'NONE',  #8083 ) ;
#7409 = FILL_AREA_STYLE ('',( #10296 ) ) ;
#7410 = ORIENTED_EDGE ( 'NONE', *, *, #883, .F. ) ;
#7411 =( NAMED_UNIT ( * ) PLANE_ANGLE_UNIT ( ) SI_UNIT ( $, .RADIAN. ) );
#7412 = DIRECTION ( 'NONE',  ( 0.0000000000000000000, -1.000000000000000000, 0.0000000000000000000 ) ) ;
#7413 = ADVANCED_FACE ( 'NONE', ( #9900 ), #7695, .T. ) ;
#7414 = DIRECTION ( 'NONE',  ( 0.0000000000000000000, 1.000000000000000000, -0.0000000000000000000 ) ) ;
#7415 =( LENGTH_UNIT ( ) NAMED_UNIT ( * ) SI_UNIT ( .MILLI., .METRE. ) );
#7416 = VERTEX_POINT ( 'NONE', #7786 ) ;
#7417 = DIRECTION ( 'NONE',  ( 1.000000000000000000, -0.0000000000000000000, 0.0000000000000000000 ) ) ;
#7418 = STYLED_ITEM ( 'NONE', ( #5653 ), #6093 ) ;
#7420 = EDGE_CURVE ( 'NONE', #741, #9944, #8970, .T. ) ;
#7419 =( NAMED_UNIT ( * ) PLANE_ANGLE_UNIT ( ) SI_UNIT ( $, .RADIAN. ) );
#7421 = FACE_OUTER_BOUND ( 'NONE', #6438, .T. ) ;
#7423 = ADVANCED_FACE ( 'NONE', ( #1400 ), #2885, .T. ) ;
#7422 = DIRECTION ( 'NONE',  ( -0.0000000000000000000, 0.0000000000000000000, 1.000000000000000000 ) ) ;
#7424 = EDGE_CURVE ( 'NONE', #4320, #12810, #122, .T. ) ;
#7425 = VERTEX_POINT ( 'NONE', #3944 ) ;
#7426 = LINE ( 'NONE', #9353, #12051 ) ;
#7427 = EDGE_LOOP ( 'NONE', ( #331, #168, #2079, #11633 ) ) ;
#7428 =( GEOMETRIC_REPRESENTATION_CONTEXT ( 3 ) GLOBAL_UNCERTAINTY_ASSIGNED_CONTEXT ( ( #2914 ) ) GLOBAL_UNIT_ASSIGNED_CONTEXT ( ( #1432, #8344, #2415 ) ) REPRESENTATION_CONTEXT ( 'NONE', 'WORKASPACE' ) );
#7429 = DIRECTION ( 'NONE',  ( 0.0000000000000000000, 1.000000000000000000, -0.0000000000000000000 ) ) ;
#7430 = EDGE_CURVE ( 'NONE', #9121, #240, #7737, .T. ) ;
#7431 = LINE ( 'NONE', #5008, #4819 ) ;
#7432 = SURFACE_STYLE_FILL_AREA ( #12598 ) ;
#7433 = CIRCLE ( 'NONE', #5867, 0.05920802862897456276 ) ;
#7434 = VERTEX_POINT ( 'NONE', #10812 ) ;
#7435 = ORIENTED_EDGE ( 'NONE', *, *, #9402, .F. ) ;
#7436 = DIRECTION ( 'NONE',  ( 1.000000000000000000, 0.0000000000000000000, 0.0000000000000000000 ) ) ;
#7437 = DIRECTION ( 'NONE',  ( 1.000000000000000000, -0.0000000000000000000, 0.0000000000000000000 ) ) ;
#7438 = ORIENTED_EDGE ( 'NONE', *, *, #12769, .T. ) ;
#7439 = SURFACE_SIDE_STYLE ('',( #4463 ) ) ;
#7440 = CARTESIAN_POINT ( 'NONE',  ( 0.5087622389318458005, -0.05000000000000000278, -1.277681107331943622 ) ) ;
#7441 = UNCERTAINTY_MEASURE_WITH_UNIT (LENGTH_MEASURE( 1.000000000000000082E-05 ), #4613, 'distance_accuracy_value', 'NONE');
#7442 = MECHANICAL_DESIGN_GEOMETRIC_PRESENTATION_REPRESENTATION (  '', ( #6107 ), #8097 ) ;
#7443 = AXIS2_PLACEMENT_3D ( 'NONE', #2748, #5693, #4105 ) ;
#7444 = EDGE_CURVE ( 'NONE', #1973, #1664, #10366, .T. ) ;
#7445 = ORIENTED_EDGE ( 'NONE', *, *, #10239, .T. ) ;
#7446 = AXIS2_PLACEMENT_3D ( 'NONE', #11268, #12274, #10324 ) ;
#7447 = DIRECTION ( 'NONE',  ( 1.000000000000000000, -0.0000000000000000000, 0.0000000000000000000 ) ) ;
#7448 = DIRECTION ( 'NONE',  ( 0.0000000000000000000, 0.0000000000000000000, 1.000000000000000000 ) ) ;
#7449 = EDGE_CURVE ( 'NONE', #3642, #1119, #2770, .T. ) ;
#7450 = ORIENTED_EDGE ( 'NONE', *, *, #10525, .T. ) ;
#7451 = CARTESIAN_POINT ( 'NONE',  ( -0.7660883464570584778, 0.1000000000000000056, -0.0000000000000000000 ) ) ;
#7452 = VERTEX_POINT ( 'NONE', #5969 ) ;
#7453 = ORIENTED_EDGE ( 'NONE', *, *, #12696, .F. ) ;
#7454 = PRESENTATION_STYLE_ASSIGNMENT (( #2269 ) ) ;
#7455 = CARTESIAN_POINT ( 'NONE',  ( 0.7660883464570584778, -0.05000000000000000278, -0.0000000000000000000 ) ) ;
#7456 = LINE ( 'NONE', #9834, #1876 ) ;
#7457 = CARTESIAN_POINT ( 'NONE',  ( -1.134999999999998010, 0.1000000000000000056, -0.3161628721251190655 ) ) ;
#7458 = DIRECTION ( 'NONE',  ( 1.000000000000000000, 0.0000000000000000000, 0.0000000000000000000 ) ) ;
#7459 = AXIS2_PLACEMENT_3D ( 'NONE', #3272, #3002, #2678 ) ;
#7460 = MECHANICAL_DESIGN_GEOMETRIC_PRESENTATION_REPRESENTATION (  '', ( #5482 ), #8118 ) ;
#7461 = LINE ( 'NONE', #9492, #10067 ) ;
#7462 = FACE_OUTER_BOUND ( 'NONE', #11039, .T. ) ;
#7463 = DIRECTION ( 'NONE',  ( 0.0000000000000000000, -1.000000000000000000, 0.0000000000000000000 ) ) ;
#7464 = EDGE_CURVE ( 'NONE', #8033, #4703, #7431, .T. ) ;
#7465 = FILL_AREA_STYLE ('',( #11378 ) ) ;
#7466 = CARTESIAN_POINT ( 'NONE',  ( -0.09906473629233038258, -0.05000000000000000278, 1.375493264616636457 ) ) ;
#7467 = DIRECTION ( 'NONE',  ( -1.000000000000000000, 0.0000000000000000000, 0.0000000000000000000 ) ) ;
#7468 = CARTESIAN_POINT ( 'NONE',  ( -1.599999999999999645, 0.0000000000000000000, -0.0000000000000000000 ) ) ;
#7469 =( GEOMETRIC_REPRESENTATION_CONTEXT ( 3 ) GLOBAL_UNCERTAINTY_ASSIGNED_CONTEXT ( ( #7819 ) ) GLOBAL_UNIT_ASSIGNED_CONTEXT ( ( #55, #7011, #1060 ) ) REPRESENTATION_CONTEXT ( 'NONE', 'WORKASPACE' ) );
#7470 = CARTESIAN_POINT ( 'NONE',  ( 0.0000000000000000000, -0.05000000000000000278, -1.199999999999999289 ) ) ;
#7471 = CIRCLE ( 'NONE', #5054, 0.1441859702731563275 ) ;
#7472 = DIRECTION ( 'NONE',  ( 0.0000000000000000000, 0.0000000000000000000, -1.000000000000000000 ) ) ;
#7473 = ORIENTED_EDGE ( 'NONE', *, *, #2872, .F. ) ;
#7474 = CARTESIAN_POINT ( 'NONE',  ( 1.540045451220498407, 0.1000000000000000056, 0.07500000000000017764 ) ) ;
#7475 = AXIS2_PLACEMENT_3D ( 'NONE', #12117, #6216, #251 ) ;
#7476 = EDGE_CURVE ( 'NONE', #3032, #3854, #10040, .T. ) ;
#7477 = SURFACE_STYLE_FILL_AREA ( #6843 ) ;
#7478 =( GEOMETRIC_REPRESENTATION_CONTEXT ( 3 ) GLOBAL_UNCERTAINTY_ASSIGNED_CONTEXT ( ( #44 ) ) GLOBAL_UNIT_ASSIGNED_CONTEXT ( ( #8957, #3021, #9937 ) ) REPRESENTATION_CONTEXT ( 'NONE', 'WORKASPACE' ) );
#7479 = DIRECTION ( 'NONE',  ( -1.000000000000000000, 0.0000000000000000000, -0.0000000000000000000 ) ) ;
#7480 = CARTESIAN_POINT ( 'NONE',  ( -0.7912377610681550211, 0.1000000000000000056, -1.277681107331943622 ) ) ;
#7481 = SURFACE_SIDE_STYLE ('',( #296 ) ) ;
#7482 =( NAMED_UNIT ( * ) PLANE_ANGLE_UNIT ( ) SI_UNIT ( $, .RADIAN. ) );
#7483 = FILL_AREA_STYLE ('',( #6481 ) ) ;
#7484 = ORIENTED_EDGE ( 'NONE', *, *, #10263, .T. ) ;
#7485 = VERTEX_POINT ( 'NONE', #2049 ) ;
#7486 = ADVANCED_FACE ( 'NONE', ( #9734 ), #6187, .T. ) ;
#7487 = CARTESIAN_POINT ( 'NONE',  ( -0.5439116535429402433, 0.0000000000000000000, 1.320000718934352335 ) ) ;
#7488 = DIRECTION ( 'NONE',  ( -1.000000000000000000, 0.0000000000000000000, 0.0000000000000000000 ) ) ;
#7489 = DIRECTION ( 'NONE',  ( 0.0000000000000000000, -1.000000000000000000, 0.0000000000000000000 ) ) ;
#7490 =( NAMED_UNIT ( * ) SI_UNIT ( $, .STERADIAN. ) SOLID_ANGLE_UNIT ( ) );
#7491 = ORIENTED_EDGE ( 'NONE', *, *, #201, .F. ) ;
#7492 = CARTESIAN_POINT ( 'NONE',  ( 1.540045451220498407, -0.05000000000000000278, -0.07500000000000017764 ) ) ;
#7493 = VERTEX_POINT ( 'NONE', #8989 ) ;
#7494 = ORIENTED_EDGE ( 'NONE', *, *, #5135, .F. ) ;
#7495 = PRESENTATION_LAYER_ASSIGNMENT (  '', '', ( #6165 ) ) ;
#7496 = SURFACE_STYLE_USAGE ( .BOTH. , #538 ) ;
#7497 = EDGE_CURVE ( 'NONE', #9785, #6864, #11444, .T. ) ;
#7498 = EDGE_CURVE ( 'NONE', #761, #4361, #8817, .T. ) ;
#7499 = COLOUR_RGB ( '',1.000000000000000000, 1.000000000000000000, 1.000000000000000000 ) ;
#7500 = CARTESIAN_POINT ( 'NONE',  ( -1.291219160478732864, 0.7999999999999999334, -1.191219160478732997 ) ) ;
#7501 = ORIENTED_EDGE ( 'NONE', *, *, #3444, .T. ) ;
#7502 = CARTESIAN_POINT ( 'NONE',  ( 1.134999999999999787, -0.05000000000000000278, 0.0000000000000000000 ) ) ;
#7503 = FILL_AREA_STYLE_COLOUR ( '', #4504 ) ;
#7504 =( NAMED_UNIT ( * ) PLANE_ANGLE_UNIT ( ) SI_UNIT ( $, .RADIAN. ) );
#7505 = VERTEX_POINT ( 'NONE', #5077 ) ;
#7506 =( NAMED_UNIT ( * ) SI_UNIT ( $, .STERADIAN. ) SOLID_ANGLE_UNIT ( ) );
#7507 = FILL_AREA_STYLE ('',( #6871 ) ) ;
#7508 = AXIS2_PLACEMENT_3D ( 'NONE', #3400, #10830, #3571 ) ;
#7509 = UNCERTAINTY_MEASURE_WITH_UNIT (LENGTH_MEASURE( 1.000000000000000082E-05 ), #11365, 'distance_accuracy_value', 'NONE');
#7510 = DIRECTION ( 'NONE',  ( -1.000000000000000000, 0.0000000000000000000, -0.0000000000000000000 ) ) ;
#7511 = ORIENTED_EDGE ( 'NONE', *, *, #12071, .T. ) ;
#7513 =( LENGTH_UNIT ( ) NAMED_UNIT ( * ) SI_UNIT ( .MILLI., .METRE. ) );
#7512 = SURFACE_STYLE_FILL_AREA ( #11503 ) ;
#7514 = PRESENTATION_LAYER_ASSIGNMENT (  '', '', ( #6192 ) ) ;
#7515 = CARTESIAN_POINT ( 'NONE',  ( -0.1060883464570583357, 0.1000000000000000056, 1.276162611327208651 ) ) ;
#7516 = EDGE_CURVE ( 'NONE', #11217, #6827, #1225, .T. ) ;
#7517 = LINE ( 'NONE', #12658, #2256 ) ;
#7518 =( LENGTH_UNIT ( ) NAMED_UNIT ( * ) SI_UNIT ( .MILLI., .METRE. ) );
#7519 = PRESENTATION_STYLE_ASSIGNMENT (( #8091 ) ) ;
#7520 = CARTESIAN_POINT ( 'NONE',  ( -1.500000000000000000, 0.1499999999999999667, -1.359764889246169783 ) ) ;
#7521 = SURFACE_STYLE_USAGE ( .BOTH. , #7439 ) ;
#7522 = CARTESIAN_POINT ( 'NONE',  ( -0.4949999999999992184, 0.0000000000000000000, 0.0000000000000000000 ) ) ;
#7523 = VERTEX_POINT ( 'NONE', #7052 ) ;
#7524 = UNCERTAINTY_MEASURE_WITH_UNIT (LENGTH_MEASURE( 1.000000000000000082E-05 ), #10100, 'distance_accuracy_value', 'NONE');
#7525 = CARTESIAN_POINT ( 'NONE',  ( 1.499999999999999556, 0.1499999999999999944, 1.399999999999999911 ) ) ;
#7526 = FACE_OUTER_BOUND ( 'NONE', #2658, .T. ) ;
#7527 = ADVANCED_FACE ( 'NONE', ( #11126 ), #1105, .T. ) ;
#7528 = VECTOR ( 'NONE', #9738, 1000.000000000000000 ) ;
#7529 =( NAMED_UNIT ( * ) PLANE_ANGLE_UNIT ( ) SI_UNIT ( $, .RADIAN. ) );
#7530 = PRESENTATION_STYLE_ASSIGNMENT (( #6530 ) ) ;
#7531 = STYLED_ITEM ( 'NONE', ( #5672 ), #1438 ) ;
#7532 =( GEOMETRIC_REPRESENTATION_CONTEXT ( 3 ) GLOBAL_UNCERTAINTY_ASSIGNED_CONTEXT ( ( #7202 ) ) GLOBAL_UNIT_ASSIGNED_CONTEXT ( ( #11239, #5360, #12249 ) ) REPRESENTATION_CONTEXT ( 'NONE', 'WORKASPACE' ) );
#7533 =( GEOMETRIC_REPRESENTATION_CONTEXT ( 3 ) GLOBAL_UNCERTAINTY_ASSIGNED_CONTEXT ( ( #12265 ) ) GLOBAL_UNIT_ASSIGNED_CONTEXT ( ( #5583, #5529, #5493 ) ) REPRESENTATION_CONTEXT ( 'NONE', 'WORKASPACE' ) );
#7534 =( NAMED_UNIT ( * ) PLANE_ANGLE_UNIT ( ) SI_UNIT ( $, .RADIAN. ) );
#7535 = EDGE_CURVE ( 'NONE', #11752, #1922, #2315, .T. ) ;
#7536 = PRESENTATION_STYLE_ASSIGNMENT (( #10764 ) ) ;
#7537 = DIRECTION ( 'NONE',  ( -1.000000000000000000, 0.0000000000000000000, 0.0000000000000000000 ) ) ;
#7538 = FILL_AREA_STYLE_COLOUR ( '', #8308 ) ;
#7539 = VECTOR ( 'NONE', #12316, 1000.000000000000000 ) ;
#7540 = AXIS2_PLACEMENT_3D ( 'NONE', #2490, #9388, #3480 ) ;
#7541 = CARTESIAN_POINT ( 'NONE',  ( 1.401837281655233136, 0.1499999999999999944, -1.400000000000000133 ) ) ;
#7542 = ORIENTED_EDGE ( 'NONE', *, *, #4992, .F. ) ;
#7543 = CARTESIAN_POINT ( 'NONE',  ( 0.1160883464570598989, 0.1000000000000000056, 1.320000718934352335 ) ) ;
#7544 = VERTEX_POINT ( 'NONE', #9058 ) ;
#7545 = ORIENTED_EDGE ( 'NONE', *, *, #5169, .F. ) ;
#7546 = LINE ( 'NONE', #3951, #2279 ) ;
#7547 = SURFACE_STYLE_FILL_AREA ( #10708 ) ;
#7548 = SURFACE_STYLE_USAGE ( .BOTH. , #614 ) ;
#7549 = ORIENTED_EDGE ( 'NONE', *, *, #9223, .T. ) ;
#7550 = PRESENTATION_STYLE_ASSIGNMENT (( #10659 ) ) ;
#7551 =( GEOMETRIC_REPRESENTATION_CONTEXT ( 3 ) GLOBAL_UNCERTAINTY_ASSIGNED_CONTEXT ( ( #5540 ) ) GLOBAL_UNIT_ASSIGNED_CONTEXT ( ( #10863, #4962, #11839 ) ) REPRESENTATION_CONTEXT ( 'NONE', 'WORKASPACE' ) );
#7552 = EDGE_CURVE ( 'NONE', #7452, #4952, #4973, .T. ) ;
#7553 = FILL_AREA_STYLE ('',( #11480 ) ) ;
#7554 = EDGE_CURVE ( 'NONE', #8632, #5843, #7581, .T. ) ;
#7555 = CYLINDRICAL_SURFACE ( 'NONE', #3124, 0.03693314907479822162 ) ;
#7556 = ORIENTED_EDGE ( 'NONE', *, *, #9034, .F. ) ;
#7557 = VECTOR ( 'NONE', #4739, 1000.000000000000000 ) ;
#7558 = ORIENTED_EDGE ( 'NONE', *, *, #12467, .T. ) ;
#7559 = VERTEX_POINT ( 'NONE', #2212 ) ;
#7560 = STYLED_ITEM ( 'NONE', ( #9088 ), #9157 ) ;
#7561 = ORIENTED_EDGE ( 'NONE', *, *, #7596, .F. ) ;
#7562 = FACE_OUTER_BOUND ( 'NONE', #7075, .T. ) ;
#7563 = EDGE_LOOP ( 'NONE', ( #7885, #2531, #4237, #7182 ) ) ;
#7564 = ORIENTED_EDGE ( 'NONE', *, *, #9227, .F. ) ;
#7565 = CARTESIAN_POINT ( 'NONE',  ( -0.1549999999999993883, 0.1000000000000000056, 1.375493264616636679 ) ) ;
#7566 =( LENGTH_UNIT ( ) NAMED_UNIT ( * ) SI_UNIT ( .MILLI., .METRE. ) );
#7567 = CARTESIAN_POINT ( 'NONE',  ( 0.0000000000000000000, 0.1000000000000000056, 0.2000076143446563315 ) ) ;
#7568 = DIRECTION ( 'NONE',  ( 0.0000000000000000000, 0.0000000000000000000, 1.000000000000000000 ) ) ;
#7569 = SURFACE_SIDE_STYLE ('',( #1572 ) ) ;
#7570 = VECTOR ( 'NONE', #12043, 1000.000000000000000 ) ;
#7571 = ORIENTED_EDGE ( 'NONE', *, *, #8754, .F. ) ;
#7572 = DIRECTION ( 'NONE',  ( 0.0000000000000000000, 1.000000000000000000, -0.0000000000000000000 ) ) ;
#7573 = CIRCLE ( 'NONE', #7809, 0.09130182425276713032 ) ;
#7574 = ORIENTED_EDGE ( 'NONE', *, *, #11348, .T. ) ;
#7575 = SURFACE_SIDE_STYLE ('',( #12520 ) ) ;
#7576 = AXIS2_PLACEMENT_3D ( 'NONE', #2595, #9511, #3595 ) ;
#7577 = COLOUR_RGB ( '',1.000000000000000000, 1.000000000000000000, 1.000000000000000000 ) ;
#7579 = ORIENTED_EDGE ( 'NONE', *, *, #6342, .F. ) ;
#7578 = CARTESIAN_POINT ( 'NONE',  ( -1.650000000000000355, -0.05000000000000000278, 0.07500000000000017764 ) ) ;
#7580 = CARTESIAN_POINT ( 'NONE',  ( 0.5087622389318458005, -0.05000000000000000278, -1.416874574924349872 ) ) ;
#7581 = LINE ( 'NONE', #9027, #7271 ) ;
#7582 = COLOUR_RGB ( '',1.000000000000000000, 1.000000000000000000, 1.000000000000000000 ) ;
#7583 = SURFACE_STYLE_FILL_AREA ( #7021 ) ;
#7584 = SURFACE_SIDE_STYLE ('',( #13 ) ) ;
#7585 = CARTESIAN_POINT ( 'NONE',  ( -1.134999999999999787, 0.1000000000000000056, -0.2369407634194544698 ) ) ;
#7586 = UNCERTAINTY_MEASURE_WITH_UNIT (LENGTH_MEASURE( 1.000000000000000082E-05 ), #1859, 'distance_accuracy_value', 'NONE');
#7587 = FACE_OUTER_BOUND ( 'NONE', #653, .T. ) ;
#7588 = ORIENTED_EDGE ( 'NONE', *, *, #4387, .T. ) ;
#7589 = FACE_OUTER_BOUND ( 'NONE', #12408, .T. ) ;
#7590 = ORIENTED_EDGE ( 'NONE', *, *, #12506, .F. ) ;
#7591 =( NAMED_UNIT ( * ) SI_UNIT ( $, .STERADIAN. ) SOLID_ANGLE_UNIT ( ) );
#7592 =( NAMED_UNIT ( * ) SI_UNIT ( $, .STERADIAN. ) SOLID_ANGLE_UNIT ( ) );
#7593 = CIRCLE ( 'NONE', #2633, 0.05920802862897456276 ) ;
#7594 = FILL_AREA_STYLE_COLOUR ( '', #452 ) ;
#7596 = EDGE_CURVE ( 'NONE', #6690, #12268, #12522, .T. ) ;
#7595 = DIRECTION ( 'NONE',  ( 1.000000000000000000, 0.0000000000000000000, -0.0000000000000000000 ) ) ;
#7597 = CARTESIAN_POINT ( 'NONE',  ( -1.401837281655233358, 0.1499999999999999944, -1.400000000000000133 ) ) ;
#7598 = EDGE_CURVE ( 'NONE', #1922, #7080, #4664, .T. ) ;
#7599 = CARTESIAN_POINT ( 'NONE',  ( -0.5700859015357763182, -0.05000000000000000278, 1.276162611327208873 ) ) ;
#7600 = AXIS2_PLACEMENT_3D ( 'NONE', #3846, #10748, #4854 ) ;
#7601 = CARTESIAN_POINT ( 'NONE',  ( -0.8189977282522473701, 0.0000000000000000000, -1.199999999999999289 ) ) ;
#7602 = LINE ( 'NONE', #7376, #12229 ) ;
#7603 = DIRECTION ( 'NONE',  ( 0.0000000000000000000, 1.000000000000000000, 0.0000000000000000000 ) ) ;
#7604 = UNCERTAINTY_MEASURE_WITH_UNIT (LENGTH_MEASURE( 1.000000000000000082E-05 ), #12558, 'distance_accuracy_value', 'NONE');
#7605 = ORIENTED_EDGE ( 'NONE', *, *, #7793, .T. ) ;
#7606 = SURFACE_STYLE_FILL_AREA ( #10929 ) ;
#7607 = FILL_AREA_STYLE_COLOUR ( '', #11310 ) ;
#7608 = LINE ( 'NONE', #11596, #9911 ) ;
#7609 = DIRECTION ( 'NONE',  ( 0.0000000000000000000, 1.000000000000000000, -0.0000000000000000000 ) ) ;
#7610 = VECTOR ( 'NONE', #2314, 1000.000000000000000 ) ;
#7611 = VECTOR ( 'NONE', #5897, 1000.000000000000000 ) ;
#7612 = DIRECTION ( 'NONE',  ( 0.0000000000000000000, 0.0000000000000000000, 1.000000000000000000 ) ) ;
#7613 = STYLED_ITEM ( 'NONE', ( #10973 ), #9969 ) ;
#7614 = STYLED_ITEM ( 'NONE', ( #8392 ), #3123 ) ;
#7615 = EDGE_CURVE ( 'NONE', #10177, #5248, #9885, .T. ) ;
#7616 = VERTEX_POINT ( 'NONE', #7179 ) ;
#7617 = DIRECTION ( 'NONE',  ( -1.000000000000000000, -0.0000000000000000000, -0.0000000000000000000 ) ) ;
#7618 = FILL_AREA_STYLE ('',( #10753 ) ) ;
#7619 = SURFACE_STYLE_USAGE ( .BOTH. , #673 ) ;
#7620 = EDGE_CURVE ( 'NONE', #1222, #32, #1695, .T. ) ;
#7621 = LINE ( 'NONE', #235, #2353 ) ;
#7622 = FILL_AREA_STYLE ('',( #11497 ) ) ;
#7623 = ORIENTED_EDGE ( 'NONE', *, *, #1508, .F. ) ;
#7624 = FACE_OUTER_BOUND ( 'NONE', #9386, .T. ) ;
#7625 = ORIENTED_EDGE ( 'NONE', *, *, #3580, .F. ) ;
#7626 = SURFACE_STYLE_USAGE ( .BOTH. , #677 ) ;
#7627 = DIRECTION ( 'NONE',  ( -1.000000000000000000, 0.0000000000000000000, 0.0000000000000000000 ) ) ;
#7628 = PRESENTATION_STYLE_ASSIGNMENT (( #9931 ) ) ;
#7629 = CARTESIAN_POINT ( 'NONE',  ( 0.5087622389318458005, 0.0000000000000000000, 0.0000000000000000000 ) ) ;
#7630 = EDGE_CURVE ( 'NONE', #9847, #2146, #4357, .T. ) ;
#7631 = FILL_AREA_STYLE ('',( #1704 ) ) ;
#7632 = ORIENTED_EDGE ( 'NONE', *, *, #7250, .T. ) ;
#7633 = DIRECTION ( 'NONE',  ( 0.0000000000000000000, -1.000000000000000000, 0.0000000000000000000 ) ) ;
#7634 = CARTESIAN_POINT ( 'NONE',  ( 1.162759967184092247, 0.1000000000000000056, -1.277681107331943622 ) ) ;
#7635 = DIRECTION ( 'NONE',  ( -0.0000000000000000000, 0.0000000000000000000, 1.000000000000000000 ) ) ;
#7636 = DIRECTION ( 'NONE',  ( 0.0000000000000000000, 0.0000000000000000000, 1.000000000000000000 ) ) ;
#7637 = CARTESIAN_POINT ( 'NONE',  ( -1.044003024146626046, 0.0000000000000000000, -0.3087081087201543061 ) ) ;
#7638 = VECTOR ( 'NONE', #12724, 1000.000000000000000 ) ;
#7639 = ORIENTED_EDGE ( 'NONE', *, *, #6839, .F. ) ;
#7640 = FILL_AREA_STYLE_COLOUR ( '', #8755 ) ;
#7641 = ORIENTED_EDGE ( 'NONE', *, *, #2701, .T. ) ;
#7642 = FILL_AREA_STYLE_COLOUR ( '', #10393 ) ;
#7643 = AXIS2_PLACEMENT_3D ( 'NONE', #5770, #12670, #6748 ) ;
#7644 = MECHANICAL_DESIGN_GEOMETRIC_PRESENTATION_REPRESENTATION (  '', ( #5662 ), #8301 ) ;
#7645 = DIRECTION ( 'NONE',  ( 0.0000000000000000000, 0.0000000000000000000, -1.000000000000000000 ) ) ;
#7646 = DIRECTION ( 'NONE',  ( 0.0000000000000000000, 0.0000000000000000000, 1.000000000000000000 ) ) ;
#7647 = FILL_AREA_STYLE ('',( #8153 ) ) ;
#7648 =( LENGTH_UNIT ( ) NAMED_UNIT ( * ) SI_UNIT ( .MILLI., .METRE. ) );
#7649 = ORIENTED_EDGE ( 'NONE', *, *, #11589, .T. ) ;
#7650 = SURFACE_SIDE_STYLE ('',( #9426 ) ) ;
#7651 = CARTESIAN_POINT ( 'NONE',  ( -1.455814029726843373, 0.1499999999999999944, -1.500000000000000000 ) ) ;
#7652 = VECTOR ( 'NONE', #3211, 1000.000000000000000 ) ;
#7653 = PLANE ( 'NONE',  #7922 ) ;
#7654 = VERTEX_POINT ( 'NONE', #10141 ) ;
#7655 = PLANE ( 'NONE',  #12799 ) ;
#7656 = AXIS2_PLACEMENT_3D ( 'NONE', #2107, #9010, #3084 ) ;
#7657 = FILL_AREA_STYLE ('',( #5721 ) ) ;
#7658 = DIRECTION ( 'NONE',  ( 0.0000000000000000000, 0.0000000000000000000, 1.000000000000000000 ) ) ;
#7659 = EDGE_CURVE ( 'NONE', #12508, #8023, #4018, .T. ) ;
#7660 =( NAMED_UNIT ( * ) SI_UNIT ( $, .STERADIAN. ) SOLID_ANGLE_UNIT ( ) );
#7661 = EDGE_CURVE ( 'NONE', #2715, #6877, #12209, .T. ) ;
#7662 = VECTOR ( 'NONE', #11147, 1000.000000000000000 ) ;
#7663 = PRESENTATION_LAYER_ASSIGNMENT (  '', '', ( #6350 ) ) ;
#7664 = UNCERTAINTY_MEASURE_WITH_UNIT (LENGTH_MEASURE( 1.000000000000000082E-05 ), #4008, 'distance_accuracy_value', 'NONE');
#7665 = DIRECTION ( 'NONE',  ( 0.0000000000000000000, 0.0000000000000000000, 1.000000000000000000 ) ) ;
#7666 = EDGE_LOOP ( 'NONE', ( #4531, #10216, #9020, #8786 ) ) ;
#7667 =( NAMED_UNIT ( * ) SI_UNIT ( $, .STERADIAN. ) SOLID_ANGLE_UNIT ( ) );
#7668 = ADVANCED_FACE ( 'NONE', ( #9270 ), #2285, .T. ) ;
#7669 = CARTESIAN_POINT ( 'NONE',  ( 0.0000000000000000000, 0.1000000000000000056, -0.3999999999999976907 ) ) ;
#7670 =( LENGTH_UNIT ( ) NAMED_UNIT ( * ) SI_UNIT ( .MILLI., .METRE. ) );
#7671 = PRESENTATION_LAYER_ASSIGNMENT (  '', '', ( #7024 ) ) ;
#7672 = DIRECTION ( 'NONE',  ( 0.0000000000000000000, 0.0000000000000000000, 1.000000000000000000 ) ) ;
#7673 = EDGE_CURVE ( 'NONE', #3664, #5731, #5422, .T. ) ;
#7674 = VERTEX_POINT ( 'NONE', #8253 ) ;
#7675 = UNCERTAINTY_MEASURE_WITH_UNIT (LENGTH_MEASURE( 1.000000000000000082E-05 ), #1692, 'distance_accuracy_value', 'NONE');
#7676 = DIRECTION ( 'NONE',  ( 1.000000000000000000, 0.0000000000000000000, 0.0000000000000000000 ) ) ;
#7677 = AXIS2_PLACEMENT_3D ( 'NONE', #138, #7093, #1147 ) ;
#7678 = DIRECTION ( 'NONE',  ( -0.0000000000000000000, 0.0000000000000000000, 1.000000000000000000 ) ) ;
#7679 =( LENGTH_UNIT ( ) NAMED_UNIT ( * ) SI_UNIT ( .MILLI., .METRE. ) );
#7680 = CARTESIAN_POINT ( 'NONE',  ( 0.09069449998385259448, 0.1000000000000000056, 1.249999999999999112 ) ) ;
#7681 = SURFACE_STYLE_USAGE ( .BOTH. , #1940 ) ;
#7682 = SURFACE_STYLE_FILL_AREA ( #4984 ) ;
#7683 = ORIENTED_EDGE ( 'NONE', *, *, #838, .F. ) ;
#7684 = VERTEX_POINT ( 'NONE', #2333 ) ;
#7685 = LINE ( 'NONE', #1872, #10321 ) ;
#7686 = EDGE_LOOP ( 'NONE', ( #1249, #9350, #4461, #12741 ) ) ;
#7687 = VECTOR ( 'NONE', #6011, 1000.000000000000000 ) ;
#7688 = CARTESIAN_POINT ( 'NONE',  ( -1.257124604555293734, -0.05000000000000000278, 0.1623686072350682963 ) ) ;
#7689 = AXIS2_PLACEMENT_3D ( 'NONE', #10047, #9882, #9505 ) ;
#7690 = PRESENTATION_LAYER_ASSIGNMENT (  '', '', ( #7041 ) ) ;
#7691 = CARTESIAN_POINT ( 'NONE',  ( -0.8149999999999995026, -0.05000000000000000278, -0.0000000000000000000 ) ) ;
#7692 = PRESENTATION_STYLE_ASSIGNMENT (( #10305 ) ) ;
#7693 = COLOUR_RGB ( '',1.000000000000000000, 1.000000000000000000, 1.000000000000000000 ) ;
#7694 = ORIENTED_EDGE ( 'NONE', *, *, #345, .F. ) ;
#7695 = PLANE ( 'NONE',  #8595 ) ;
#7696 = VECTOR ( 'NONE', #7285, 1000.000000000000000 ) ;
#7697 = PLANE ( 'NONE',  #2613 ) ;
#7698 = DIRECTION ( 'NONE',  ( 0.0000000000000000000, -1.000000000000000000, 0.0000000000000000000 ) ) ;
#7699 = ORIENTED_EDGE ( 'NONE', *, *, #1462, .F. ) ;
#7700 = COLOUR_RGB ( '',1.000000000000000000, 1.000000000000000000, 1.000000000000000000 ) ;
#7701 = COLOUR_RGB ( '',1.000000000000000000, 1.000000000000000000, 1.000000000000000000 ) ;
#7702 = ORIENTED_EDGE ( 'NONE', *, *, #7924, .T. ) ;
#7703 =( GEOMETRIC_REPRESENTATION_CONTEXT ( 3 ) GLOBAL_UNCERTAINTY_ASSIGNED_CONTEXT ( ( #4044 ) ) GLOBAL_UNIT_ASSIGNED_CONTEXT ( ( #6789, #839, #7781 ) ) REPRESENTATION_CONTEXT ( 'NONE', 'WORKASPACE' ) );
#7704 = ORIENTED_EDGE ( 'NONE', *, *, #10525, .F. ) ;
#7705 = PRESENTATION_STYLE_ASSIGNMENT (( #624 ) ) ;
#7706 = COLOUR_RGB ( '',1.000000000000000000, 1.000000000000000000, 1.000000000000000000 ) ;
#7707 = CARTESIAN_POINT ( 'NONE',  ( -1.134999999999999787, -0.05000000000000000278, 0.0000000000000000000 ) ) ;
#7708 = SURFACE_STYLE_USAGE ( .BOTH. , #774 ) ;
#7709 = CARTESIAN_POINT ( 'NONE',  ( -0.1689977282522470148, 0.0000000000000000000, -1.277681107331943622 ) ) ;
#7710 = PRESENTATION_STYLE_ASSIGNMENT (( #6526 ) ) ;
#7711 = DIRECTION ( 'NONE',  ( 0.0000000000000000000, 1.000000000000000000, 0.0000000000000000000 ) ) ;
#7712 = ORIENTED_EDGE ( 'NONE', *, *, #4684, .T. ) ;
#7713 = LINE ( 'NONE', #2101, #12038 ) ;
#7714 = DIRECTION ( 'NONE',  ( 1.000000000000000000, 0.0000000000000000000, -0.0000000000000000000 ) ) ;
#7715 = VERTEX_POINT ( 'NONE', #4355 ) ;
#7716 =( NAMED_UNIT ( * ) SI_UNIT ( $, .STERADIAN. ) SOLID_ANGLE_UNIT ( ) );
#7717 = PRESENTATION_STYLE_ASSIGNMENT (( #11689 ) ) ;
#7718 = ORIENTED_EDGE ( 'NONE', *, *, #8501, .T. ) ;
#7719 = STYLED_ITEM ( 'NONE', ( #4275 ), #11037 ) ;
#7720 = EDGE_CURVE ( 'NONE', #9074, #74, #8043, .T. ) ;
#7721 = DIRECTION ( 'NONE',  ( 0.0000000000000000000, 1.000000000000000000, -0.0000000000000000000 ) ) ;
#7722 = PRESENTATION_LAYER_ASSIGNMENT (  '', '', ( #7058 ) ) ;
#7723 = COLOUR_RGB ( '',1.000000000000000000, 1.000000000000000000, 1.000000000000000000 ) ;
#7724 = EDGE_LOOP ( 'NONE', ( #8148, #12473, #11997, #9679 ) ) ;
#7725 = DIRECTION ( 'NONE',  ( -1.000000000000000000, 0.0000000000000000000, 0.0000000000000000000 ) ) ;
#7726 = PRESENTATION_LAYER_ASSIGNMENT (  '', '', ( #7063 ) ) ;
#7727 = CYLINDRICAL_SURFACE ( 'NONE', #1162, 0.02617424799283601944 ) ;
#7728 = VECTOR ( 'NONE', #3772, 1000.000000000000000 ) ;
#7729 = COLOUR_RGB ( '',1.000000000000000000, 1.000000000000000000, 1.000000000000000000 ) ;
#7730 = CARTESIAN_POINT ( 'NONE',  ( 1.135000000000004894, 0.0000000000000000000, -2.485305147012454610E-14 ) ) ;
#7731 = EDGE_LOOP ( 'NONE', ( #2948, #4975, #6606 ) ) ;
#7732 = CARTESIAN_POINT ( 'NONE',  ( -0.8189977282522473701, 0.1000000000000000056, -1.500000000000000000 ) ) ;
#7733 = DIRECTION ( 'NONE',  ( 0.0000000000000000000, -1.000000000000000000, 0.0000000000000000000 ) ) ;
#7734 = DIRECTION ( 'NONE',  ( -1.000000000000000000, 0.0000000000000000000, -0.0000000000000000000 ) ) ;
#7735 = CARTESIAN_POINT ( 'NONE',  ( 0.8189977282522473701, 0.1000000000000000056, -1.416874574924349872 ) ) ;
#7736 = ADVANCED_FACE ( 'NONE', ( #429 ), #4179, .T. ) ;
#7737 = CIRCLE ( 'NONE', #11901, 0.02617424799283601944 ) ;
#7738 = ADVANCED_FACE ( 'NONE', ( #12044 ), #577, .F. ) ;
#7739 = MECHANICAL_DESIGN_GEOMETRIC_PRESENTATION_REPRESENTATION (  '', ( #6414 ), #8403 ) ;
#7740 = CARTESIAN_POINT ( 'NONE',  ( 0.0000000000000000000, 0.0000000000000000000, 0.07500000000000017764 ) ) ;
#7741 = STYLED_ITEM ( 'NONE', ( #9541 ), #5429 ) ;
#7742 =( NAMED_UNIT ( * ) PLANE_ANGLE_UNIT ( ) SI_UNIT ( $, .RADIAN. ) );
#7743 = UNCERTAINTY_MEASURE_WITH_UNIT (LENGTH_MEASURE( 1.000000000000000082E-05 ), #5092, 'distance_accuracy_value', 'NONE');
#7744 = SURFACE_STYLE_USAGE ( .BOTH. , #801 ) ;
#7745 = ORIENTED_EDGE ( 'NONE', *, *, #4586, .F. ) ;
#7746 = CARTESIAN_POINT ( 'NONE',  ( 0.0000000000000000000, 0.0000000000000000000, -1.416874574924349872 ) ) ;
#7747 = CARTESIAN_POINT ( 'NONE',  ( 0.09069449998385259448, -0.05000000000000000278, 1.249999999999999112 ) ) ;
#7748 = CARTESIAN_POINT ( 'NONE',  ( 0.4949999999999992184, 0.1000000000000000056, 1.649999999999999467 ) ) ;
#7749 = STYLED_ITEM ( 'NONE', ( #10299 ), #505 ) ;
#7750 = PRESENTATION_STYLE_ASSIGNMENT (( #6067 ) ) ;
#7751 = ORIENTED_EDGE ( 'NONE', *, *, #2162, .T. ) ;
#7752 = SURFACE_STYLE_FILL_AREA ( #10573 ) ;
#7753 = DIRECTION ( 'NONE',  ( -1.000000000000000000, -0.0000000000000000000, -0.0000000000000000000 ) ) ;
#7754 = SURFACE_STYLE_USAGE ( .BOTH. , #811 ) ;
#7755 = CARTESIAN_POINT ( 'NONE',  ( -0.1689977282522470148, 0.1000000000000000056, 0.0000000000000000000 ) ) ;
#7756 = UNCERTAINTY_MEASURE_WITH_UNIT (LENGTH_MEASURE( 1.000000000000000082E-05 ), #4713, 'distance_accuracy_value', 'NONE');
#7757 = STYLED_ITEM ( 'NONE', ( #7797 ), #2238 ) ;
#7758 = DIRECTION ( 'NONE',  ( -0.0000000000000000000, 0.0000000000000000000, 1.000000000000000000 ) ) ;
#7759 = DIRECTION ( 'NONE',  ( 0.0000000000000000000, 1.000000000000000000, -0.0000000000000000000 ) ) ;
#7760 = EDGE_CURVE ( 'NONE', #2705, #5892, #5865, .T. ) ;
#7761 = VECTOR ( 'NONE', #10654, 1000.000000000000000 ) ;
#7762 =( LENGTH_UNIT ( ) NAMED_UNIT ( * ) SI_UNIT ( .MILLI., .METRE. ) );
#7763 =( GEOMETRIC_REPRESENTATION_CONTEXT ( 3 ) GLOBAL_UNCERTAINTY_ASSIGNED_CONTEXT ( ( #10601 ) ) GLOBAL_UNIT_ASSIGNED_CONTEXT ( ( #6345, #385, #7327 ) ) REPRESENTATION_CONTEXT ( 'NONE', 'WORKASPACE' ) );
#7764 = DIRECTION ( 'NONE',  ( 1.000000000000000000, -0.0000000000000000000, 0.0000000000000000000 ) ) ;
#7765 = SURFACE_STYLE_FILL_AREA ( #9769 ) ;
#7766 = CARTESIAN_POINT ( 'NONE',  ( 0.1650000000000009237, -0.05000000000000000278, -1.416874574924349872 ) ) ;
#7767 = ORIENTED_EDGE ( 'NONE', *, *, #6215, .F. ) ;
#7768 = DIRECTION ( 'NONE',  ( -0.0000000000000000000, 0.0000000000000000000, -1.000000000000000000 ) ) ;
#7769 = LINE ( 'NONE', #1194, #5164 ) ;
#7770 =( LENGTH_UNIT ( ) NAMED_UNIT ( * ) SI_UNIT ( .MILLI., .METRE. ) );
#7771 = DIRECTION ( 'NONE',  ( -1.000000000000000000, 0.0000000000000000000, 0.0000000000000000000 ) ) ;
#7772 = AXIS2_PLACEMENT_3D ( 'NONE', #364, #12284, #3424 ) ;
#7773 = SURFACE_STYLE_USAGE ( .BOTH. , #830 ) ;
#7774 = STYLED_ITEM ( 'NONE', ( #7243 ), #10311 ) ;
#7775 = ORIENTED_EDGE ( 'NONE', *, *, #9863, .F. ) ;
#7776 = EDGE_CURVE ( 'NONE', #5992, #10892, #11114, .T. ) ;
#7777 = ORIENTED_EDGE ( 'NONE', *, *, #12298, .T. ) ;
#7778 = ORIENTED_EDGE ( 'NONE', *, *, #12123, .F. ) ;
#7779 = ADVANCED_FACE ( 'NONE', ( #3224 ), #8390, .T. ) ;
#7780 = PRESENTATION_LAYER_ASSIGNMENT (  '', '', ( #6450 ) ) ;
#7781 =( NAMED_UNIT ( * ) SI_UNIT ( $, .STERADIAN. ) SOLID_ANGLE_UNIT ( ) );
#7782 = ORIENTED_EDGE ( 'NONE', *, *, #7255, .T. ) ;
#7783 = CARTESIAN_POINT ( 'NONE',  ( 0.1650000000000009237, 0.1000000000000000056, 0.0000000000000000000 ) ) ;
#7784 = PRESENTATION_STYLE_ASSIGNMENT (( #12111 ) ) ;
#7785 = SURFACE_STYLE_USAGE ( .BOTH. , #842 ) ;
#7786 = CARTESIAN_POINT ( 'NONE',  ( -1.257124604555293956, 0.1000000000000000056, -0.1031605786060936225 ) ) ;
#7787 = ORIENTED_EDGE ( 'NONE', *, *, #1253, .F. ) ;
#7788 = ADVANCED_FACE ( 'NONE', ( #7259 ), #9409, .T. ) ;
#7789 = DIRECTION ( 'NONE',  ( 0.0000000000000000000, 0.0000000000000000000, 1.000000000000000000 ) ) ;
#7790 = CARTESIAN_POINT ( 'NONE',  ( -0.1412377610681545548, 0.1000000000000000056, -1.277681107331943622 ) ) ;
#7791 = ORIENTED_EDGE ( 'NONE', *, *, #2785, .F. ) ;
#7792 =( GEOMETRIC_REPRESENTATION_CONTEXT ( 3 ) GLOBAL_UNCERTAINTY_ASSIGNED_CONTEXT ( ( #8143 ) ) GLOBAL_UNIT_ASSIGNED_CONTEXT ( ( #11583, #5676, #12581 ) ) REPRESENTATION_CONTEXT ( 'NONE', 'WORKASPACE' ) );
#7793 = EDGE_CURVE ( 'NONE', #9472, #2821, #3683, .T. ) ;
#7794 = LINE ( 'NONE', #10154, #5190 ) ;
#7795 =( NAMED_UNIT ( * ) SI_UNIT ( $, .STERADIAN. ) SOLID_ANGLE_UNIT ( ) );
#7796 = EDGE_CURVE ( 'NONE', #7715, #5574, #1039, .T. ) ;
#7797 = PRESENTATION_STYLE_ASSIGNMENT (( #12441 ) ) ;
#7798 = FILL_AREA_STYLE ('',( #12674 ) ) ;
#7799 = SURFACE_STYLE_USAGE ( .BOTH. , #859 ) ;
#7800 = ORIENTED_EDGE ( 'NONE', *, *, #9837, .T. ) ;
#7802 = ADVANCED_FACE ( 'NONE', ( #6325 ), #5536, .T. ) ;
#7801 = DIRECTION ( 'NONE',  ( 0.0000000000000000000, 0.0000000000000000000, 1.000000000000000000 ) ) ;
#7803 = FACE_OUTER_BOUND ( 'NONE', #2058, .T. ) ;
#7804 = DIRECTION ( 'NONE',  ( 0.0000000000000000000, 1.000000000000000000, -0.0000000000000000000 ) ) ;
#7805 = ORIENTED_EDGE ( 'NONE', *, *, #2901, .F. ) ;
#7806 = SURFACE_STYLE_USAGE ( .BOTH. , #872 ) ;
#7807 = PRESENTATION_STYLE_ASSIGNMENT (( #7353 ) ) ;
#7808 = PRESENTATION_LAYER_ASSIGNMENT (  '', '', ( #6486 ) ) ;
#7809 = AXIS2_PLACEMENT_3D ( 'NONE', #460, #7403, #1480 ) ;
#7810 = DIRECTION ( 'NONE',  ( -2.189696164768673130E-14, 0.0000000000000000000, -1.000000000000000000 ) ) ;
#7812 = ADVANCED_FACE ( 'NONE', ( #10340 ), #11712, .T. ) ;
#7811 = CARTESIAN_POINT ( 'NONE',  ( 0.5693055000161476586, 0.1000000000000000056, 1.249999999999999112 ) ) ;
#7813 = SURFACE_SIDE_STYLE ('',( #2181 ) ) ;
#7814 = SURFACE_STYLE_FILL_AREA ( #6049 ) ;
#7815 = ORIENTED_EDGE ( 'NONE', *, *, #5928, .F. ) ;
#7816 = CIRCLE ( 'NONE', #11188, 0.1000000000000000472 ) ;
#7817 =( LENGTH_UNIT ( ) NAMED_UNIT ( * ) SI_UNIT ( .MILLI., .METRE. ) );
#7818 = FILL_AREA_STYLE ('',( #5837 ) ) ;
#7819 = UNCERTAINTY_MEASURE_WITH_UNIT (LENGTH_MEASURE( 1.000000000000000082E-05 ), #55, 'distance_accuracy_value', 'NONE');
#7820 = SURFACE_STYLE_USAGE ( .BOTH. , #895 ) ;
#7821 = FILL_AREA_STYLE_COLOUR ( '', #1064 ) ;
#7822 = EDGE_LOOP ( 'NONE', ( #4206, #5603, #3283, #9079 ) ) ;
#7823 = CIRCLE ( 'NONE', #5957, 0.03693314907479822162 ) ;
#7824 = VERTEX_POINT ( 'NONE', #4652 ) ;
#7825 = DIRECTION ( 'NONE',  ( 0.0000000000000000000, 0.0000000000000000000, -1.000000000000000000 ) ) ;
#7826 = DIRECTION ( 'NONE',  ( 1.000000000000000000, 0.0000000000000000000, 0.0000000000000000000 ) ) ;
#7827 = EDGE_CURVE ( 'NONE', #9551, #10173, #6773, .T. ) ;
#7828 = FILL_AREA_STYLE ('',( #8231 ) ) ;
#7829 = EDGE_CURVE ( 'NONE', #7493, #3197, #1522, .T. ) ;
#7830 = SURFACE_STYLE_FILL_AREA ( #115 ) ;
#7831 = AXIS2_PLACEMENT_3D ( 'NONE', #10543, #4655, #11522 ) ;
#7832 = CARTESIAN_POINT ( 'NONE',  ( -1.257124604555293956, -0.05000000000000000278, -0.1031605786060936225 ) ) ;
#7833 = DIRECTION ( 'NONE',  ( 0.0000000000000000000, 1.000000000000000000, 0.0000000000000000000 ) ) ;
#7834 = SURFACE_SIDE_STYLE ('',( #10623 ) ) ;
#7835 = SURFACE_STYLE_FILL_AREA ( #9770 ) ;
#7836 = PRESENTATION_STYLE_ASSIGNMENT (( #4264 ) ) ;
#7837 = SURFACE_STYLE_USAGE ( .BOTH. , #4338 ) ;
#7838 = CARTESIAN_POINT ( 'NONE',  ( -0.8189977282522473701, 0.1000000000000000056, -1.500000000000000000 ) ) ;
#7839 = FILL_AREA_STYLE ('',( #5859 ) ) ;
#7840 = EDGE_LOOP ( 'NONE', ( #1058, #8677, #6567, #4573 ) ) ;
#7841 = ADVANCED_FACE ( 'NONE', ( #9397 ), #9590, .T. ) ;
#7842 = LINE ( 'NONE', #7088, #7539 ) ;
#7843 = COLOUR_RGB ( '',0.2509803921568627416, 0.2509803921568627416, 0.2509803921568627416 ) ;
#7844 = PLANE ( 'NONE',  #10665 ) ;
#7845 = COLOUR_RGB ( '',1.000000000000000000, 1.000000000000000000, 1.000000000000000000 ) ;
#7846 = FACE_OUTER_BOUND ( 'NONE', #3659, .T. ) ;
#7847 = FILL_AREA_STYLE ('',( #12207 ) ) ;
#7848 = PRESENTATION_LAYER_ASSIGNMENT (  '', '', ( #8521 ) ) ;
#7849 = SURFACE_SIDE_STYLE ('',( #11706 ) ) ;
#7850 = PRESENTATION_LAYER_ASSIGNMENT (  '', '', ( #7190 ) ) ;
#7851 = AXIS2_PLACEMENT_3D ( 'NONE', #2206, #12814, #6630 ) ;
#7852 = CARTESIAN_POINT ( 'NONE',  ( 0.0000000000000000000, 0.0000000000000000000, -1.416874574924349872 ) ) ;
#7853 = ORIENTED_EDGE ( 'NONE', *, *, #7175, .F. ) ;
#7854 = EDGE_CURVE ( 'NONE', #8022, #12805, #5551, .T. ) ;
#7855 = ORIENTED_EDGE ( 'NONE', *, *, #7776, .F. ) ;
#7857 = FILL_AREA_STYLE_COLOUR ( '', #4086 ) ;
#7856 = VECTOR ( 'NONE', #6851, 1000.000000000000000 ) ;
#7858 = ORIENTED_EDGE ( 'NONE', *, *, #3581, .F. ) ;
#7859 = LINE ( 'NONE', #2026, #5251 ) ;
#7860 = CARTESIAN_POINT ( 'NONE',  ( 1.540045451220497963, 0.1000000000000000056, 0.1083811245156857256 ) ) ;
#7861 = ORIENTED_EDGE ( 'NONE', *, *, #5557, .F. ) ;
#7862 =( GEOMETRIC_REPRESENTATION_CONTEXT ( 3 ) GLOBAL_UNCERTAINTY_ASSIGNED_CONTEXT ( ( #12337 ) ) GLOBAL_UNIT_ASSIGNED_CONTEXT ( ( #7566, #1639, #8558 ) ) REPRESENTATION_CONTEXT ( 'NONE', 'WORKASPACE' ) );
#7863 = ORIENTED_EDGE ( 'NONE', *, *, #8874, .T. ) ;
#7864 = DIRECTION ( 'NONE',  ( -1.000000000000000000, 0.0000000000000000000, 2.189696164768673130E-14 ) ) ;
#7865 = EDGE_CURVE ( 'NONE', #5195, #11217, #8166, .T. ) ;
#7866 = COLOUR_RGB ( '',1.000000000000000000, 1.000000000000000000, 1.000000000000000000 ) ;
#7867 = CARTESIAN_POINT ( 'NONE',  ( -0.8149999999999995026, -0.05000000000000000278, 0.0000000000000000000 ) ) ;
#7868 = DIRECTION ( 'NONE',  ( 1.000000000000000000, -0.0000000000000000000, 0.0000000000000000000 ) ) ;
#7869 = VECTOR ( 'NONE', #12300, 1000.000000000000000 ) ;
#7870 =( NAMED_UNIT ( * ) PLANE_ANGLE_UNIT ( ) SI_UNIT ( $, .RADIAN. ) );
#7871 = ORIENTED_EDGE ( 'NONE', *, *, #4900, .F. ) ;
#7872 = LINE ( 'NONE', #7651, #2601 ) ;
#7873 = EDGE_LOOP ( 'NONE', ( #4158, #9880, #10609, #3060 ) ) ;
#7874 = ORIENTED_EDGE ( 'NONE', *, *, #4684, .F. ) ;
#7875 = VERTEX_POINT ( 'NONE', #5708 ) ;
#7876 = ORIENTED_EDGE ( 'NONE', *, *, #10643, .T. ) ;
#7877 = DIRECTION ( 'NONE',  ( 1.000000000000000000, -0.0000000000000000000, 0.0000000000000000000 ) ) ;
#7878 = ORIENTED_EDGE ( 'NONE', *, *, #2798, .T. ) ;
#7879 = EDGE_CURVE ( 'NONE', #5269, #12508, #246, .T. ) ;
#7880 = VERTEX_POINT ( 'NONE', #2709 ) ;
#7881 = CARTESIAN_POINT ( 'NONE',  ( 1.599999999999999645, 0.1499999999999999944, 0.0000000000000000000 ) ) ;
#7882 = CARTESIAN_POINT ( 'NONE',  ( -1.134999999999999787, -0.05000000000000000278, -1.649999999999998579 ) ) ;
#7883 =( GEOMETRIC_REPRESENTATION_CONTEXT ( 3 ) GLOBAL_UNCERTAINTY_ASSIGNED_CONTEXT ( ( #2819 ) ) GLOBAL_UNIT_ASSIGNED_CONTEXT ( ( #5423, #12315, #6402 ) ) REPRESENTATION_CONTEXT ( 'NONE', 'WORKASPACE' ) );
#7884 = DIRECTION ( 'NONE',  ( 1.000000000000000000, 0.0000000000000000000, 0.0000000000000000000 ) ) ;
#7885 = ORIENTED_EDGE ( 'NONE', *, *, #10996, .T. ) ;
#7886 = PRESENTATION_STYLE_ASSIGNMENT (( #377 ) ) ;
#7887 = COLOUR_RGB ( '',0.2509803921568627416, 0.2509803921568627416, 0.2509803921568627416 ) ;
#7888 = VERTEX_POINT ( 'NONE', #11606 ) ;
#7889 = VERTEX_POINT ( 'NONE', #8682 ) ;
#7890 = ADVANCED_FACE ( 'NONE', ( #2596 ), #9240, .T. ) ;
#7891 = CARTESIAN_POINT ( 'NONE',  ( 1.171933149074798175, 0.1000000000000000056, -0.2000076143446563315 ) ) ;
#7892 =( NAMED_UNIT ( * ) PLANE_ANGLE_UNIT ( ) SI_UNIT ( $, .RADIAN. ) );
#7893 = CARTESIAN_POINT ( 'NONE',  ( -1.197916575926319283, 0.1000000000000000056, 0.1623686072350682963 ) ) ;
#7894 = LINE ( 'NONE', #6730, #5282 ) ;
#7895 = VERTEX_POINT ( 'NONE', #1791 ) ;
#7896 = DIRECTION ( 'NONE',  ( 0.0000000000000000000, 1.000000000000000000, -0.0000000000000000000 ) ) ;
#7897 = CARTESIAN_POINT ( 'NONE',  ( -1.134999999999999787, 0.0000000000000000000, -1.199999999999999289 ) ) ;
#7898 = AXIS2_PLACEMENT_3D ( 'NONE', #9383, #3474, #10398 ) ;
#7899 = ORIENTED_EDGE ( 'NONE', *, *, #5847, .T. ) ;
#7900 = EDGE_CURVE ( 'NONE', #1242, #6924, #1671, .T. ) ;
#7901 = CARTESIAN_POINT ( 'NONE',  ( 0.8149999999999995026, -0.05000000000000000278, -0.0000000000000000000 ) ) ;
#7902 = PRESENTATION_STYLE_ASSIGNMENT (( #1053 ) ) ;
#7903 = STYLED_ITEM ( 'NONE', ( #7836 ), #4459 ) ;
#7904 = ORIENTED_EDGE ( 'NONE', *, *, #12591, .T. ) ;
#7905 = COLOUR_RGB ( '',1.000000000000000000, 1.000000000000000000, 1.000000000000000000 ) ;
#7906 = ORIENTED_EDGE ( 'NONE', *, *, #12671, .T. ) ;
#7907 = DIRECTION ( 'NONE',  ( 0.0000000000000000000, 0.0000000000000000000, 1.000000000000000000 ) ) ;
#7908 = LINE ( 'NONE', #9412, #5300 ) ;
#7909 = DIRECTION ( 'NONE',  ( 0.0000000000000000000, 0.0000000000000000000, -1.000000000000000000 ) ) ;
#7910 =( NAMED_UNIT ( * ) SI_UNIT ( $, .STERADIAN. ) SOLID_ANGLE_UNIT ( ) );
#7911 =( NAMED_UNIT ( * ) SI_UNIT ( $, .STERADIAN. ) SOLID_ANGLE_UNIT ( ) );
#7912 = CARTESIAN_POINT ( 'NONE',  ( 0.1650000000000009237, -0.05000000000000000278, 0.0000000000000000000 ) ) ;
#7913 = CARTESIAN_POINT ( 'NONE',  ( 0.0000000000000000000, 0.1000000000000000056, -1.199999999999999289 ) ) ;
#7915 = ORIENTED_EDGE ( 'NONE', *, *, #3321, .T. ) ;
#7914 = CARTESIAN_POINT ( 'NONE',  ( -0.5693055000161476586, 0.1000000000000000056, 1.249999999999999112 ) ) ;
#7916 = UNCERTAINTY_MEASURE_WITH_UNIT (LENGTH_MEASURE( 1.000000000000000082E-05 ), #9294, 'distance_accuracy_value', 'NONE');
#7917 = ORIENTED_EDGE ( 'NONE', *, *, #4963, .T. ) ;
#7918 = VECTOR ( 'NONE', #8232, 1000.000000000000000 ) ;
#7919 = COLOUR_RGB ( '',1.000000000000000000, 1.000000000000000000, 1.000000000000000000 ) ;
#7920 = STYLED_ITEM ( 'NONE', ( #149 ), #12702 ) ;
#7921 = ADVANCED_FACE ( 'NONE', ( #2895 ), #3793, .T. ) ;
#7922 = AXIS2_PLACEMENT_3D ( 'NONE', #12605, #6696, #762 ) ;
#7923 = EDGE_CURVE ( 'NONE', #5746, #6513, #5694, .T. ) ;
#7924 = EDGE_CURVE ( 'NONE', #32, #1906, #8317, .T. ) ;
#7925 = CARTESIAN_POINT ( 'NONE',  ( 0.5700859015357763182, 0.1000000000000000056, 1.276162611327208873 ) ) ;
#7926 = FILL_AREA_STYLE ('',( #12823 ) ) ;
#7927 = CIRCLE ( 'NONE', #7928, 0.03338112451568553407 ) ;
#7928 = AXIS2_PLACEMENT_3D ( 'NONE', #1953, #8868, #2935 ) ;
#7929 = ORIENTED_EDGE ( 'NONE', *, *, #5202, .T. ) ;
#7930 = FILL_AREA_STYLE ('',( #9836 ) ) ;
#7931 = CARTESIAN_POINT ( 'NONE',  ( -0.7399140984642225138, 0.1000000000000000056, 1.276162611327208873 ) ) ;
#7932 = SURFACE_STYLE_USAGE ( .BOTH. , #978 ) ;
#7933 = UNCERTAINTY_MEASURE_WITH_UNIT (LENGTH_MEASURE( 1.000000000000000082E-05 ), #10091, 'distance_accuracy_value', 'NONE');
#7934 = SURFACE_SIDE_STYLE ('',( #10017 ) ) ;
#7935 = SURFACE_STYLE_FILL_AREA ( #7269 ) ;
#7936 = PRESENTATION_LAYER_ASSIGNMENT (  '', '', ( #5937 ) ) ;
#7937 = CARTESIAN_POINT ( 'NONE',  ( 1.134999999999999787, 0.1000000000000000056, -1.199999999999999289 ) ) ;
#7938 = CARTESIAN_POINT ( 'NONE',  ( -1.171933149074798175, -0.05000000000000000278, -0.2000076143446563315 ) ) ;
#7939 = ORIENTED_EDGE ( 'NONE', *, *, #1699, .T. ) ;
#7940 = VECTOR ( 'NONE', #7537, 1000.000000000000000 ) ;
#7941 = CARTESIAN_POINT ( 'NONE',  ( 0.5693055000161476586, -0.05000000000000000278, 1.249999999999999112 ) ) ;
#7942 = VERTEX_POINT ( 'NONE', #8812 ) ;
#7943 = AXIS2_PLACEMENT_3D ( 'NONE', #1986, #1686, #629 ) ;
#7944 = DIRECTION ( 'NONE',  ( 0.0000000000000000000, 0.0000000000000000000, 1.000000000000000000 ) ) ;
#7945 = STYLED_ITEM ( 'NONE', ( #11592 ), #7423 ) ;
#7946 = ORIENTED_EDGE ( 'NONE', *, *, #8348, .T. ) ;
#7947 =( NAMED_UNIT ( * ) SI_UNIT ( $, .STERADIAN. ) SOLID_ANGLE_UNIT ( ) );
#7948 = DIRECTION ( 'NONE',  ( 0.0000000000000000000, 0.0000000000000000000, 1.000000000000000000 ) ) ;
#7949 = VERTEX_POINT ( 'NONE', #4852 ) ;
#7950 = ADVANCED_FACE ( 'NONE', ( #712 ), #11737, .T. ) ;
#7951 = CARTESIAN_POINT ( 'NONE',  ( -1.134999999999999787, 0.1000000000000000056, 1.500000000000000000 ) ) ;
#7952 = SURFACE_STYLE_USAGE ( .BOTH. , #999 ) ;
#7953 = CARTESIAN_POINT ( 'NONE',  ( 0.5439116535429402433, 0.1000000000000000056, 1.276162611327208651 ) ) ;
#7954 = FILL_AREA_STYLE_COLOUR ( '', #2755 ) ;
#7955 = CARTESIAN_POINT ( 'NONE',  ( 0.0000000000000000000, 0.1000000000000000056, -1.416874574924349872 ) ) ;
#7956 = VECTOR ( 'NONE', #7345, 1000.000000000000000 ) ;
#7957 = PLANE ( 'NONE',  #11817 ) ;
#7958 = MECHANICAL_DESIGN_GEOMETRIC_PRESENTATION_REPRESENTATION (  '', ( #6612 ), #8607 ) ;
#7959 = CYLINDRICAL_SURFACE ( 'NONE', #3529, 0.02617424799283601944 ) ;
#7960 = ORIENTED_EDGE ( 'NONE', *, *, #6431, .F. ) ;
#7961 = CARTESIAN_POINT ( 'NONE',  ( -1.171933149074798175, 0.1000000000000000056, 0.2000076143446563315 ) ) ;
#7962 = MECHANICAL_DESIGN_GEOMETRIC_PRESENTATION_REPRESENTATION (  '', ( #5964 ), #8613 ) ;
#7963 = PLANE ( 'NONE',  #9443 ) ;
#7964 =( LENGTH_UNIT ( ) NAMED_UNIT ( * ) SI_UNIT ( .MILLI., .METRE. ) );
#7965 = ORIENTED_EDGE ( 'NONE', *, *, #5290, .T. ) ;
#7966 = VECTOR ( 'NONE', #11932, 1000.000000000000000 ) ;
#7967 = CARTESIAN_POINT ( 'NONE',  ( 0.0000000000000000000, 0.0000000000000000000, -1.500000000000000000 ) ) ;
#7968 =( NAMED_UNIT ( * ) PLANE_ANGLE_UNIT ( ) SI_UNIT ( $, .RADIAN. ) );
#7969 = ORIENTED_EDGE ( 'NONE', *, *, #7879, .T. ) ;
#7970 = FACE_OUTER_BOUND ( 'NONE', #2681, .T. ) ;
#7971 = STYLED_ITEM ( 'NONE', ( #8899 ), #10775 ) ;
#7972 = EDGE_CURVE ( 'NONE', #137, #11906, #10625, .T. ) ;
#7973 = LINE ( 'NONE', #8198, #53 ) ;
#7974 =( NAMED_UNIT ( * ) SI_UNIT ( $, .STERADIAN. ) SOLID_ANGLE_UNIT ( ) );
#7975 = SURFACE_SIDE_STYLE ('',( #9844 ) ) ;
#7976 = CARTESIAN_POINT ( 'NONE',  ( -0.8149999999999995026, 0.1000000000000000056, 1.500000000000000000 ) ) ;
#7977 = ORIENTED_EDGE ( 'NONE', *, *, #10280, .T. ) ;
#7978 = SURFACE_SIDE_STYLE ('',( #12824 ) ) ;
#7979 = ORIENTED_EDGE ( 'NONE', *, *, #2071, .T. ) ;
#7980 =( LENGTH_UNIT ( ) NAMED_UNIT ( * ) SI_UNIT ( .MILLI., .METRE. ) );
#7981 = CARTESIAN_POINT ( 'NONE',  ( 0.0000000000000000000, 0.0000000000000000000, 0.2000076143446563315 ) ) ;
#7982 = MECHANICAL_DESIGN_GEOMETRIC_PRESENTATION_REPRESENTATION (  '', ( #6643 ), #8637 ) ;
#7983 = ADVANCED_FACE ( 'NONE', ( #9696 ), #10845, .T. ) ;
#7984 = COLOUR_RGB ( '',1.000000000000000000, 1.000000000000000000, 1.000000000000000000 ) ;
#7985 = UNCERTAINTY_MEASURE_WITH_UNIT (LENGTH_MEASURE( 1.000000000000000082E-05 ), #5767, 'distance_accuracy_value', 'NONE');
#7986 = DIRECTION ( 'NONE',  ( 0.0000000000000000000, 1.000000000000000000, -0.0000000000000000000 ) ) ;
#7987 = LINE ( 'NONE', #6190, #366 ) ;
#7988 = CARTESIAN_POINT ( 'NONE',  ( -0.1689977282522470148, -0.05000000000000000278, -0.0000000000000000000 ) ) ;
#7989 = CARTESIAN_POINT ( 'NONE',  ( -0.1412377610681545548, -0.05000000000000000278, -1.416874574924349872 ) ) ;
#7990 = ORIENTED_EDGE ( 'NONE', *, *, #3117, .T. ) ;
#7991 = CARTESIAN_POINT ( 'NONE',  ( -1.134999999999999787, -0.05000000000000000278, 0.0000000000000000000 ) ) ;
#7992 = CARTESIAN_POINT ( 'NONE',  ( 1.171933149074797953, 0.1000000000000000056, 0.2369407634194545809 ) ) ;
#7993 = AXIS2_PLACEMENT_3D ( 'NONE', #6018, #57, #7014 ) ;
#7994 = AXIS2_PLACEMENT_3D ( 'NONE', #988, #12794, #7944 ) ;
#7995 = DIRECTION ( 'NONE',  ( 0.0000000000000000000, 1.000000000000000000, -0.0000000000000000000 ) ) ;
#7996 =( LENGTH_UNIT ( ) NAMED_UNIT ( * ) SI_UNIT ( .MILLI., .METRE. ) );
#7997 = DIRECTION ( 'NONE',  ( 0.0000000000000000000, 0.0000000000000000000, 1.000000000000000000 ) ) ;
#7998 = UNCERTAINTY_MEASURE_WITH_UNIT (LENGTH_MEASURE( 1.000000000000000082E-05 ), #10468, 'distance_accuracy_value', 'NONE');
#7999 = SURFACE_STYLE_FILL_AREA ( #3333 ) ;
#8000 = DIRECTION ( 'NONE',  ( 0.0000000000000000000, 1.000000000000000000, -0.0000000000000000000 ) ) ;
#8001 = ORIENTED_EDGE ( 'NONE', *, *, #4055, .T. ) ;
#8002 = SURFACE_STYLE_FILL_AREA ( #9459 ) ;
#8003 = COLOUR_RGB ( '',1.000000000000000000, 1.000000000000000000, 1.000000000000000000 ) ;
#8004 = AXIS2_PLACEMENT_3D ( 'NONE', #2952, #4276, #993 ) ;
#8005 = FACE_OUTER_BOUND ( 'NONE', #8324, .T. ) ;
#8006 = ORIENTED_EDGE ( 'NONE', *, *, #4522, .F. ) ;
#8007 = VERTEX_POINT ( 'NONE', #9825 ) ;
#8008 = VERTEX_POINT ( 'NONE', #3966 ) ;
#8009 = EDGE_CURVE ( 'NONE', #8007, #3774, #11260, .T. ) ;
#8010 = VECTOR ( 'NONE', #4838, 1000.000000000000000 ) ;
#8011 = SURFACE_STYLE_FILL_AREA ( #9790 ) ;
#8012 = PRESENTATION_LAYER_ASSIGNMENT (  '', '', ( #6676 ) ) ;
#8013 = CARTESIAN_POINT ( 'NONE',  ( -0.4849999999999994316, 0.1000000000000000056, -1.199999999999999289 ) ) ;
#8014 = FILL_AREA_STYLE_COLOUR ( '', #10938 ) ;
#8015 = VECTOR ( 'NONE', #6292, 1000.000000000000000 ) ;
#8016 = FILL_AREA_STYLE ('',( #4040 ) ) ;
#8017 = SURFACE_STYLE_USAGE ( .BOTH. , #7978 ) ;
#8018 = ORIENTED_EDGE ( 'NONE', *, *, #6047, .T. ) ;
#8019 = SURFACE_STYLE_USAGE ( .BOTH. , #1074 ) ;
#8020 = CARTESIAN_POINT ( 'NONE',  ( 0.4810022717477533405, 0.1000000000000000056, -1.649999999999998579 ) ) ;
#8021 = DIRECTION ( 'NONE',  ( 0.0000000000000000000, 1.000000000000000000, 0.0000000000000000000 ) ) ;
#8022 = VERTEX_POINT ( 'NONE', #5956 ) ;
#8023 = VERTEX_POINT ( 'NONE', #1000 ) ;
#8024 = CARTESIAN_POINT ( 'NONE',  ( 0.1650000000000009237, 0.1000000000000000056, -1.649999999999998579 ) ) ;
#8025 = AXIS2_PLACEMENT_3D ( 'NONE', #6915, #1634, #10606 ) ;
#8026 = LINE ( 'NONE', #261, #413 ) ;
#8027 = MECHANICAL_DESIGN_GEOMETRIC_PRESENTATION_REPRESENTATION (  '', ( #5389 ), #8690 ) ;
#8028 = STYLED_ITEM ( 'NONE', ( #9914 ), #3271 ) ;
#8029 = CARTESIAN_POINT ( 'NONE',  ( -1.162759967184092247, -0.05000000000000000278, 0.0000000000000000000 ) ) ;
#8030 = EDGE_CURVE ( 'NONE', #12586, #8208, #1042, .T. ) ;
#8031 = CARTESIAN_POINT ( 'NONE',  ( 0.0000000000000000000, 0.0000000000000000000, -1.277681107331943622 ) ) ;
#8032 =( NAMED_UNIT ( * ) PLANE_ANGLE_UNIT ( ) SI_UNIT ( $, .RADIAN. ) );
#8033 = VERTEX_POINT ( 'NONE', #7953 ) ;
#8034 = FACE_OUTER_BOUND ( 'NONE', #10878, .T. ) ;
#8035 = COLOUR_RGB ( '',1.000000000000000000, 1.000000000000000000, 1.000000000000000000 ) ;
#8036 = LINE ( 'NONE', #3523, #1836 ) ;
#8037 = ORIENTED_EDGE ( 'NONE', *, *, #10483, .T. ) ;
#8038 = AXIS2_PLACEMENT_3D ( 'NONE', #9130, #12457, #6578 ) ;
#8039 = CARTESIAN_POINT ( 'NONE',  ( 1.197916575926319283, 0.1000000000000000056, -0.1623686072350682963 ) ) ;
#8040 = AXIS2_PLACEMENT_3D ( 'NONE', #77, #7039, #1091 ) ;
#8041 = CARTESIAN_POINT ( 'NONE',  ( 0.7399140984642225138, 0.1000000000000000056, 1.276162611327208873 ) ) ;
#8042 = FILL_AREA_STYLE ('',( #1095 ) ) ;
#8043 = LINE ( 'NONE', #10244, #10353 ) ;
#8044 = SURFACE_STYLE_FILL_AREA ( #8934 ) ;
#8045 = CARTESIAN_POINT ( 'NONE',  ( 0.0000000000000000000, 0.1000000000000000056, -0.07500000000000017764 ) ) ;
#8046 = PRESENTATION_STYLE_ASSIGNMENT (( #929 ) ) ;
#8047 = VECTOR ( 'NONE', #3126, 1000.000000000000000 ) ;
#8048 = VERTEX_POINT ( 'NONE', #2031 ) ;
#8049 = EDGE_CURVE ( 'NONE', #12647, #453, #3687, .T. ) ;
#8050 = EDGE_CURVE ( 'NONE', #6897, #10302, #728, .T. ) ;
#8051 = FILL_AREA_STYLE ('',( #97 ) ) ;
#8052 = VECTOR ( 'NONE', #11962, 999.9999999999998863 ) ;
#8053 =( NAMED_UNIT ( * ) SI_UNIT ( $, .STERADIAN. ) SOLID_ANGLE_UNIT ( ) );
#8054 =( GEOMETRIC_REPRESENTATION_CONTEXT ( 3 ) GLOBAL_UNCERTAINTY_ASSIGNED_CONTEXT ( ( #6091 ) ) GLOBAL_UNIT_ASSIGNED_CONTEXT ( ( #5919, #12811, #6909 ) ) REPRESENTATION_CONTEXT ( 'NONE', 'WORKASPACE' ) );
#8055 = SURFACE_STYLE_FILL_AREA ( #5439 ) ;
#8056 = PRESENTATION_STYLE_ASSIGNMENT (( #7773 ) ) ;
#8057 = DIRECTION ( 'NONE',  ( 0.0000000000000000000, 1.000000000000000000, -0.0000000000000000000 ) ) ;
#8058 = SURFACE_SIDE_STYLE ('',( #3355 ) ) ;
#8059 = VERTEX_POINT ( 'NONE', #9921 ) ;
#8060 = PRESENTATION_STYLE_ASSIGNMENT (( #6628 ) ) ;
#8062 = EDGE_LOOP ( 'NONE', ( #10552, #6242, #10898, #4726 ) ) ;
#8061 = CARTESIAN_POINT ( 'NONE',  ( 1.599999999999999645, 0.1499999999999999944, -1.355814029726843728 ) ) ;
#8063 =( LENGTH_UNIT ( ) NAMED_UNIT ( * ) SI_UNIT ( .MILLI., .METRE. ) );
#8064 = PRESENTATION_STYLE_ASSIGNMENT (( #5344 ) ) ;
#8065 = MECHANICAL_DESIGN_GEOMETRIC_PRESENTATION_REPRESENTATION (  '', ( #6726 ), #8719 ) ;
#8066 = CARTESIAN_POINT ( 'NONE',  ( 1.540045451220497963, -0.05000000000000000278, -0.1083811245156857395 ) ) ;
#8067 = CARTESIAN_POINT ( 'NONE',  ( 0.4949999999999992184, 0.1000000000000000056, 1.375493264616636679 ) ) ;
#8068 = UNCERTAINTY_MEASURE_WITH_UNIT (LENGTH_MEASURE( 1.000000000000000082E-05 ), #12472, 'distance_accuracy_value', 'NONE');
#8069 = ORIENTED_EDGE ( 'NONE', *, *, #8905, .F. ) ;
#8070 = CYLINDRICAL_SURFACE ( 'NONE', #516, 0.05920802862897456276 ) ;
#8071 = CARTESIAN_POINT ( 'NONE',  ( -1.197916575926319283, 0.1000000000000000056, 0.0000000000000000000 ) ) ;
#8072 = ADVANCED_FACE ( 'NONE', ( #10958 ), #4013, .T. ) ;
#8073 = CARTESIAN_POINT ( 'NONE',  ( -1.134999999999999787, 0.1000000000000000056, 0.0000000000000000000 ) ) ;
#8074 =( LENGTH_UNIT ( ) NAMED_UNIT ( * ) SI_UNIT ( .MILLI., .METRE. ) );
#8075 =( LENGTH_UNIT ( ) NAMED_UNIT ( * ) SI_UNIT ( .MILLI., .METRE. ) );
#8076 = CARTESIAN_POINT ( 'NONE',  ( -0.8149999999999995026, -0.05000000000000000278, 1.649999999999999467 ) ) ;
#8077 = VECTOR ( 'NONE', #5571, 1000.000000000000000 ) ;
#8078 = ADVANCED_FACE ( 'NONE', ( #2453 ), #47, .T. ) ;
#8079 = CARTESIAN_POINT ( 'NONE',  ( 0.0000000000000000000, 0.0000000000000000000, -1.277681107331943622 ) ) ;
#8080 = CARTESIAN_POINT ( 'NONE',  ( 1.599999999999999645, 0.0000000000000000000, -0.0000000000000000000 ) ) ;
#8081 = CARTESIAN_POINT ( 'NONE',  ( 1.044003024146626046, 0.1000000000000000056, -0.3087081087201543061 ) ) ;
#8082 = UNCERTAINTY_MEASURE_WITH_UNIT (LENGTH_MEASURE( 1.000000000000000082E-05 ), #12376, 'distance_accuracy_value', 'NONE');
#8083 = AXIS2_PLACEMENT_3D ( 'NONE', #11371, #5476, #12381 ) ;
#8084 = EDGE_CURVE ( 'NONE', #5485, #7112, #6470, .T. ) ;
#8085 = CIRCLE ( 'NONE', #5924, 0.03338112451568553407 ) ;
#8086 = EDGE_CURVE ( 'NONE', #7393, #3610, #9092, .T. ) ;
#8087 = SURFACE_STYLE_FILL_AREA ( #218 ) ;
#8088 = EDGE_CURVE ( 'NONE', #11711, #11906, #1525, .T. ) ;
#8089 = ORIENTED_EDGE ( 'NONE', *, *, #5484, .T. ) ;
#8090 = FILL_AREA_STYLE_COLOUR ( '', #1246 ) ;
#8091 = SURFACE_STYLE_USAGE ( .BOTH. , #1150 ) ;
#8092 = DIRECTION ( 'NONE',  ( 0.0000000000000000000, 0.0000000000000000000, 1.000000000000000000 ) ) ;
#8093 = DIRECTION ( 'NONE',  ( 1.000000000000000000, -0.0000000000000000000, 0.0000000000000000000 ) ) ;
#8094 = CARTESIAN_POINT ( 'NONE',  ( 1.134999999999999787, 0.1000000000000000056, -1.199999999999999289 ) ) ;
#8095 = COLOUR_RGB ( '',0.2509803921568627416, 0.2509803921568627416, 0.2509803921568627416 ) ;
#8096 =( NAMED_UNIT ( * ) PLANE_ANGLE_UNIT ( ) SI_UNIT ( $, .RADIAN. ) );
#8097 =( GEOMETRIC_REPRESENTATION_CONTEXT ( 3 ) GLOBAL_UNCERTAINTY_ASSIGNED_CONTEXT ( ( #6640 ) ) GLOBAL_UNIT_ASSIGNED_CONTEXT ( ( #8063, #2138, #9039 ) ) REPRESENTATION_CONTEXT ( 'NONE', 'WORKASPACE' ) );
#8098 = STYLED_ITEM ( 'NONE', ( #141 ), #2833 ) ;
#8099 = DIRECTION ( 'NONE',  ( 0.0000000000000000000, 1.000000000000000000, -0.0000000000000000000 ) ) ;
#8100 = VERTEX_POINT ( 'NONE', #6122 ) ;
#8101 = EDGE_CURVE ( 'NONE', #971, #5820, #3528, .T. ) ;
#8102 = ADVANCED_FACE ( 'NONE', ( #3848 ), #7555, .F. ) ;
#8103 = MECHANICAL_DESIGN_GEOMETRIC_PRESENTATION_REPRESENTATION (  '', ( #6769 ), #8757 ) ;
#8104 =( NAMED_UNIT ( * ) SI_UNIT ( $, .STERADIAN. ) SOLID_ANGLE_UNIT ( ) );
#8105 = CARTESIAN_POINT ( 'NONE',  ( 1.455814029726843373, 0.1499999999999999944, 1.500000000000000000 ) ) ;
#8106 = EDGE_CURVE ( 'NONE', #1222, #5355, #10171, .T. ) ;
#8107 = VERTEX_POINT ( 'NONE', #9140 ) ;
#8108 = CARTESIAN_POINT ( 'NONE',  ( -0.5700859015357763182, 0.1000000000000000056, 1.276162611327208873 ) ) ;
#8109 = DIRECTION ( 'NONE',  ( 0.0000000000000000000, 0.0000000000000000000, 1.000000000000000000 ) ) ;
#8110 = ORIENTED_EDGE ( 'NONE', *, *, #114, .F. ) ;
#8111 = CARTESIAN_POINT ( 'NONE',  ( 0.0000000000000000000, 0.1000000000000000056, -1.500000000000000000 ) ) ;
#8112 = CARTESIAN_POINT ( 'NONE',  ( 0.8189977282522473701, -0.05000000000000000278, -1.277681107331943622 ) ) ;
#8113 = DIRECTION ( 'NONE',  ( -1.000000000000000000, 0.0000000000000000000, 0.0000000000000000000 ) ) ;
#8114 = FILL_AREA_STYLE ('',( #7129 ) ) ;
#8115 = AXIS2_PLACEMENT_3D ( 'NONE', #3753, #3657, #3711 ) ;
#8116 = DIRECTION ( 'NONE',  ( 0.0000000000000000000, 1.000000000000000000, 0.0000000000000000000 ) ) ;
#8117 = ADVANCED_FACE ( 'NONE', ( #5258 ), #7166, .T. ) ;
#8118 =( GEOMETRIC_REPRESENTATION_CONTEXT ( 3 ) GLOBAL_UNCERTAINTY_ASSIGNED_CONTEXT ( ( #3138 ) ) GLOBAL_UNIT_ASSIGNED_CONTEXT ( ( #10477, #4596, #11474 ) ) REPRESENTATION_CONTEXT ( 'NONE', 'WORKASPACE' ) );
#8119 = EDGE_LOOP ( 'NONE', ( #10632, #1998, #11869, #1751 ) ) ;
#8120 = LINE ( 'NONE', #8839, #10734 ) ;
#8121 = EDGE_CURVE ( 'NONE', #4305, #112, #3995, .T. ) ;
#8122 = FACE_OUTER_BOUND ( 'NONE', #3547, .T. ) ;
#8123 =( NAMED_UNIT ( * ) PLANE_ANGLE_UNIT ( ) SI_UNIT ( $, .RADIAN. ) );
#8124 = ORIENTED_EDGE ( 'NONE', *, *, #5392, .F. ) ;
#8125 = VECTOR ( 'NONE', #2592, 1000.000000000000000 ) ;
#8126 = ORIENTED_EDGE ( 'NONE', *, *, #11723, .F. ) ;
#8127 = CARTESIAN_POINT ( 'NONE',  ( -1.540045451220498407, 0.1000000000000000056, -0.07500000000000017764 ) ) ;
#8128 = LINE ( 'NONE', #10475, #5209 ) ;
#8129 = SURFACE_SIDE_STYLE ('',( #1311 ) ) ;
#8130 = ADVANCED_FACE ( 'NONE', ( #1350 ), #4284, .T. ) ;
#8131 = STYLED_ITEM ( 'NONE', ( #9349 ), #11279 ) ;
#8132 = EDGE_CURVE ( 'NONE', #32, #6185, #402, .T. ) ;
#8133 = UNCERTAINTY_MEASURE_WITH_UNIT (LENGTH_MEASURE( 1.000000000000000082E-05 ), #5997, 'distance_accuracy_value', 'NONE');
#8134 = FILL_AREA_STYLE_COLOUR ( '', #4763 ) ;
#8135 = CARTESIAN_POINT ( 'NONE',  ( -0.5439116535429402433, -0.05000000000000000278, 1.320000718934352335 ) ) ;
#8136 = CARTESIAN_POINT ( 'NONE',  ( 1.134999999999999787, 0.1000000000000000056, 0.0000000000000000000 ) ) ;
#8137 = DIRECTION ( 'NONE',  ( -1.000000000000000000, -0.0000000000000000000, 2.208989707635391883E-15 ) ) ;
#8138 = CARTESIAN_POINT ( 'NONE',  ( 0.8149999999999995026, 0.1000000000000000056, 1.500000000000000000 ) ) ;
#8139 = DIRECTION ( 'NONE',  ( 0.0000000000000000000, 0.0000000000000000000, 1.000000000000000000 ) ) ;
#8140 = CIRCLE ( 'NONE', #4803, 0.1441859702731563275 ) ;
#8141 = CARTESIAN_POINT ( 'NONE',  ( 0.09069449998385259448, 0.1000000000000000056, 1.249999999999999112 ) ) ;
#8142 = VECTOR ( 'NONE', #9681, 1000.000000000000000 ) ;
#8143 = UNCERTAINTY_MEASURE_WITH_UNIT (LENGTH_MEASURE( 1.000000000000000082E-05 ), #11583, 'distance_accuracy_value', 'NONE');
#8144 = CARTESIAN_POINT ( 'NONE',  ( -0.1689977282522470148, -0.05000000000000000278, -1.199999999999999289 ) ) ;
#8145 = DIRECTION ( 'NONE',  ( 0.0000000000000000000, 1.000000000000000000, -0.0000000000000000000 ) ) ;
#8146 = DIRECTION ( 'NONE',  ( 0.0000000000000000000, 1.000000000000000000, 0.0000000000000000000 ) ) ;
#8148 = ORIENTED_EDGE ( 'NONE', *, *, #201, .T. ) ;
#8147 = MECHANICAL_DESIGN_GEOMETRIC_PRESENTATION_REPRESENTATION (  '', ( #6165 ), #8819 ) ;
#8149 = STYLED_ITEM ( 'NONE', ( #7530 ), #5665 ) ;
#8150 = CIRCLE ( 'NONE', #11240, 0.1000000000000000472 ) ;
#8151 = EDGE_CURVE ( 'NONE', #7654, #11880, #5696, .T. ) ;
#8152 = ORIENTED_EDGE ( 'NONE', *, *, #518, .T. ) ;
#8153 = FILL_AREA_STYLE_COLOUR ( '', #11998 ) ;
#8154 = EDGE_CURVE ( 'NONE', #3259, #1899, #10627, .T. ) ;
#8155 = CARTESIAN_POINT ( 'NONE',  ( -1.257124604555293956, 0.1000000000000000056, 0.1031605786060936225 ) ) ;
#8156 = LINE ( 'NONE', #8626, #229 ) ;
#8157 = CARTESIAN_POINT ( 'NONE',  ( -0.5509352637076680992, 0.1000000000000000056, 1.375493264616636457 ) ) ;
#8158 = SURFACE_STYLE_FILL_AREA ( #5520 ) ;
#8159 = CIRCLE ( 'NONE', #3760, 0.03693314907479822162 ) ;
#8160 = VERTEX_POINT ( 'NONE', #3348 ) ;
#8161 = ORIENTED_EDGE ( 'NONE', *, *, #6144, .F. ) ;
#8162 = LINE ( 'NONE', #910, #7856 ) ;
#8163 = VECTOR ( 'NONE', #2672, 1000.000000000000000 ) ;
#8164 = ORIENTED_EDGE ( 'NONE', *, *, #12050, .T. ) ;
#8165 = PRESENTATION_LAYER_ASSIGNMENT (  '', '', ( #6849 ) ) ;
#8166 = LINE ( 'NONE', #4728, #10488 ) ;
#8167 = CIRCLE ( 'NONE', #11518, 0.05920802862897456276 ) ;
#8168 =( LENGTH_UNIT ( ) NAMED_UNIT ( * ) SI_UNIT ( .MILLI., .METRE. ) );
#8169 = DIRECTION ( 'NONE',  ( 0.0000000000000000000, 1.000000000000000000, 0.0000000000000000000 ) ) ;
#8170 = ORIENTED_EDGE ( 'NONE', *, *, #4174, .F. ) ;
#8171 = DIRECTION ( 'NONE',  ( 0.0000000000000000000, 0.0000000000000000000, 1.000000000000000000 ) ) ;
#8172 = MECHANICAL_DESIGN_GEOMETRIC_PRESENTATION_REPRESENTATION (  '', ( #6192 ), #8841 ) ;
#8173 = ORIENTED_EDGE ( 'NONE', *, *, #7193, .T. ) ;
#8174 = SURFACE_STYLE_FILL_AREA ( #11071 ) ;
#8175 = EDGE_CURVE ( 'NONE', #9831, #4969, #5399, .T. ) ;
#8176 = ORIENTED_EDGE ( 'NONE', *, *, #11879, .F. ) ;
#8177 = VECTOR ( 'NONE', #5800, 1000.000000000000000 ) ;
#8178 = ORIENTED_EDGE ( 'NONE', *, *, #9805, .F. ) ;
#8179 = STYLED_ITEM ( 'NONE', ( #7247 ), #7342 ) ;
#8180 = SURFACE_SIDE_STYLE ('',( #9053 ) ) ;
#8181 = ADVANCED_FACE ( 'NONE', ( #81 ), #4149, .F. ) ;
#8182 = DIRECTION ( 'NONE',  ( 0.0000000000000000000, -1.000000000000000000, 0.0000000000000000000 ) ) ;
#8183 = CARTESIAN_POINT ( 'NONE',  ( -0.8189977282522473701, 0.1000000000000000056, -1.416874574924349872 ) ) ;
#8184 = CARTESIAN_POINT ( 'NONE',  ( 0.0000000000000000000, -0.05000000000000000278, -0.1031605786060936225 ) ) ;
#8185 = VECTOR ( 'NONE', #12312, 1000.000000000000000 ) ;
#8186 = EDGE_LOOP ( 'NONE', ( #6927, #2, #103, #2100, #793, #10103, #7777, #7556 ) ) ;
#8187 = FILL_AREA_STYLE ('',( #7197 ) ) ;
#8188 = VECTOR ( 'NONE', #11205, 1000.000000000000000 ) ;
#8189 = VECTOR ( 'NONE', #310, 1000.000000000000000 ) ;
#8190 = CARTESIAN_POINT ( 'NONE',  ( -0.7660883464570584778, 0.1000000000000000056, 1.320000718934352335 ) ) ;
#8191 = VERTEX_POINT ( 'NONE', #7368 ) ;
#8192 = ORIENTED_EDGE ( 'NONE', *, *, #5611, .T. ) ;
#8193 = AXIS2_PLACEMENT_3D ( 'NONE', #12269, #5268, #5470 ) ;
#8194 = PRESENTATION_LAYER_ASSIGNMENT (  '', '', ( #8858 ) ) ;
#8195 = FILL_AREA_STYLE_COLOUR ( '', #6511 ) ;
#8196 = EDGE_CURVE ( 'NONE', #2513, #282, #1810, .T. ) ;
#8197 = FACE_OUTER_BOUND ( 'NONE', #11559, .T. ) ;
#8198 = CARTESIAN_POINT ( 'NONE',  ( 1.197916575926319283, 0.1000000000000000056, -0.2000076143446563315 ) ) ;
#8199 = SURFACE_SIDE_STYLE ('',( #10063 ) ) ;
#8200 = CARTESIAN_POINT ( 'NONE',  ( -0.1549999999999993883, -0.05000000000000000278, 1.649999999999999467 ) ) ;
#8201 = DIRECTION ( 'NONE',  ( 1.000000000000000000, 0.0000000000000000000, -0.0000000000000000000 ) ) ;
#8202 =( NAMED_UNIT ( * ) SI_UNIT ( $, .STERADIAN. ) SOLID_ANGLE_UNIT ( ) );
#8203 = VECTOR ( 'NONE', #2499, 1000.000000000000000 ) ;
#8204 = ADVANCED_FACE ( 'NONE', ( #6759 ), #433, .T. ) ;
#8205 = PRESENTATION_LAYER_ASSIGNMENT (  '', '', ( #6878 ) ) ;
#8206 = COLOUR_RGB ( '',1.000000000000000000, 1.000000000000000000, 1.000000000000000000 ) ;
#8207 = LINE ( 'NONE', #7955, #5293 ) ;
#8208 = VERTEX_POINT ( 'NONE', #3441 ) ;
#8209 = ORIENTED_EDGE ( 'NONE', *, *, #10643, .F. ) ;
#8210 =( NAMED_UNIT ( * ) SI_UNIT ( $, .STERADIAN. ) SOLID_ANGLE_UNIT ( ) );
#8211 = LINE ( 'NONE', #11357, #5596 ) ;
#8212 = EDGE_LOOP ( 'NONE', ( #2699, #5104, #416, #12621, #10772, #8624, #5970, #9726, #8337, #5870, #5275, #4512 ) ) ;
#8213 = PRESENTATION_STYLE_ASSIGNMENT (( #3181 ) ) ;
#8214 = EDGE_CURVE ( 'NONE', #3248, #3197, #5838, .T. ) ;
#8215 = VECTOR ( 'NONE', #9173, 1000.000000000000000 ) ;
#8216 = LINE ( 'NONE', #5627, #619 ) ;
#8217 = EDGE_CURVE ( 'NONE', #10278, #8160, #544, .T. ) ;
#8218 = CARTESIAN_POINT ( 'NONE',  ( 0.1650000000000009237, -0.05000000000000000278, -0.0000000000000000000 ) ) ;
#8219 = CARTESIAN_POINT ( 'NONE',  ( 0.4810022717477533405, 0.1000000000000000056, -1.277681107331943622 ) ) ;
#8220 = AXIS2_PLACEMENT_3D ( 'NONE', #2319, #9224, #3309 ) ;
#8221 = FILL_AREA_STYLE ('',( #3 ) ) ;
#8222 = PLANE ( 'NONE',  #7157 ) ;
#8223 = CARTESIAN_POINT ( 'NONE',  ( 0.1650000000000009237, 0.1000000000000000056, -1.199999999999999289 ) ) ;
#8224 = ORIENTED_EDGE ( 'NONE', *, *, #10078, .F. ) ;
#8225 = UNCERTAINTY_MEASURE_WITH_UNIT (LENGTH_MEASURE( 1.000000000000000082E-05 ), #478, 'distance_accuracy_value', 'NONE');
#8226 = DIRECTION ( 'NONE',  ( 0.0000000000000000000, 1.000000000000000000, 0.0000000000000000000 ) ) ;
#8227 = STYLED_ITEM ( 'NONE', ( #10092 ), #12216 ) ;
#8228 = FILL_AREA_STYLE ('',( #1261 ) ) ;
#8229 = PRESENTATION_LAYER_ASSIGNMENT (  '', '', ( #6907 ) ) ;
#8230 = ORIENTED_EDGE ( 'NONE', *, *, #10078, .T. ) ;
#8231 = FILL_AREA_STYLE_COLOUR ( '', #9855 ) ;
#8232 = DIRECTION ( 'NONE',  ( 0.0000000000000000000, -1.000000000000000000, 0.0000000000000000000 ) ) ;
#8233 = ORIENTED_EDGE ( 'NONE', *, *, #5630, .T. ) ;
#8234 = LINE ( 'NONE', #10467, #10246 ) ;
#8235 = ORIENTED_EDGE ( 'NONE', *, *, #8267, .T. ) ;
#8236 = CARTESIAN_POINT ( 'NONE',  ( -1.540045451220498407, 0.1000000000000000056, -0.07500000000000017764 ) ) ;
#8237 = DIRECTION ( 'NONE',  ( 0.0000000000000000000, 0.0000000000000000000, 1.000000000000000000 ) ) ;
#8238 = UNCERTAINTY_MEASURE_WITH_UNIT (LENGTH_MEASURE( 1.000000000000000082E-05 ), #12113, 'distance_accuracy_value', 'NONE');
#8239 = CARTESIAN_POINT ( 'NONE',  ( 0.0000000000000000000, 0.7999999999999999334, 0.0000000000000000000 ) ) ;
#8240 = SURFACE_STYLE_USAGE ( .BOTH. , #1307 ) ;
#8241 = CARTESIAN_POINT ( 'NONE',  ( 0.1650000000000009237, 0.1000000000000000056, -1.416874574924349872 ) ) ;
#8242 = DIRECTION ( 'NONE',  ( 0.0000000000000000000, 1.000000000000000000, 0.0000000000000000000 ) ) ;
#8243 = AXIS2_PLACEMENT_3D ( 'NONE', #10633, #9977, #4135 ) ;
#8244 = SURFACE_STYLE_FILL_AREA ( #10856 ) ;
#8245 =( NAMED_UNIT ( * ) SI_UNIT ( $, .STERADIAN. ) SOLID_ANGLE_UNIT ( ) );
#8246 = ORIENTED_EDGE ( 'NONE', *, *, #10682, .F. ) ;
#8247 = CARTESIAN_POINT ( 'NONE',  ( 1.134999999999999787, 0.1000000000000000056, -0.2369407634194544698 ) ) ;
#8248 = EDGE_CURVE ( 'NONE', #4815, #10686, #3191, .T. ) ;
#8249 = EDGE_CURVE ( 'NONE', #12106, #8745, #5537, .T. ) ;
#8250 = PRESENTATION_LAYER_ASSIGNMENT (  '', '', ( #6932 ) ) ;
#8251 = VECTOR ( 'NONE', #12286, 1000.000000000000000 ) ;
#8252 = FILL_AREA_STYLE ('',( #11181 ) ) ;
#8253 = CARTESIAN_POINT ( 'NONE',  ( -0.7660883464570584778, 0.1000000000000000056, 1.320000718934352335 ) ) ;
#8254 =( NAMED_UNIT ( * ) PLANE_ANGLE_UNIT ( ) SI_UNIT ( $, .RADIAN. ) );
#8255 = DIRECTION ( 'NONE',  ( 0.0000000000000000000, 0.0000000000000000000, 1.000000000000000000 ) ) ;
#8256 = DIRECTION ( 'NONE',  ( 0.0000000000000000000, 0.0000000000000000000, -1.000000000000000000 ) ) ;
#8257 = ORIENTED_EDGE ( 'NONE', *, *, #5927, .T. ) ;
#8258 = ADVANCED_FACE ( 'NONE', ( #232 ), #4557, .T. ) ;
#8259 = DIRECTION ( 'NONE',  ( 0.0000000000000000000, 0.0000000000000000000, 1.000000000000000000 ) ) ;
#8260 = CARTESIAN_POINT ( 'NONE',  ( -0.8149999999999995026, 0.1000000000000000056, 1.649999999999999467 ) ) ;
#8261 = DIRECTION ( 'NONE',  ( 0.0000000000000000000, -1.000000000000000000, 0.0000000000000000000 ) ) ;
#8262 = STYLED_ITEM ( 'NONE', ( #12191 ), #1096 ) ;
#8263 = LINE ( 'NONE', #63, #7966 ) ;
#8264 = AXIS2_PLACEMENT_3D ( 'NONE', #8456, #5578, #4642 ) ;
#8265 = PRESENTATION_LAYER_ASSIGNMENT (  '', '', ( #7614 ) ) ;
#8266 = SURFACE_STYLE_USAGE ( .BOTH. , #1339 ) ;
#8267 = EDGE_CURVE ( 'NONE', #9811, #9783, #4310, .T. ) ;
#8268 = PRESENTATION_STYLE_ASSIGNMENT (( #355 ) ) ;
#8269 = LINE ( 'NONE', #1531, #669 ) ;
#8270 = STYLED_ITEM ( 'NONE', ( #5397 ), #7950 ) ;
#8271 = CARTESIAN_POINT ( 'NONE',  ( 0.1650000000000009237, 0.1000000000000000056, -1.277681107331943622 ) ) ;
#8272 = EDGE_CURVE ( 'NONE', #6140, #4235, #12168, .T. ) ;
#8273 = CARTESIAN_POINT ( 'NONE',  ( -0.8189977282522473701, 0.1000000000000000056, -1.416874574924349872 ) ) ;
#8274 = ORIENTED_EDGE ( 'NONE', *, *, #2312, .F. ) ;
#8275 = COLOUR_RGB ( '',1.000000000000000000, 1.000000000000000000, 1.000000000000000000 ) ;
#8276 = CARTESIAN_POINT ( 'NONE',  ( 0.0000000000000000000, -0.05000000000000000278, -1.416874574924349872 ) ) ;
#8277 =( NAMED_UNIT ( * ) SI_UNIT ( $, .STERADIAN. ) SOLID_ANGLE_UNIT ( ) );
#8278 =( NAMED_UNIT ( * ) SI_UNIT ( $, .STERADIAN. ) SOLID_ANGLE_UNIT ( ) );
#8279 = CARTESIAN_POINT ( 'NONE',  ( 1.171933149074797953, 0.0000000000000000000, -0.2369407634194545809 ) ) ;
#8280 = FILL_AREA_STYLE ('',( #6293 ) ) ;
#8281 = VECTOR ( 'NONE', #3939, 1000.000000000000000 ) ;
#8282 = DIRECTION ( 'NONE',  ( 0.0000000000000000000, 1.000000000000000000, -0.0000000000000000000 ) ) ;
#8283 = CARTESIAN_POINT ( 'NONE',  ( 0.0000000000000000000, 0.0000000000000000000, 0.0000000000000000000 ) ) ;
#8284 = EDGE_CURVE ( 'NONE', #987, #1758, #6920, .T. ) ;
#8285 = ORIENTED_EDGE ( 'NONE', *, *, #9528, .F. ) ;
#8286 = SURFACE_SIDE_STYLE ('',( #89 ) ) ;
#8287 = PRESENTATION_LAYER_ASSIGNMENT (  '', '', ( #5652 ) ) ;
#8288 = PRESENTATION_STYLE_ASSIGNMENT (( #12687 ) ) ;
#8289 = VECTOR ( 'NONE', #10549, 1000.000000000000000 ) ;
#8290 = UNCERTAINTY_MEASURE_WITH_UNIT (LENGTH_MEASURE( 1.000000000000000082E-05 ), #10883, 'distance_accuracy_value', 'NONE');
#8291 = SURFACE_STYLE_USAGE ( .BOTH. , #1378 ) ;
#8292 = PRESENTATION_STYLE_ASSIGNMENT (( #3946 ) ) ;
#8293 = CARTESIAN_POINT ( 'NONE',  ( 0.1650000000000009237, 0.0000000000000000000, -0.0000000000000000000 ) ) ;
#8294 =( NAMED_UNIT ( * ) PLANE_ANGLE_UNIT ( ) SI_UNIT ( $, .RADIAN. ) );
#8295 = COLOUR_RGB ( '',1.000000000000000000, 1.000000000000000000, 1.000000000000000000 ) ;
#8296 = ORIENTED_EDGE ( 'NONE', *, *, #838, .T. ) ;
#8297 = AXIS2_PLACEMENT_3D ( 'NONE', #12582, #2726, #6708 ) ;
#8298 = LINE ( 'NONE', #11768, #5680 ) ;
#8299 =( NAMED_UNIT ( * ) SI_UNIT ( $, .STERADIAN. ) SOLID_ANGLE_UNIT ( ) );
#8300 = ADVANCED_FACE ( 'NONE', ( #1660 ), #2620, .T. ) ;
#8301 =( GEOMETRIC_REPRESENTATION_CONTEXT ( 3 ) GLOBAL_UNCERTAINTY_ASSIGNED_CONTEXT ( ( #9650 ) ) GLOBAL_UNIT_ASSIGNED_CONTEXT ( ( #5773, #12672, #6751 ) ) REPRESENTATION_CONTEXT ( 'NONE', 'WORKASPACE' ) );
#8302 = CARTESIAN_POINT ( 'NONE',  ( -0.4949999999999992184, 0.1000000000000000056, 1.649999999999999467 ) ) ;
#8303 = DIRECTION ( 'NONE',  ( 1.000000000000000000, -0.0000000000000000000, 0.0000000000000000000 ) ) ;
#8304 = PRESENTATION_STYLE_ASSIGNMENT (( #4676 ) ) ;
#8305 = CARTESIAN_POINT ( 'NONE',  ( -0.7399140984642225138, -0.05000000000000000278, 1.276162611327208873 ) ) ;
#8306 = LINE ( 'NONE', #7232, #389 ) ;
#8307 = ORIENTED_EDGE ( 'NONE', *, *, #11417, .F. ) ;
#8308 = COLOUR_RGB ( '',1.000000000000000000, 1.000000000000000000, 1.000000000000000000 ) ;
#8309 = UNCERTAINTY_MEASURE_WITH_UNIT (LENGTH_MEASURE( 1.000000000000000082E-05 ), #9394, 'distance_accuracy_value', 'NONE');
#8310 = ORIENTED_EDGE ( 'NONE', *, *, #2611, .T. ) ;
#8311 = PRESENTATION_STYLE_ASSIGNMENT (( #2132 ) ) ;
#8312 = ORIENTED_EDGE ( 'NONE', *, *, #12489, .T. ) ;
#8313 = ADVANCED_FACE ( 'NONE', ( #388 ), #8584, .T. ) ;
#8314 = ORIENTED_EDGE ( 'NONE', *, *, #5812, .F. ) ;
#8315 = ORIENTED_EDGE ( 'NONE', *, *, #9287, .F. ) ;
#8316 =( NAMED_UNIT ( * ) SI_UNIT ( $, .STERADIAN. ) SOLID_ANGLE_UNIT ( ) );
#8317 = LINE ( 'NONE', #7730, #397 ) ;
#8318 = CYLINDRICAL_SURFACE ( 'NONE', #7309, 0.05920802862897456276 ) ;
#8319 = ORIENTED_EDGE ( 'NONE', *, *, #9034, .T. ) ;
#8320 =( NAMED_UNIT ( * ) SI_UNIT ( $, .STERADIAN. ) SOLID_ANGLE_UNIT ( ) );
#8321 = ORIENTED_EDGE ( 'NONE', *, *, #3173, .T. ) ;
#8322 =( NAMED_UNIT ( * ) SI_UNIT ( $, .STERADIAN. ) SOLID_ANGLE_UNIT ( ) );
#8323 = PRESENTATION_LAYER_ASSIGNMENT (  '', '', ( #7005 ) ) ;
#8324 = EDGE_LOOP ( 'NONE', ( #4246, #9461, #3429, #7549, #9281, #3227, #7379, #667, #3537, #11585, #3931 ) ) ;
#8325 = DIRECTION ( 'NONE',  ( 0.0000000000000000000, -1.000000000000000000, 0.0000000000000000000 ) ) ;
#8326 = STYLED_ITEM ( 'NONE', ( #11363 ), #5977 ) ;
#8328 = EDGE_CURVE ( 'NONE', #613, #4155, #4769, .T. ) ;
#8327 = DIRECTION ( 'NONE',  ( 1.000000000000000000, -0.0000000000000000000, -0.0000000000000000000 ) ) ;
#8329 = VERTEX_POINT ( 'NONE', #8623 ) ;
#8330 = ADVANCED_FACE ( 'NONE', ( #12323 ), #3502, .T. ) ;
#8331 = SURFACE_STYLE_USAGE ( .BOTH. , #5792 ) ;
#8332 = EDGE_CURVE ( 'NONE', #12350, #3866, #11388, .T. ) ;
#8333 = CARTESIAN_POINT ( 'NONE',  ( 1.197916575926319283, -0.05000000000000000278, 0.0000000000000000000 ) ) ;
#8334 = MECHANICAL_DESIGN_GEOMETRIC_PRESENTATION_REPRESENTATION (  '', ( #6350 ), #8988 ) ;
#8335 = FILL_AREA_STYLE_COLOUR ( '', #2482 ) ;
#8336 = PRESENTATION_STYLE_ASSIGNMENT (( #4059 ) ) ;
#8337 = ORIENTED_EDGE ( 'NONE', *, *, #8800, .F. ) ;
#8338 = ORIENTED_EDGE ( 'NONE', *, *, #7552, .F. ) ;
#8339 = CARTESIAN_POINT ( 'NONE',  ( -0.4849999999999994316, 0.1000000000000000056, -1.277681107331943622 ) ) ;
#8340 = VECTOR ( 'NONE', #7256, 1000.000000000000000 ) ;
#8341 = VERTEX_POINT ( 'NONE', #12620 ) ;
#8342 =( LENGTH_UNIT ( ) NAMED_UNIT ( * ) SI_UNIT ( .MILLI., .METRE. ) );
#8343 = CARTESIAN_POINT ( 'NONE',  ( 0.0000000000000000000, 0.1000000000000000056, 0.0000000000000000000 ) ) ;
#8344 =( NAMED_UNIT ( * ) PLANE_ANGLE_UNIT ( ) SI_UNIT ( $, .RADIAN. ) );
#8345 = LINE ( 'NONE', #9881, #10651 ) ;
#8346 = EDGE_LOOP ( 'NONE', ( #8916, #8462, #6448, #9377 ) ) ;
#8347 = MECHANICAL_DESIGN_GEOMETRIC_PRESENTATION_REPRESENTATION (  '', ( #7024 ), #8997 ) ;
#8348 = EDGE_CURVE ( 'NONE', #12010, #8880, #11072, .T. ) ;
#8349 = COLOUR_RGB ( '',1.000000000000000000, 1.000000000000000000, 1.000000000000000000 ) ;
#8350 = AXIS2_PLACEMENT_3D ( 'NONE', #12091, #6186, #220 ) ;
#8351 = FACE_OUTER_BOUND ( 'NONE', #1528, .T. ) ;
#8352 = LINE ( 'NONE', #10048, #5433 ) ;
#8353 = CARTESIAN_POINT ( 'NONE',  ( 1.134999999999999787, -0.05000000000000000278, -1.277681107331943622 ) ) ;
#8354 = ORIENTED_EDGE ( 'NONE', *, *, #87, .T. ) ;
#8355 = VECTOR ( 'NONE', #12708, 1000.000000000000000 ) ;
#8357 = ORIENTED_EDGE ( 'NONE', *, *, #91, .F. ) ;
#8356 = DIRECTION ( 'NONE',  ( 0.0000000000000000000, 0.0000000000000000000, 1.000000000000000000 ) ) ;
#8358 = CARTESIAN_POINT ( 'NONE',  ( -0.1060883464570583357, 0.1000000000000000056, 1.276162611327208651 ) ) ;
#8359 = LINE ( 'NONE', #9540, #5735 ) ;
#8360 =( NAMED_UNIT ( * ) PLANE_ANGLE_UNIT ( ) SI_UNIT ( $, .RADIAN. ) );
#8361 =( LENGTH_UNIT ( ) NAMED_UNIT ( * ) SI_UNIT ( .MILLI., .METRE. ) );
#8362 = PRESENTATION_STYLE_ASSIGNMENT (( #312 ) ) ;
#8363 = AXIS2_PLACEMENT_3D ( 'NONE', #10615, #10747, #10663 ) ;
#8364 = ORIENTED_EDGE ( 'NONE', *, *, #2283, .T. ) ;
#8365 = MECHANICAL_DESIGN_GEOMETRIC_PRESENTATION_REPRESENTATION (  '', ( #7041 ), #9017 ) ;
#8366 = LINE ( 'NONE', #8723, #10988 ) ;
#8367 = CARTESIAN_POINT ( 'NONE',  ( -1.197916575926319283, 0.1000000000000000056, 0.1623686072350682963 ) ) ;
#8368 = ORIENTED_EDGE ( 'NONE', *, *, #9188, .F. ) ;
#8369 = ORIENTED_EDGE ( 'NONE', *, *, #2236, .T. ) ;
#8370 = ORIENTED_EDGE ( 'NONE', *, *, #5217, .T. ) ;
#8371 =( NAMED_UNIT ( * ) SI_UNIT ( $, .STERADIAN. ) SOLID_ANGLE_UNIT ( ) );
#8372 = CARTESIAN_POINT ( 'NONE',  ( 0.4949999999999992184, -0.05000000000000000278, 1.649999999999999467 ) ) ;
#8373 =( NAMED_UNIT ( * ) SI_UNIT ( $, .STERADIAN. ) SOLID_ANGLE_UNIT ( ) );
#8374 = CARTESIAN_POINT ( 'NONE',  ( 0.5439116535429402433, 0.1000000000000000056, 1.320000718934352335 ) ) ;
#8375 = FILL_AREA_STYLE_COLOUR ( '', #9382 ) ;
#8376 = FILL_AREA_STYLE_COLOUR ( '', #12786 ) ;
#8377 = PRESENTATION_LAYER_ASSIGNMENT (  '', '', ( #9023 ) ) ;
#8378 = DIRECTION ( 'NONE',  ( 0.0000000000000000000, 0.0000000000000000000, 1.000000000000000000 ) ) ;
#8379 = UNCERTAINTY_MEASURE_WITH_UNIT (LENGTH_MEASURE( 1.000000000000000082E-05 ), #9179, 'distance_accuracy_value', 'NONE');
#8380 = LINE ( 'NONE', #11818, #5752 ) ;
#8381 = EDGE_LOOP ( 'NONE', ( #3756, #7960, #8246, #4714 ) ) ;
#8382 = ORIENTED_EDGE ( 'NONE', *, *, #7420, .F. ) ;
#8383 = CARTESIAN_POINT ( 'NONE',  ( 0.7912377610681550211, 0.1000000000000000056, -0.0000000000000000000 ) ) ;
#8384 = VECTOR ( 'NONE', #8146, 1000.000000000000000 ) ;
#8385 = SURFACE_STYLE_FILL_AREA ( #12739 ) ;
#8386 = LINE ( 'NONE', #736, #8077 ) ;
#8387 = AXIS2_PLACEMENT_3D ( 'NONE', #12535, #6605, #668 ) ;
#8388 = EDGE_CURVE ( 'NONE', #870, #4952, #851, .T. ) ;
#8389 = MECHANICAL_DESIGN_GEOMETRIC_PRESENTATION_REPRESENTATION (  '', ( #7058 ), #9035 ) ;
#8390 = PLANE ( 'NONE',  #10742 ) ;
#8391 = CARTESIAN_POINT ( 'NONE',  ( -0.1689977282522470148, 0.1000000000000000056, -1.277681107331943622 ) ) ;
#8392 = PRESENTATION_STYLE_ASSIGNMENT (( #9619 ) ) ;
#8393 = CARTESIAN_POINT ( 'NONE',  ( 1.197916575926319283, 0.1000000000000000056, 0.0000000000000000000 ) ) ;
#8394 = DIRECTION ( 'NONE',  ( 0.0000000000000000000, 0.0000000000000000000, 1.000000000000000000 ) ) ;
#8395 = FILL_AREA_STYLE_COLOUR ( '', #6666 ) ;
#8396 = UNCERTAINTY_MEASURE_WITH_UNIT (LENGTH_MEASURE( 1.000000000000000082E-05 ), #4016, 'distance_accuracy_value', 'NONE');
#8397 = MECHANICAL_DESIGN_GEOMETRIC_PRESENTATION_REPRESENTATION (  '', ( #7063 ), #9040 ) ;
#8398 = ADVANCED_FACE ( 'NONE', ( #5825 ), #9689, .T. ) ;
#8399 =( LENGTH_UNIT ( ) NAMED_UNIT ( * ) SI_UNIT ( .MILLI., .METRE. ) );
#8400 = FILL_AREA_STYLE_COLOUR ( '', #9873 ) ;
#8401 = FILL_AREA_STYLE ('',( #11792 ) ) ;
#8402 = ORIENTED_EDGE ( 'NONE', *, *, #10011, .F. ) ;
#8403 =( GEOMETRIC_REPRESENTATION_CONTEXT ( 3 ) GLOBAL_UNCERTAINTY_ASSIGNED_CONTEXT ( ( #2043 ) ) GLOBAL_UNIT_ASSIGNED_CONTEXT ( ( #3320, #10243, #4354 ) ) REPRESENTATION_CONTEXT ( 'NONE', 'WORKASPACE' ) );
#8404 = SURFACE_SIDE_STYLE ('',( #4270 ) ) ;
#8405 = ORIENTED_EDGE ( 'NONE', *, *, #1826, .T. ) ;
#8406 = SURFACE_STYLE_USAGE ( .BOTH. , #1487 ) ;
#8407 = AXIS2_PLACEMENT_3D ( 'NONE', #190, #7154, #1212 ) ;
#8408 = FACE_OUTER_BOUND ( 'NONE', #2604, .T. ) ;
#8409 = DIRECTION ( 'NONE',  ( -1.000000000000000000, 0.0000000000000000000, -0.0000000000000000000 ) ) ;
#8410 = FILL_AREA_STYLE_COLOUR ( '', #6428 ) ;
#8411 =( NAMED_UNIT ( * ) SI_UNIT ( $, .STERADIAN. ) SOLID_ANGLE_UNIT ( ) );
#8412 = ORIENTED_EDGE ( 'NONE', *, *, #2477, .T. ) ;
#8413 = SURFACE_SIDE_STYLE ('',( #3059 ) ) ;
#8414 = AXIS2_PLACEMENT_3D ( 'NONE', #8239, #8325, #8583 ) ;
#8415 = ORIENTED_EDGE ( 'NONE', *, *, #11569, .T. ) ;
#8416 = CARTESIAN_POINT ( 'NONE',  ( 0.0000000000000000000, 0.1000000000000000056, 1.249999999999999112 ) ) ;
#8417 = AXIS2_PLACEMENT_3D ( 'NONE', #730, #649, #12364 ) ;
#8418 = ORIENTED_EDGE ( 'NONE', *, *, #5453, .F. ) ;
#8419 = PRESENTATION_STYLE_ASSIGNMENT (( #159 ) ) ;
#8420 = EDGE_CURVE ( 'NONE', #9207, #5644, #4916, .T. ) ;
#8421 = COLOUR_RGB ( '',1.000000000000000000, 1.000000000000000000, 1.000000000000000000 ) ;
#8422 = FILL_AREA_STYLE_COLOUR ( '', #2000 ) ;
#8423 = CARTESIAN_POINT ( 'NONE',  ( 0.7912377610681550211, 0.1000000000000000056, -1.277681107331943622 ) ) ;
#8424 = FILL_AREA_STYLE_COLOUR ( '', #2642 ) ;
#8425 = ORIENTED_EDGE ( 'NONE', *, *, #7334, .T. ) ;
#8426 = CARTESIAN_POINT ( 'NONE',  ( -0.1689977282522470148, 0.1000000000000000056, -1.199999999999999289 ) ) ;
#8427 = SURFACE_STYLE_FILL_AREA ( #5904 ) ;
#8428 = VECTOR ( 'NONE', #490, 1000.000000000000000 ) ;
#8429 = DIRECTION ( 'NONE',  ( 0.0000000000000000000, 0.0000000000000000000, 1.000000000000000000 ) ) ;
#8430 = CARTESIAN_POINT ( 'NONE',  ( -1.162759967184092247, 0.0000000000000000000, -1.416874574924349872 ) ) ;
#8431 = PLANE ( 'NONE',  #3594 ) ;
#8432 = PRESENTATION_LAYER_ASSIGNMENT (  '', '', ( #7118 ) ) ;
#8433 = AXIS2_PLACEMENT_3D ( 'NONE', #8066, #11033, #9084 ) ;
#8434 = STYLED_ITEM ( 'NONE', ( #10389 ), #3404 ) ;
#8435 = DIRECTION ( 'NONE',  ( 0.0000000000000000000, 0.0000000000000000000, -1.000000000000000000 ) ) ;
#8436 = EDGE_CURVE ( 'NONE', #844, #7684, #12468, .T. ) ;
#8437 = EDGE_LOOP ( 'NONE', ( #6592, #2877, #7878, #3733 ) ) ;
#8438 = DIRECTION ( 'NONE',  ( 0.0000000000000000000, 1.000000000000000000, 0.0000000000000000000 ) ) ;
#8439 = CARTESIAN_POINT ( 'NONE',  ( 0.0000000000000000000, 0.1000000000000000056, 0.1031605786060936225 ) ) ;
#8440 = MECHANICAL_DESIGN_GEOMETRIC_PRESENTATION_REPRESENTATION (  '', ( #6450 ), #9105 ) ;
#8441 = PRESENTATION_STYLE_ASSIGNMENT (( #7744 ) ) ;
#8442 = CIRCLE ( 'NONE', #12832, 0.03693314907479819387 ) ;
#8443 = ADVANCED_FACE ( 'NONE', ( #2266 ), #12709, .T. ) ;
#8444 = SURFACE_SIDE_STYLE ('',( #3802 ) ) ;
#8445 = SURFACE_STYLE_USAGE ( .BOTH. , #1540 ) ;
#8446 = ORIENTED_EDGE ( 'NONE', *, *, #10972, .T. ) ;
#8447 = DIRECTION ( 'NONE',  ( 1.000000000000000000, -0.0000000000000000000, 0.0000000000000000000 ) ) ;
#8448 = LINE ( 'NONE', #6518, #3499 ) ;
#8449 = DIRECTION ( 'NONE',  ( 1.000000000000000000, -0.0000000000000000000, 0.0000000000000000000 ) ) ;
#8450 = CARTESIAN_POINT ( 'NONE',  ( -0.1549999999999993883, 0.0000000000000000000, 1.500000000000000000 ) ) ;
#8451 = FILL_AREA_STYLE ('',( #5523 ) ) ;
#8452 = VECTOR ( 'NONE', #778, 1000.000000000000000 ) ;
#8453 = AXIS2_PLACEMENT_3D ( 'NONE', #9727, #3813, #10717 ) ;
#8454 = EDGE_CURVE ( 'NONE', #7416, #5892, #3647, .T. ) ;
#8455 = UNCERTAINTY_MEASURE_WITH_UNIT (LENGTH_MEASURE( 1.000000000000000082E-05 ), #4094, 'distance_accuracy_value', 'NONE');
#8456 = CARTESIAN_POINT ( 'NONE',  ( 0.0000000000000000000, 0.6999999999999998446, -1.191219160478732997 ) ) ;
#8457 = EDGE_CURVE ( 'NONE', #6455, #8632, #1001, .T. ) ;
#8458 = CYLINDRICAL_SURFACE ( 'NONE', #9773, 0.03693314907479822162 ) ;
#8459 = FILL_AREA_STYLE_COLOUR ( '', #10465 ) ;
#8460 = DIRECTION ( 'NONE',  ( 0.0000000000000000000, 0.0000000000000000000, -1.000000000000000000 ) ) ;
#8461 = STYLED_ITEM ( 'NONE', ( #2300 ), #9097 ) ;
#8462 = ORIENTED_EDGE ( 'NONE', *, *, #6096, .F. ) ;
#8463 = VECTOR ( 'NONE', #3413, 1000.000000000000000 ) ;
#8464 = CIRCLE ( 'NONE', #407, 0.05593526370766899181 ) ;
#8465 = FILL_AREA_STYLE_COLOUR ( '', #6017 ) ;
#8466 = VECTOR ( 'NONE', #7467, 1000.000000000000000 ) ;
#8467 =( LENGTH_UNIT ( ) NAMED_UNIT ( * ) SI_UNIT ( .MILLI., .METRE. ) );
#8468 = SURFACE_STYLE_USAGE ( .BOTH. , #1560 ) ;
#8469 = ORIENTED_EDGE ( 'NONE', *, *, #3458, .T. ) ;
#8470 = PRESENTATION_STYLE_ASSIGNMENT (( #11163 ) ) ;
#8471 = UNCERTAINTY_MEASURE_WITH_UNIT (LENGTH_MEASURE( 1.000000000000000082E-05 ), #9680, 'distance_accuracy_value', 'NONE');
#8472 = ORIENTED_EDGE ( 'NONE', *, *, #9148, .T. ) ;
#8473 = VERTEX_POINT ( 'NONE', #5763 ) ;
#8474 = CARTESIAN_POINT ( 'NONE',  ( 0.0000000000000000000, 0.1000000000000000056, -1.649999999999998579 ) ) ;
#8476 = ORIENTED_EDGE ( 'NONE', *, *, #2937, .F. ) ;
#8475 = MECHANICAL_DESIGN_GEOMETRIC_PRESENTATION_REPRESENTATION (  '', ( #6486 ), #9126 ) ;
#8477 = ORIENTED_EDGE ( 'NONE', *, *, #7304, .T. ) ;
#8478 = DIRECTION ( 'NONE',  ( 0.0000000000000000000, 1.000000000000000000, -0.0000000000000000000 ) ) ;
#8479 = AXIS2_PLACEMENT_3D ( 'NONE', #1440, #8356, #2422 ) ;
#8480 = CARTESIAN_POINT ( 'NONE',  ( 0.1160883464570598989, -0.05000000000000000278, 1.320000718934352335 ) ) ;
#8481 = CARTESIAN_POINT ( 'NONE',  ( 0.0000000000000000000, 0.1000000000000000056, -1.416874574924349872 ) ) ;
#8482 = CARTESIAN_POINT ( 'NONE',  ( 0.09069449998385259448, -0.05000000000000000278, 1.249999999999999112 ) ) ;
#8483 = ORIENTED_EDGE ( 'NONE', *, *, #2137, .F. ) ;
#8484 = ORIENTED_EDGE ( 'NONE', *, *, #9455, .T. ) ;
#8485 = VERTEX_POINT ( 'NONE', #12657 ) ;
#8486 =( NAMED_UNIT ( * ) PLANE_ANGLE_UNIT ( ) SI_UNIT ( $, .RADIAN. ) );
#8487 = VERTEX_POINT ( 'NONE', #6737 ) ;
#8488 = PLANE ( 'NONE',  #1822 ) ;
#8489 = CYLINDRICAL_SURFACE ( 'NONE', #10094, 0.09130182425276713032 ) ;
#8490 = VECTOR ( 'NONE', #9268, 1000.000000000000000 ) ;
#8491 = EDGE_LOOP ( 'NONE', ( #10281, #2229, #7605, #10536 ) ) ;
#8492 = VECTOR ( 'NONE', #4438, 1000.000000000000000 ) ;
#8493 = CARTESIAN_POINT ( 'NONE',  ( -0.07991409846422234398, 0.0000000000000000000, 1.276162611327208873 ) ) ;
#8494 = CARTESIAN_POINT ( 'NONE',  ( 1.044003024146626046, 0.1000000000000000056, -0.3087081087201543061 ) ) ;
#8495 = ORIENTED_EDGE ( 'NONE', *, *, #3173, .F. ) ;
#8496 = FACE_OUTER_BOUND ( 'NONE', #3709, .T. ) ;
#8497 = CARTESIAN_POINT ( 'NONE',  ( 0.0000000000000000000, 0.1000000000000000056, -1.277681107331943622 ) ) ;
#8498 = EDGE_CURVE ( 'NONE', #7416, #9009, #8908, .T. ) ;
#8499 = VECTOR ( 'NONE', #4801, 1000.000000000000000 ) ;
#8500 = DIRECTION ( 'NONE',  ( 0.0000000000000000000, 0.0000000000000000000, -1.000000000000000000 ) ) ;
#8501 = EDGE_CURVE ( 'NONE', #2721, #1665, #5973, .T. ) ;
#8502 = SURFACE_STYLE_USAGE ( .BOTH. , #1586 ) ;
#8503 = FILL_AREA_STYLE ('',( #10487 ) ) ;
#8504 = LINE ( 'NONE', #306, #3232 ) ;
#8505 = FACE_OUTER_BOUND ( 'NONE', #2024, .T. ) ;
#8506 = ORIENTED_EDGE ( 'NONE', *, *, #8175, .T. ) ;
#8507 = STYLED_ITEM ( 'NONE', ( #5305 ), #6756 ) ;
#8508 = DIRECTION ( 'NONE',  ( 0.0000000000000000000, 0.0000000000000000000, -1.000000000000000000 ) ) ;
#8509 = VECTOR ( 'NONE', #3055, 1000.000000000000000 ) ;
#8510 = LINE ( 'NONE', #2786, #8818 ) ;
#8511 = CARTESIAN_POINT ( 'NONE',  ( 0.1160883464570598989, -0.05000000000000000278, 1.276162611327208651 ) ) ;
#8512 = VERTEX_POINT ( 'NONE', #10710 ) ;
#8513 = CARTESIAN_POINT ( 'NONE',  ( 0.0000000000000000000, 0.1000000000000000056, -1.199999999999999289 ) ) ;
#8514 = SURFACE_STYLE_FILL_AREA ( #8016 ) ;
#8515 = COLOUR_RGB ( '',1.000000000000000000, 1.000000000000000000, 1.000000000000000000 ) ;
#8516 = LINE ( 'NONE', #3582, #5588 ) ;
#8517 = VECTOR ( 'NONE', #11829, 1000.000000000000000 ) ;
#8518 =( NAMED_UNIT ( * ) SI_UNIT ( $, .STERADIAN. ) SOLID_ANGLE_UNIT ( ) );
#8519 = ORIENTED_EDGE ( 'NONE', *, *, #12325, .F. ) ;
#8520 = DIRECTION ( 'NONE',  ( 0.0000000000000000000, 1.000000000000000000, -0.0000000000000000000 ) ) ;
#8521 = STYLED_ITEM ( 'NONE', ( #6029 ), #852 ) ;
#8522 = ADVANCED_FACE ( 'NONE', ( #10921 ), #5759, .F. ) ;
#8523 = MECHANICAL_DESIGN_GEOMETRIC_PRESENTATION_REPRESENTATION (  '', ( #7190 ), #9165 ) ;
#8524 = PRESENTATION_LAYER_ASSIGNMENT (  '', '', ( #7191 ) ) ;
#8525 = EDGE_CURVE ( 'NONE', #1119, #12419, #3433, .T. ) ;
#8526 = FACE_OUTER_BOUND ( 'NONE', #8346, .T. ) ;
#8527 = ORIENTED_EDGE ( 'NONE', *, *, #6363, .F. ) ;
#8528 = ADVANCED_FACE ( 'NONE', ( #781 ), #5836, .T. ) ;
#8529 = DIRECTION ( 'NONE',  ( -0.1908089953765452762, 0.9816271834476639757, 0.0000000000000000000 ) ) ;
#8530 = STYLED_ITEM ( 'NONE', ( #3844 ), #7841 ) ;
#8531 = EDGE_CURVE ( 'NONE', #7080, #3828, #2198, .T. ) ;
#8532 = ORIENTED_EDGE ( 'NONE', *, *, #1110, .F. ) ;
#8533 = VERTEX_POINT ( 'NONE', #12771 ) ;
#8534 = FACE_OUTER_BOUND ( 'NONE', #6984, .T. ) ;
#8535 = DIRECTION ( 'NONE',  ( 0.0000000000000000000, 1.000000000000000000, 0.0000000000000000000 ) ) ;
#8536 = SURFACE_STYLE_FILL_AREA ( #10531 ) ;
#8537 = UNCERTAINTY_MEASURE_WITH_UNIT (LENGTH_MEASURE( 1.000000000000000082E-05 ), #6983, 'distance_accuracy_value', 'NONE');
#8538 = PRESENTATION_STYLE_ASSIGNMENT (( #6680 ) ) ;
#8539 = EDGE_CURVE ( 'NONE', #11882, #1851, #9765, .T. ) ;
#8540 = FILL_AREA_STYLE_COLOUR ( '', #568 ) ;
#8541 = VERTEX_POINT ( 'NONE', #8864 ) ;
#8542 = FILL_AREA_STYLE_COLOUR ( '', #3028 ) ;
#8543 = CIRCLE ( 'NONE', #2360, 0.03693314907479822162 ) ;
#8544 =( NAMED_UNIT ( * ) PLANE_ANGLE_UNIT ( ) SI_UNIT ( $, .RADIAN. ) );
#8545 =( NAMED_UNIT ( * ) SI_UNIT ( $, .STERADIAN. ) SOLID_ANGLE_UNIT ( ) );
#8546 = COLOUR_RGB ( '',1.000000000000000000, 1.000000000000000000, 1.000000000000000000 ) ;
#8547 = SURFACE_STYLE_USAGE ( .BOTH. , #1631 ) ;
#8548 = EDGE_LOOP ( 'NONE', ( #10370, #10049, #8977, #7929, #7751, #6992, #6657, #5726, #4848, #4545, #3731, #2764 ) ) ;
#8549 = VERTEX_POINT ( 'NONE', #4907 ) ;
#8550 = DIRECTION ( 'NONE',  ( 0.0000000000000000000, 0.1908089953765452207, -0.9816271834476638647 ) ) ;
#8551 =( BOUNDED_CURVE ( )  B_SPLINE_CURVE ( 3, ( #1121, #11940, #5102, #2144 ),
 .UNSPECIFIED., .F., .F. ) 
 B_SPLINE_CURVE_WITH_KNOTS ( ( 4, 4 ),
 ( 5.515995204261214369, 7.050375410097959872 ),
 .UNSPECIFIED. ) 
 CURVE ( )  GEOMETRIC_REPRESENTATION_ITEM ( )  RATIONAL_B_SPLINE_CURVE ( ( 1.000000000000000000, 0.8132426008497422032, 0.8132426008497422032, 1.000000000000000000 ) ) 
 REPRESENTATION_ITEM ( '' )  );
#8552 = ORIENTED_EDGE ( 'NONE', *, *, #8760, .F. ) ;
#8553 = DIRECTION ( 'NONE',  ( 0.0000000000000000000, 1.000000000000000000, -0.0000000000000000000 ) ) ;
#8554 = STYLED_ITEM ( 'NONE', ( #11668 ), #11362 ) ;
#8555 = EDGE_CURVE ( 'NONE', #3604, #3642, #7456, .T. ) ;
#8556 = COLOUR_RGB ( '',1.000000000000000000, 1.000000000000000000, 1.000000000000000000 ) ;
#8557 = AXIS2_PLACEMENT_3D ( 'NONE', #3190, #2226, #7187 ) ;
#8558 =( NAMED_UNIT ( * ) SI_UNIT ( $, .STERADIAN. ) SOLID_ANGLE_UNIT ( ) );
#8559 = DIRECTION ( 'NONE',  ( 0.0000000000000000000, 0.0000000000000000000, 1.000000000000000000 ) ) ;
#8560 = CARTESIAN_POINT ( 'NONE',  ( 0.09069449998385259448, 0.1000000000000000056, 1.249999999999999112 ) ) ;
#8561 =( LENGTH_UNIT ( ) NAMED_UNIT ( * ) SI_UNIT ( .MILLI., .METRE. ) );
#8562 = EDGE_LOOP ( 'NONE', ( #9691, #8314, #9405, #3851, #10798, #5245, #12172, #3982, #2276, #11540, #1015, #10822 ) ) ;
#8563 = DIRECTION ( 'NONE',  ( 0.0000000000000000000, -1.000000000000000000, 0.0000000000000000000 ) ) ;
#8564 = DIRECTION ( 'NONE',  ( 0.0000000000000000000, 0.0000000000000000000, -1.000000000000000000 ) ) ;
#8565 = ORIENTED_EDGE ( 'NONE', *, *, #4218, .F. ) ;
#8566 = VECTOR ( 'NONE', #286, 1000.000000000000000 ) ;
#8567 = CARTESIAN_POINT ( 'NONE',  ( 1.197916575926319283, 0.1000000000000000056, 0.2000076143446563315 ) ) ;
#8568 = CARTESIAN_POINT ( 'NONE',  ( 1.162759967184092247, 0.1000000000000000056, 0.0000000000000000000 ) ) ;
#8569 = ORIENTED_EDGE ( 'NONE', *, *, #11385, .T. ) ;
#8570 = COLOUR_RGB ( '',1.000000000000000000, 1.000000000000000000, 1.000000000000000000 ) ;
#8571 = PRESENTATION_LAYER_ASSIGNMENT (  '', '', ( #7920 ) ) ;
#8572 =( LENGTH_UNIT ( ) NAMED_UNIT ( * ) SI_UNIT ( .MILLI., .METRE. ) );
#8573 = PRESENTATION_LAYER_ASSIGNMENT (  '', '', ( #7248 ) ) ;
#8574 = EDGE_CURVE ( 'NONE', #2157, #7112, #4551, .T. ) ;
#8575 = CARTESIAN_POINT ( 'NONE',  ( -1.134999999999999787, 0.1000000000000000056, -1.500000000000000000 ) ) ;
#8576 = EDGE_CURVE ( 'NONE', #11697, #8473, #12402, .T. ) ;
#8577 = VERTEX_POINT ( 'NONE', #6917 ) ;
#8578 = STYLED_ITEM ( 'NONE', ( #9915 ), #6319 ) ;
#8579 = ADVANCED_FACE ( 'NONE', ( #12076 ), #2971, .T. ) ;
#8580 = CARTESIAN_POINT ( 'NONE',  ( 0.0000000000000000000, -0.05000000000000000278, 0.1031605786060936225 ) ) ;
#8581 = CARTESIAN_POINT ( 'NONE',  ( -0.4949999999999992184, 0.1000000000000000056, 0.0000000000000000000 ) ) ;
#8582 = COLOUR_RGB ( '',1.000000000000000000, 1.000000000000000000, 1.000000000000000000 ) ;
#8583 = DIRECTION ( 'NONE',  ( 0.0000000000000000000, -0.0000000000000000000, -1.000000000000000000 ) ) ;
#8584 = PLANE ( 'NONE',  #6623 ) ;
#8586 = ADVANCED_FACE ( 'NONE', ( #8534 ), #7963, .T. ) ;
#8585 = CARTESIAN_POINT ( 'NONE',  ( 0.0000000000000000000, -0.05000000000000000278, -1.416874574924349872 ) ) ;
#8587 = MECHANICAL_DESIGN_GEOMETRIC_PRESENTATION_REPRESENTATION (  '', ( #5937 ), #9239 ) ;
#8588 = CARTESIAN_POINT ( 'NONE',  ( 0.8149999999999995026, 0.1000000000000000056, -0.0000000000000000000 ) ) ;
#8589 = VECTOR ( 'NONE', #3685, 1000.000000000000000 ) ;
#8590 = AXIS2_PLACEMENT_3D ( 'NONE', #8599, #7572, #5798 ) ;
#8591 = ORIENTED_EDGE ( 'NONE', *, *, #527, .T. ) ;
#8592 =( NAMED_UNIT ( * ) SI_UNIT ( $, .STERADIAN. ) SOLID_ANGLE_UNIT ( ) );
#8593 = FILL_AREA_STYLE ('',( #7642 ) ) ;
#8594 = LINE ( 'NONE', #12772, #680 ) ;
#8595 = AXIS2_PLACEMENT_3D ( 'NONE', #12744, #6844, #896 ) ;
#8596 = DIRECTION ( 'NONE',  ( 0.0000000000000000000, 0.0000000000000000000, 1.000000000000000000 ) ) ;
#8597 = CARTESIAN_POINT ( 'NONE',  ( 1.599999999999999645, 0.1499999999999999944, 1.355814029726843728 ) ) ;
#8598 = FILL_AREA_STYLE_COLOUR ( '', #7919 ) ;
#8599 = CARTESIAN_POINT ( 'NONE',  ( 0.0000000000000000000, 0.0000000000000000000, 0.0000000000000000000 ) ) ;
#8600 = ORIENTED_EDGE ( 'NONE', *, *, #8780, .F. ) ;
#8601 = CARTESIAN_POINT ( 'NONE',  ( 0.1160883464570598989, 0.1000000000000000056, 1.320000718934352335 ) ) ;
#8602 = FILL_AREA_STYLE ('',( #3631 ) ) ;
#8603 = VECTOR ( 'NONE', #9722, 1000.000000000000000 ) ;
#8604 =( NAMED_UNIT ( * ) PLANE_ANGLE_UNIT ( ) SI_UNIT ( $, .RADIAN. ) );
#8605 = VECTOR ( 'NONE', #636, 1000.000000000000000 ) ;
#8606 = PRESENTATION_LAYER_ASSIGNMENT (  '', '', ( #5322 ) ) ;
#8607 =( GEOMETRIC_REPRESENTATION_CONTEXT ( 3 ) GLOBAL_UNCERTAINTY_ASSIGNED_CONTEXT ( ( #6808 ) ) GLOBAL_UNIT_ASSIGNED_CONTEXT ( ( #2355, #2268, #2235 ) ) REPRESENTATION_CONTEXT ( 'NONE', 'WORKASPACE' ) );
#8608 = SURFACE_STYLE_USAGE ( .BOTH. , #1694 ) ;
#8609 =( NAMED_UNIT ( * ) PLANE_ANGLE_UNIT ( ) SI_UNIT ( $, .RADIAN. ) );
#8610 = LINE ( 'NONE', #10383, #11224 ) ;
#8611 = ORIENTED_EDGE ( 'NONE', *, *, #6215, .T. ) ;
#8612 = CARTESIAN_POINT ( 'NONE',  ( -1.171933149074798175, -0.05000000000000000278, 0.2000076143446563315 ) ) ;
#8613 =( GEOMETRIC_REPRESENTATION_CONTEXT ( 3 ) GLOBAL_UNCERTAINTY_ASSIGNED_CONTEXT ( ( #1735 ) ) GLOBAL_UNIT_ASSIGNED_CONTEXT ( ( #6670, #731, #7667 ) ) REPRESENTATION_CONTEXT ( 'NONE', 'WORKASPACE' ) );
#8614 = VECTOR ( 'NONE', #10158, 1000.000000000000000 ) ;
#8615 = DIRECTION ( 'NONE',  ( 0.0000000000000000000, 0.0000000000000000000, -1.000000000000000000 ) ) ;
#8616 = ORIENTED_EDGE ( 'NONE', *, *, #11267, .F. ) ;
#8617 = PLANE ( 'NONE',  #6397 ) ;
#8618 =( LENGTH_UNIT ( ) NAMED_UNIT ( * ) SI_UNIT ( .MILLI., .METRE. ) );
#8619 = EDGE_LOOP ( 'NONE', ( #12745, #3141, #3153, #12736 ) ) ;
#8620 = ORIENTED_EDGE ( 'NONE', *, *, #12591, .F. ) ;
#8621 = LINE ( 'NONE', #9971, #5994 ) ;
#8622 =( LENGTH_UNIT ( ) NAMED_UNIT ( * ) SI_UNIT ( .MILLI., .METRE. ) );
#8623 = CARTESIAN_POINT ( 'NONE',  ( 0.4949999999999992184, 0.0000000000000000000, 1.375493264616636679 ) ) ;
#8624 = ORIENTED_EDGE ( 'NONE', *, *, #10867, .F. ) ;
#8625 = FACE_OUTER_BOUND ( 'NONE', #5346, .T. ) ;
#8626 = CARTESIAN_POINT ( 'NONE',  ( 0.5087622389318458005, -0.05000000000000000278, -1.277681107331943622 ) ) ;
#8627 = ORIENTED_EDGE ( 'NONE', *, *, #8906, .F. ) ;
#8628 = ADVANCED_FACE ( 'NONE', ( #2340 ), #11601, .T. ) ;
#8629 = AXIS2_PLACEMENT_3D ( 'NONE', #4165, #11058, #5172 ) ;
#8630 = EDGE_CURVE ( 'NONE', #11197, #9693, #9296, .T. ) ;
#8631 = DIRECTION ( 'NONE',  ( -1.000000000000000000, 0.0000000000000000000, -0.0000000000000000000 ) ) ;
#8632 = VERTEX_POINT ( 'NONE', #3285 ) ;
#8633 = VECTOR ( 'NONE', #5907, 1000.000000000000000 ) ;
#8634 =( NAMED_UNIT ( * ) PLANE_ANGLE_UNIT ( ) SI_UNIT ( $, .RADIAN. ) );
#8635 = ORIENTED_EDGE ( 'NONE', *, *, #5412, .T. ) ;
#8636 = FACE_OUTER_BOUND ( 'NONE', #1614, .T. ) ;
#8637 =( GEOMETRIC_REPRESENTATION_CONTEXT ( 3 ) GLOBAL_UNCERTAINTY_ASSIGNED_CONTEXT ( ( #3397 ) ) GLOBAL_UNIT_ASSIGNED_CONTEXT ( ( #6506, #553, #7506 ) ) REPRESENTATION_CONTEXT ( 'NONE', 'WORKASPACE' ) );
#8638 = MANIFOLD_SOLID_BREP ( 'Cut-Extrude1', #9038 ) ;
#8639 = EDGE_LOOP ( 'NONE', ( #3314, #5744, #1092, #11716, #8527, #12112, #6487, #9779, #11943, #1033, #3129, #3894, #5998, #4106, #12223, #12436, #2023, #7176, #12351, #4672 ) ) ;
#8640 = CIRCLE ( 'NONE', #5743, 0.09130182425276713032 ) ;
#8641 = ORIENTED_EDGE ( 'NONE', *, *, #2365, .T. ) ;
#8642 = ORIENTED_EDGE ( 'NONE', *, *, #1535, .T. ) ;
#8643 = CARTESIAN_POINT ( 'NONE',  ( -0.5439116535429402433, 0.1000000000000000056, 0.0000000000000000000 ) ) ;
#8644 = VECTOR ( 'NONE', #4574, 1000.000000000000000 ) ;
#8645 = CARTESIAN_POINT ( 'NONE',  ( 0.0000000000000000000, -0.05000000000000000278, -1.416874574924349872 ) ) ;
#8646 =( NAMED_UNIT ( * ) SI_UNIT ( $, .STERADIAN. ) SOLID_ANGLE_UNIT ( ) );
#8647 = DIRECTION ( 'NONE',  ( 0.0000000000000000000, -1.000000000000000000, 0.0000000000000000000 ) ) ;
#8648 = VECTOR ( 'NONE', #874, 1000.000000000000000 ) ;
#8649 = FACE_OUTER_BOUND ( 'NONE', #3358, .T. ) ;
#8650 = LINE ( 'NONE', #6538, #10001 ) ;
#8651 = PRESENTATION_STYLE_ASSIGNMENT (( #3960 ) ) ;
#8652 = ADVANCED_FACE ( 'NONE', ( #6364 ), #4539, .F. ) ;
#8653 = AXIS2_PLACEMENT_3D ( 'NONE', #6063, #96, #7051 ) ;
#8654 = LINE ( 'NONE', #10310, #11263 ) ;
#8655 = PRESENTATION_LAYER_ASSIGNMENT (  '', '', ( #6654 ) ) ;
#8656 = FACE_OUTER_BOUND ( 'NONE', #10478, .T. ) ;
#8658 = ORIENTED_EDGE ( 'NONE', *, *, #5040, .T. ) ;
#8657 = DIRECTION ( 'NONE',  ( 1.000000000000000000, -0.0000000000000000000, 0.0000000000000000000 ) ) ;
#8659 = DIRECTION ( 'NONE',  ( 0.0000000000000000000, 0.0000000000000000000, -1.000000000000000000 ) ) ;
#8660 = SURFACE_SIDE_STYLE ('',( #2293 ) ) ;
#8661 = SURFACE_SIDE_STYLE ('',( #11315 ) ) ;
#8662 = CARTESIAN_POINT ( 'NONE',  ( -1.197916575926319283, 0.1000000000000000056, -0.1623686072350682963 ) ) ;
#8663 = LINE ( 'NONE', #3864, #7728 ) ;
#8664 = LINE ( 'NONE', #11511, #744 ) ;
#8665 = AXIS2_PLACEMENT_3D ( 'NONE', #4915, #8885, #3920 ) ;
#8666 = VECTOR ( 'NONE', #1636, 1000.000000000000000 ) ;
#8667 = VECTOR ( 'NONE', #5688, 1000.000000000000000 ) ;
#8668 = EDGE_LOOP ( 'NONE', ( #11166, #10083, #5328, #4069 ) ) ;
#8669 = DIRECTION ( 'NONE',  ( 0.0000000000000000000, 0.0000000000000000000, -1.000000000000000000 ) ) ;
#8670 = FILL_AREA_STYLE_COLOUR ( '', #7246 ) ;
#8671 = DIRECTION ( 'NONE',  ( 0.0000000000000000000, 1.000000000000000000, 0.0000000000000000000 ) ) ;
#8672 = CARTESIAN_POINT ( 'NONE',  ( 1.257124604555293734, 0.1000000000000000056, -0.1623686072350682963 ) ) ;
#8673 = EDGE_CURVE ( 'NONE', #12388, #2397, #7136, .T. ) ;
#8674 = FACE_OUTER_BOUND ( 'NONE', #11264, .T. ) ;
#8675 = MECHANICAL_DESIGN_GEOMETRIC_PRESENTATION_REPRESENTATION (  '', ( #6676 ), #9324 ) ;
#8676 =( NAMED_UNIT ( * ) SI_UNIT ( $, .STERADIAN. ) SOLID_ANGLE_UNIT ( ) );
#8677 = ORIENTED_EDGE ( 'NONE', *, *, #7027, .F. ) ;
#8678 = VERTEX_POINT ( 'NONE', #10284 ) ;
#8679 = CARTESIAN_POINT ( 'NONE',  ( -0.4849999999999994316, -0.05000000000000000278, 0.0000000000000000000 ) ) ;
#8680 =( LENGTH_UNIT ( ) NAMED_UNIT ( * ) SI_UNIT ( .MILLI., .METRE. ) );
#8681 = CARTESIAN_POINT ( 'NONE',  ( -1.171933149074798175, 0.0000000000000000000, -0.2000076143446563315 ) ) ;
#8682 = CARTESIAN_POINT ( 'NONE',  ( 1.042656287931754022, 0.0000000000000000000, -0.3999999999999976907 ) ) ;
#8683 = LINE ( 'NONE', #12153, #1077 ) ;
#8684 = VECTOR ( 'NONE', #11886, 1000.000000000000000 ) ;
#8685 =( NAMED_UNIT ( * ) SI_UNIT ( $, .STERADIAN. ) SOLID_ANGLE_UNIT ( ) );
#8686 = PRESENTATION_LAYER_ASSIGNMENT (  '', '', ( #7347 ) ) ;
#8687 = FILL_AREA_STYLE_COLOUR ( '', #10671 ) ;
#8688 = VERTEX_POINT ( 'NONE', #11270 ) ;
#8689 = FACE_OUTER_BOUND ( 'NONE', #3258, .T. ) ;
#8690 =( GEOMETRIC_REPRESENTATION_CONTEXT ( 3 ) GLOBAL_UNCERTAINTY_ASSIGNED_CONTEXT ( ( #3955 ) ) GLOBAL_UNIT_ASSIGNED_CONTEXT ( ( #10836, #4930, #11811 ) ) REPRESENTATION_CONTEXT ( 'NONE', 'WORKASPACE' ) );
#8691 = PRESENTATION_LAYER_ASSIGNMENT (  '', '', ( #8028 ) ) ;
#8692 = EDGE_CURVE ( 'NONE', #10892, #2325, #9440, .T. ) ;
#8693 = VECTOR ( 'NONE', #11990, 1000.000000000000000 ) ;
#8694 = DIRECTION ( 'NONE',  ( 0.0000000000000000000, 0.0000000000000000000, 1.000000000000000000 ) ) ;
#8695 = PRESENTATION_LAYER_ASSIGNMENT (  '', '', ( #7355 ) ) ;
#8696 = PRESENTATION_LAYER_ASSIGNMENT (  '', '', ( #7356 ) ) ;
#8697 = UNCERTAINTY_MEASURE_WITH_UNIT (LENGTH_MEASURE( 1.000000000000000082E-05 ), #1362, 'distance_accuracy_value', 'NONE');
#8698 = VECTOR ( 'NONE', #5675, 1000.000000000000000 ) ;
#8699 = VERTEX_POINT ( 'NONE', #5379 ) ;
#8700 = DIRECTION ( 'NONE',  ( 0.0000000000000000000, 1.000000000000000000, -0.0000000000000000000 ) ) ;
#8701 = SURFACE_SIDE_STYLE ('',( #8943 ) ) ;
#8702 = SURFACE_SIDE_STYLE ('',( #2503 ) ) ;
#8703 = CARTESIAN_POINT ( 'NONE',  ( -0.7660883464570584778, -0.05000000000000000278, -0.0000000000000000000 ) ) ;
#8704 = VERTEX_POINT ( 'NONE', #12277 ) ;
#8705 =( NAMED_UNIT ( * ) PLANE_ANGLE_UNIT ( ) SI_UNIT ( $, .RADIAN. ) );
#8706 = SURFACE_STYLE_FILL_AREA ( #8401 ) ;
#8707 = EDGE_CURVE ( 'NONE', #2471, #2430, #9753, .T. ) ;
#8708 = ADVANCED_FACE ( 'NONE', ( #2191 ), #3421, .F. ) ;
#8709 = EDGE_CURVE ( 'NONE', #9706, #2824, #609, .T. ) ;
#8710 =( NAMED_UNIT ( * ) PLANE_ANGLE_UNIT ( ) SI_UNIT ( $, .RADIAN. ) );
#8711 = ORIENTED_EDGE ( 'NONE', *, *, #3010, .T. ) ;
#8712 = FILL_AREA_STYLE_COLOUR ( '', #8931 ) ;
#8713 = UNCERTAINTY_MEASURE_WITH_UNIT (LENGTH_MEASURE( 1.000000000000000082E-05 ), #2571, 'distance_accuracy_value', 'NONE');
#8714 = CARTESIAN_POINT ( 'NONE',  ( -1.162759967184092247, 0.1000000000000000056, 0.0000000000000000000 ) ) ;
#8715 = CIRCLE ( 'NONE', #4271, 0.09130182425276713032 ) ;
#8716 = CARTESIAN_POINT ( 'NONE',  ( 0.8189977282522473701, 0.1000000000000000056, -1.199999999999999289 ) ) ;
#8717 = SURFACE_STYLE_USAGE ( .BOTH. , #8753 ) ;
#8718 = EDGE_LOOP ( 'NONE', ( #9716, #7639, #10429, #10889 ) ) ;
#8719 =( GEOMETRIC_REPRESENTATION_CONTEXT ( 3 ) GLOBAL_UNCERTAINTY_ASSIGNED_CONTEXT ( ( #6238 ) ) GLOBAL_UNIT_ASSIGNED_CONTEXT ( ( #11972, #6071, #106 ) ) REPRESENTATION_CONTEXT ( 'NONE', 'WORKASPACE' ) );
#8720 = AXIS2_PLACEMENT_3D ( 'NONE', #1209, #8137, #2227 ) ;
#8721 = FILL_AREA_STYLE_COLOUR ( '', #7866 ) ;
#8722 = ORIENTED_EDGE ( 'NONE', *, *, #11659, .T. ) ;
#8723 = CARTESIAN_POINT ( 'NONE',  ( -0.1689977282522470148, 0.1000000000000000056, -0.0000000000000000000 ) ) ;
#8724 = PRESENTATION_STYLE_ASSIGNMENT (( #12102 ) ) ;
#8725 = ORIENTED_EDGE ( 'NONE', *, *, #2781, .F. ) ;
#8726 = CARTESIAN_POINT ( 'NONE',  ( 1.540045451220498407, -0.05000000000000000278, -0.07500000000000017764 ) ) ;
#8727 = CARTESIAN_POINT ( 'NONE',  ( 0.0000000000000000000, 0.1000000000000000056, 0.07500000000000017764 ) ) ;
#8728 =( NAMED_UNIT ( * ) PLANE_ANGLE_UNIT ( ) SI_UNIT ( $, .RADIAN. ) );
#8729 = VERTEX_POINT ( 'NONE', #2464 ) ;
#8730 = PLANE ( 'NONE',  #7 ) ;
#8731 = VECTOR ( 'NONE', #7143, 1000.000000000000000 ) ;
#8732 = CARTESIAN_POINT ( 'NONE',  ( 0.4949999999999992184, -0.05000000000000000278, 1.649999999999999467 ) ) ;
#8733 = CARTESIAN_POINT ( 'NONE',  ( 1.042656287931754022, 0.1000000000000000056, -0.3999999999999976907 ) ) ;
#8734 = PRESENTATION_LAYER_ASSIGNMENT (  '', '', ( #7418 ) ) ;
#8735 = EDGE_CURVE ( 'NONE', #9588, #1995, #8211, .T. ) ;
#8736 = ORIENTED_EDGE ( 'NONE', *, *, #7720, .T. ) ;
#8737 = FACE_OUTER_BOUND ( 'NONE', #5454, .T. ) ;
#8738 = CARTESIAN_POINT ( 'NONE',  ( -1.197916575926319283, 0.0000000000000000000, -0.1623686072350682963 ) ) ;
#8739 = EDGE_CURVE ( 'NONE', #3160, #1038, #3254, .T. ) ;
#8740 = STYLED_ITEM ( 'NONE', ( #11612 ), #6609 ) ;
#8741 = CARTESIAN_POINT ( 'NONE',  ( 0.0000000000000000000, 0.1000000000000000056, -0.07500000000000017764 ) ) ;
#8742 = EDGE_CURVE ( 'NONE', #1047, #2141, #2936, .T. ) ;
#8743 =( NAMED_UNIT ( * ) PLANE_ANGLE_UNIT ( ) SI_UNIT ( $, .RADIAN. ) );
#8744 = DIRECTION ( 'NONE',  ( -0.0000000000000000000, 0.0000000000000000000, 1.000000000000000000 ) ) ;
#8745 = VERTEX_POINT ( 'NONE', #2504 ) ;
#8746 = FILL_AREA_STYLE_COLOUR ( '', #7361 ) ;
#8747 = CARTESIAN_POINT ( 'NONE',  ( -1.134999999999999787, -0.05000000000000000278, 0.0000000000000000000 ) ) ;
#8748 = LINE ( 'NONE', #7691, #1152 ) ;
#8749 = CARTESIAN_POINT ( 'NONE',  ( -0.1412377610681545548, 0.1000000000000000056, -1.277681107331943622 ) ) ;
#8750 = LINE ( 'NONE', #9934, #5818 ) ;
#8751 = CARTESIAN_POINT ( 'NONE',  ( 0.0000000000000000000, 0.0000000000000000000, 1.500000000000000000 ) ) ;
#8752 = PRESENTATION_LAYER_ASSIGNMENT (  '', '', ( #8098 ) ) ;
#8753 = SURFACE_SIDE_STYLE ('',( #6830 ) ) ;
#8754 = EDGE_CURVE ( 'NONE', #2887, #2671, #7908, .T. ) ;
#8755 = COLOUR_RGB ( '',1.000000000000000000, 1.000000000000000000, 1.000000000000000000 ) ;
#8756 = ADVANCED_FACE ( 'NONE', ( #8526 ), #5462, .T. ) ;
#8757 =( GEOMETRIC_REPRESENTATION_CONTEXT ( 3 ) GLOBAL_UNCERTAINTY_ASSIGNED_CONTEXT ( ( #755 ) ) GLOBAL_UNIT_ASSIGNED_CONTEXT ( ( #4480, #11355, #5460 ) ) REPRESENTATION_CONTEXT ( 'NONE', 'WORKASPACE' ) );
#8758 =( NAMED_UNIT ( * ) SI_UNIT ( $, .STERADIAN. ) SOLID_ANGLE_UNIT ( ) );
#8759 = VECTOR ( 'NONE', #5738, 1000.000000000000000 ) ;
#8760 = EDGE_CURVE ( 'NONE', #10818, #4235, #4373, .T. ) ;
#8761 = CARTESIAN_POINT ( 'NONE',  ( 0.5087622389318458005, 0.1000000000000000056, -1.416874574924349872 ) ) ;
#8762 = LINE ( 'NONE', #5391, #6134 ) ;
#8763 =( NAMED_UNIT ( * ) SI_UNIT ( $, .STERADIAN. ) SOLID_ANGLE_UNIT ( ) );
#8764 =( NAMED_UNIT ( * ) PLANE_ANGLE_UNIT ( ) SI_UNIT ( $, .RADIAN. ) );
#8765 = DIRECTION ( 'NONE',  ( 0.0000000000000000000, 0.0000000000000000000, 1.000000000000000000 ) ) ;
#8766 = FACE_OUTER_BOUND ( 'NONE', #7840, .T. ) ;
#8767 = ADVANCED_FACE ( 'NONE', ( #9598 ), #578, .T. ) ;
#8768 = ORIENTED_EDGE ( 'NONE', *, *, #5288, .T. ) ;
#8769 = CARTESIAN_POINT ( 'NONE',  ( 1.171933149074797953, 0.0000000000000000000, 0.2369407634194545809 ) ) ;
#8770 = LINE ( 'NONE', #4136, #1171 ) ;
#8771 = ORIENTED_EDGE ( 'NONE', *, *, #4113, .F. ) ;
#8772 = SURFACE_STYLE_FILL_AREA ( #3039 ) ;
#8773 = STYLED_ITEM ( 'NONE', ( #7047 ), #1897 ) ;
#8774 = LINE ( 'NONE', #11547, #543 ) ;
#8775 = DIRECTION ( 'NONE',  ( 0.0000000000000000000, 0.0000000000000000000, 1.000000000000000000 ) ) ;
#8776 = PRESENTATION_LAYER_ASSIGNMENT (  '', '', ( #9435 ) ) ;
#8777 = DIRECTION ( 'NONE',  ( -0.0000000000000000000, -0.0000000000000000000, -1.000000000000000000 ) ) ;
#8778 = UNCERTAINTY_MEASURE_WITH_UNIT (LENGTH_MEASURE( 1.000000000000000082E-05 ), #2480, 'distance_accuracy_value', 'NONE');
#8779 =( NAMED_UNIT ( * ) PLANE_ANGLE_UNIT ( ) SI_UNIT ( $, .RADIAN. ) );
#8780 = EDGE_CURVE ( 'NONE', #4361, #9321, #9723, .T. ) ;
#8781 = ORIENTED_EDGE ( 'NONE', *, *, #6275, .T. ) ;
#8782 = DIRECTION ( 'NONE',  ( 0.0000000000000000000, 1.000000000000000000, 0.0000000000000000000 ) ) ;
#8783 = ORIENTED_EDGE ( 'NONE', *, *, #10371, .T. ) ;
#8784 = EDGE_LOOP ( 'NONE', ( #1721, #3962, #1241, #548 ) ) ;
#8785 = STYLED_ITEM ( 'NONE', ( #10229 ), #8628 ) ;
#8786 = ORIENTED_EDGE ( 'NONE', *, *, #6579, .T. ) ;
#8787 = EDGE_LOOP ( 'NONE', ( #7410, #7579, #7718, #7876 ) ) ;
#8788 = CARTESIAN_POINT ( 'NONE',  ( 0.0000000000000000000, 0.1000000000000000056, -1.277681107331943622 ) ) ;
#8789 = SURFACE_SIDE_STYLE ('',( #11703 ) ) ;
#8790 = VECTOR ( 'NONE', #5158, 1000.000000000000000 ) ;
#8791 = ORIENTED_EDGE ( 'NONE', *, *, #1143, .T. ) ;
#8792 = PLANE ( 'NONE',  #1439 ) ;
#8793 = SURFACE_STYLE_FILL_AREA ( #9555 ) ;
#8794 = DIRECTION ( 'NONE',  ( 0.0000000000000000000, 0.0000000000000000000, -1.000000000000000000 ) ) ;
#8795 =( NAMED_UNIT ( * ) PLANE_ANGLE_UNIT ( ) SI_UNIT ( $, .RADIAN. ) );
#8796 = ORIENTED_EDGE ( 'NONE', *, *, #3903, .T. ) ;
#8797 = VECTOR ( 'NONE', #7488, 1000.000000000000000 ) ;
#8798 = VERTEX_POINT ( 'NONE', #8560 ) ;
#8799 = PRESENTATION_LAYER_ASSIGNMENT (  '', '', ( #8131 ) ) ;
#8800 = EDGE_CURVE ( 'NONE', #637, #4506, #8359, .T. ) ;
#8801 = CARTESIAN_POINT ( 'NONE',  ( -1.134999999999999787, -0.05000000000000000278, -1.277681107331943622 ) ) ;
#8802 = AXIS2_PLACEMENT_3D ( 'NONE', #2093, #8994, #3065 ) ;
#8803 = DIRECTION ( 'NONE',  ( 0.0000000000000000000, 0.0000000000000000000, 1.000000000000000000 ) ) ;
#8804 =( LENGTH_UNIT ( ) NAMED_UNIT ( * ) SI_UNIT ( .MILLI., .METRE. ) );
#8805 = FILL_AREA_STYLE ('',( #8195 ) ) ;
#8806 = ORIENTED_EDGE ( 'NONE', *, *, #2547, .F. ) ;
#8807 = CIRCLE ( 'NONE', #3842, 0.02617424799283601944 ) ;
#8808 = VECTOR ( 'NONE', #4834, 1000.000000000000000 ) ;
#8809 =( NAMED_UNIT ( * ) PLANE_ANGLE_UNIT ( ) SI_UNIT ( $, .RADIAN. ) );
#8810 = LINE ( 'NONE', #3787, #903 ) ;
#8811 = LINE ( 'NONE', #1932, #6183 ) ;
#8812 = CARTESIAN_POINT ( 'NONE',  ( 0.8189977282522473701, 0.1000000000000000056, -1.277681107331943622 ) ) ;
#8813 = ORIENTED_EDGE ( 'NONE', *, *, #5844, .F. ) ;
#8814 = VERTEX_POINT ( 'NONE', #8597 ) ;
#8815 =( LENGTH_UNIT ( ) NAMED_UNIT ( * ) SI_UNIT ( .MILLI., .METRE. ) );
#8816 =( NAMED_UNIT ( * ) PLANE_ANGLE_UNIT ( ) SI_UNIT ( $, .RADIAN. ) );
#8817 = LINE ( 'NONE', #10981, #8052 ) ;
#8818 = VECTOR ( 'NONE', #3794, 1000.000000000000000 ) ;
#8819 =( GEOMETRIC_REPRESENTATION_CONTEXT ( 3 ) GLOBAL_UNCERTAINTY_ASSIGNED_CONTEXT ( ( #3376 ) ) GLOBAL_UNIT_ASSIGNED_CONTEXT ( ( #4727, #11602, #5705 ) ) REPRESENTATION_CONTEXT ( 'NONE', 'WORKASPACE' ) );
#8820 = VECTOR ( 'NONE', #1026, 1000.000000000000000 ) ;
#8821 = ADVANCED_FACE ( 'NONE', ( #3082 ), #1641, .F. ) ;
#8822 = AXIS2_PLACEMENT_3D ( 'NONE', #1524, #8435, #2512 ) ;
#8823 = EDGE_CURVE ( 'NONE', #8023, #10787, #2174, .T. ) ;
#8824 = LINE ( 'NONE', #1419, #11449 ) ;
#8825 = EDGE_CURVE ( 'NONE', #4815, #4605, #4820, .T. ) ;
#8826 = ORIENTED_EDGE ( 'NONE', *, *, #8933, .F. ) ;
#8827 =( NAMED_UNIT ( * ) SI_UNIT ( $, .STERADIAN. ) SOLID_ANGLE_UNIT ( ) );
#8828 = DIRECTION ( 'NONE',  ( -0.0000000000000000000, 0.0000000000000000000, 1.000000000000000000 ) ) ;
#8829 = LINE ( 'NONE', #9711, #11134 ) ;
#8830 = SURFACE_STYLE_USAGE ( .BOTH. , #1907 ) ;
#8831 = ORIENTED_EDGE ( 'NONE', *, *, #6115, .F. ) ;
#8832 = FACE_OUTER_BOUND ( 'NONE', #8718, .T. ) ;
#8833 = ORIENTED_EDGE ( 'NONE', *, *, #11513, .T. ) ;
#8834 = PRESENTATION_LAYER_ASSIGNMENT (  '', '', ( #1184 ) ) ;
#8835 =( NAMED_UNIT ( * ) PLANE_ANGLE_UNIT ( ) SI_UNIT ( $, .RADIAN. ) );
#8836 = ADVANCED_FACE ( 'NONE', ( #7125 ), #913, .T. ) ;
#8837 = MECHANICAL_DESIGN_GEOMETRIC_PRESENTATION_REPRESENTATION (  '', ( #6849 ), #9493 ) ;
#8838 = VERTEX_POINT ( 'NONE', #10662 ) ;
#8839 = CARTESIAN_POINT ( 'NONE',  ( 0.0000000000000000000, 0.1000000000000000056, -1.416874574924349872 ) ) ;
#8840 =( LENGTH_UNIT ( ) NAMED_UNIT ( * ) SI_UNIT ( .MILLI., .METRE. ) );
#8841 =( GEOMETRIC_REPRESENTATION_CONTEXT ( 3 ) GLOBAL_UNCERTAINTY_ASSIGNED_CONTEXT ( ( #6006 ) ) GLOBAL_UNIT_ASSIGNED_CONTEXT ( ( #4138, #3923, #3343 ) ) REPRESENTATION_CONTEXT ( 'NONE', 'WORKASPACE' ) );
#8842 = DIRECTION ( 'NONE',  ( 0.0000000000000000000, 0.0000000000000000000, 1.000000000000000000 ) ) ;
#8843 = SURFACE_STYLE_USAGE ( .BOTH. , #1925 ) ;
#8844 = EDGE_CURVE ( 'NONE', #6782, #7215, #3558, .T. ) ;
#8845 = AXIS2_PLACEMENT_3D ( 'NONE', #3670, #10590, #4705 ) ;
#8846 = FILL_AREA_STYLE ('',( #1968 ) ) ;
#8847 = LINE ( 'NONE', #1128, #11469 ) ;
#8848 = FACE_OUTER_BOUND ( 'NONE', #8619, .T. ) ;
#8849 = DIRECTION ( 'NONE',  ( 0.0000000000000000000, 0.0000000000000000000, 1.000000000000000000 ) ) ;
#8850 = DIRECTION ( 'NONE',  ( -1.000000000000000000, 0.0000000000000000000, -0.0000000000000000000 ) ) ;
#8851 = DIRECTION ( 'NONE',  ( 0.0000000000000000000, 0.0000000000000000000, 1.000000000000000000 ) ) ;
#8852 = COLOUR_RGB ( '',1.000000000000000000, 1.000000000000000000, 1.000000000000000000 ) ;
#8853 = DIRECTION ( 'NONE',  ( 0.0000000000000000000, 0.0000000000000000000, -1.000000000000000000 ) ) ;
#8854 = FILL_AREA_STYLE_COLOUR ( '', #6291 ) ;
#8855 = PRESENTATION_LAYER_ASSIGNMENT (  '', '', ( #7531 ) ) ;
#8856 = UNCERTAINTY_MEASURE_WITH_UNIT (LENGTH_MEASURE( 1.000000000000000082E-05 ), #11110, 'distance_accuracy_value', 'NONE');
#8857 = AXIS2_PLACEMENT_3D ( 'NONE', #11288, #5395, #12291 ) ;
#8858 = STYLED_ITEM ( 'NONE', ( #10372 ), #3643 ) ;
#8859 = VERTEX_POINT ( 'NONE', #4770 ) ;
#8860 = EDGE_CURVE ( 'NONE', #487, #11889, #11445, .T. ) ;
#8861 = ORIENTED_EDGE ( 'NONE', *, *, #5411, .T. ) ;
#8862 = MECHANICAL_DESIGN_GEOMETRIC_PRESENTATION_REPRESENTATION (  '', ( #6878 ), #9521 ) ;
#8863 = LINE ( 'NONE', #2933, #11173 ) ;
#8864 = CARTESIAN_POINT ( 'NONE',  ( 1.171933149074798175, 0.1000000000000000056, 0.2000076143446563315 ) ) ;
#8865 = VERTEX_POINT ( 'NONE', #7732 ) ;
#8866 = DIRECTION ( 'NONE',  ( 0.0000000000000000000, 1.000000000000000000, -0.0000000000000000000 ) ) ;
#8867 = ORIENTED_EDGE ( 'NONE', *, *, #8984, .T. ) ;
#8868 = DIRECTION ( 'NONE',  ( 0.0000000000000000000, 1.000000000000000000, -0.0000000000000000000 ) ) ;
#8869 = UNCERTAINTY_MEASURE_WITH_UNIT (LENGTH_MEASURE( 1.000000000000000082E-05 ), #8561, 'distance_accuracy_value', 'NONE');
#8870 = PLANE ( 'NONE',  #9527 ) ;
#8871 = FILL_AREA_STYLE ('',( #12747 ) ) ;
#8872 = ORIENTED_EDGE ( 'NONE', *, *, #12267, .F. ) ;
#8873 = STYLED_ITEM ( 'NONE', ( #4760 ), #10721 ) ;
#8874 = EDGE_CURVE ( 'NONE', #3620, #6185, #8510, .T. ) ;
#8875 = EDGE_CURVE ( 'NONE', #1192, #12, #6189, .T. ) ;
#8876 = CARTESIAN_POINT ( 'NONE',  ( 0.8149999999999995026, 0.1000000000000000056, 1.375493264616636679 ) ) ;
#8877 = CARTESIAN_POINT ( 'NONE',  ( -1.197916575926319283, 0.0000000000000000000, 0.0000000000000000000 ) ) ;
#8878 = CARTESIAN_POINT ( 'NONE',  ( -0.7660883464570584778, 0.0000000000000000000, -0.0000000000000000000 ) ) ;
#8879 = FILL_AREA_STYLE ('',( #2987 ) ) ;
#8880 = VERTEX_POINT ( 'NONE', #4817 ) ;
#8881 = SURFACE_STYLE_FILL_AREA ( #1271 ) ;
#8882 = CARTESIAN_POINT ( 'NONE',  ( 0.0000000000000000000, 0.1000000000000000056, 1.500000000000000000 ) ) ;
#8883 = PRESENTATION_LAYER_ASSIGNMENT (  '', '', ( #7560 ) ) ;
#8884 = ORIENTED_EDGE ( 'NONE', *, *, #2303, .T. ) ;
#8885 = DIRECTION ( 'NONE',  ( -1.000000000000000000, 0.0000000000000000000, 0.0000000000000000000 ) ) ;
#8886 = EDGE_LOOP ( 'NONE', ( #1030, #2587, #9544, #11702 ) ) ;
#8887 = ORIENTED_EDGE ( 'NONE', *, *, #11467, .T. ) ;
#8888 = CARTESIAN_POINT ( 'NONE',  ( 0.0000000000000000000, -0.05000000000000000278, -0.07500000000000017764 ) ) ;
#8889 = AXIS2_PLACEMENT_3D ( 'NONE', #3856, #10757, #4869 ) ;
#8890 = MECHANICAL_DESIGN_GEOMETRIC_PRESENTATION_REPRESENTATION (  '', ( #6907 ), #9554 ) ;
#8891 = CARTESIAN_POINT ( 'NONE',  ( -1.134999999999999787, 0.1000000000000000056, 0.0000000000000000000 ) ) ;
#8892 = DIRECTION ( 'NONE',  ( 0.0000000000000000000, 0.0000000000000000000, 1.000000000000000000 ) ) ;
#8893 = DIRECTION ( 'NONE',  ( 0.0000000000000000000, 1.000000000000000000, -0.0000000000000000000 ) ) ;
#8894 = ORIENTED_EDGE ( 'NONE', *, *, #3991, .F. ) ;
#8895 = LINE ( 'NONE', #7629, #986 ) ;
#8896 = DIRECTION ( 'NONE',  ( 0.0000000000000000000, 0.0000000000000000000, 1.000000000000000000 ) ) ;
#8897 = AXIS2_PLACEMENT_3D ( 'NONE', #2562, #12664, #7458 ) ;
#8898 = SURFACE_STYLE_USAGE ( .BOTH. , #1999 ) ;
#8899 = PRESENTATION_STYLE_ASSIGNMENT (( #2217 ) ) ;
#8900 = FILL_AREA_STYLE ('',( #6973 ) ) ;
#8901 = DIRECTION ( 'NONE',  ( 0.0000000000000000000, 0.0000000000000000000, 1.000000000000000000 ) ) ;
#8902 = ORIENTED_EDGE ( 'NONE', *, *, #5810, .F. ) ;
#8903 =( NAMED_UNIT ( * ) PLANE_ANGLE_UNIT ( ) SI_UNIT ( $, .RADIAN. ) );
#8904 = CARTESIAN_POINT ( 'NONE',  ( 1.134999999999999787, -0.05000000000000000278, -1.199999999999999289 ) ) ;
#8905 = EDGE_CURVE ( 'NONE', #3604, #10933, #595, .T. ) ;
#8906 = EDGE_CURVE ( 'NONE', #7091, #5431, #3238, .T. ) ;
#8907 = CIRCLE ( 'NONE', #10736, 0.05920802862897456276 ) ;
#8908 = LINE ( 'NONE', #11654, #3340 ) ;
#8909 = VECTOR ( 'NONE', #10513, 1000.000000000000000 ) ;
#8910 = MECHANICAL_DESIGN_GEOMETRIC_PRESENTATION_REPRESENTATION (  '', ( #6932 ), #9580 ) ;
#8911 = CARTESIAN_POINT ( 'NONE',  ( -0.8149999999999995026, -0.05000000000000000278, 1.649999999999999467 ) ) ;
#8912 = CARTESIAN_POINT ( 'NONE',  ( 1.171933149074798175, 0.1000000000000000056, -0.2000076143446563315 ) ) ;
#8913 = COLOUR_RGB ( '',1.000000000000000000, 1.000000000000000000, 1.000000000000000000 ) ;
#8914 = DIRECTION ( 'NONE',  ( 0.0000000000000000000, -1.000000000000000000, 0.0000000000000000000 ) ) ;
#8915 = SURFACE_SIDE_STYLE ('',( #11679 ) ) ;
#8916 = ORIENTED_EDGE ( 'NONE', *, *, #5207, .T. ) ;
#8917 = VECTOR ( 'NONE', #12081, 1000.000000000000000 ) ;
#8918 = UNCERTAINTY_MEASURE_WITH_UNIT (LENGTH_MEASURE( 1.000000000000000082E-05 ), #4029, 'distance_accuracy_value', 'NONE');
#8919 = AXIS2_PLACEMENT_3D ( 'NONE', #1854, #10571, #11957 ) ;
#8920 =( NAMED_UNIT ( * ) SI_UNIT ( $, .STERADIAN. ) SOLID_ANGLE_UNIT ( ) );
#8921 = MECHANICAL_DESIGN_GEOMETRIC_PRESENTATION_REPRESENTATION (  '', ( #7613 ), #9595 ) ;
#8922 = MECHANICAL_DESIGN_GEOMETRIC_PRESENTATION_REPRESENTATION (  '', ( #7614 ), #9596 ) ;
#8923 = VERTEX_POINT ( 'NONE', #8761 ) ;
#8924 = EDGE_CURVE ( 'NONE', #3465, #9706, #7894, .T. ) ;
#8925 = VERTEX_POINT ( 'NONE', #3845 ) ;
#8926 = FILL_AREA_STYLE_COLOUR ( '', #6888 ) ;
#8927 = CYLINDRICAL_SURFACE ( 'NONE', #3113, 0.09130182425276713032 ) ;
#8928 =( NAMED_UNIT ( * ) PLANE_ANGLE_UNIT ( ) SI_UNIT ( $, .RADIAN. ) );
#8929 = ORIENTED_EDGE ( 'NONE', *, *, #9982, .F. ) ;
#8930 = AXIS2_PLACEMENT_3D ( 'NONE', #9755, #3843, #10743 ) ;
#8931 = COLOUR_RGB ( '',1.000000000000000000, 1.000000000000000000, 1.000000000000000000 ) ;
#8932 = VERTEX_POINT ( 'NONE', #829 ) ;
#8933 = EDGE_CURVE ( 'NONE', #8512, #12808, #10514, .T. ) ;
#8934 = FILL_AREA_STYLE ('',( #7954 ) ) ;
#8935 = DIRECTION ( 'NONE',  ( 0.0000000000000000000, 1.000000000000000000, -0.0000000000000000000 ) ) ;
#8936 =( LENGTH_UNIT ( ) NAMED_UNIT ( * ) SI_UNIT ( .MILLI., .METRE. ) );
#8937 = ORIENTED_EDGE ( 'NONE', *, *, #9393, .F. ) ;
#8938 = LINE ( 'NONE', #1921, #1352 ) ;
#8939 = UNCERTAINTY_MEASURE_WITH_UNIT (LENGTH_MEASURE( 1.000000000000000082E-05 ), #7212, 'distance_accuracy_value', 'NONE');
#8940 = VERTEX_POINT ( 'NONE', #7811 ) ;
#8941 = CARTESIAN_POINT ( 'NONE',  ( 1.134999999999999787, -0.05000000000000000278, -1.416874574924349872 ) ) ;
#8942 = VERTEX_POINT ( 'NONE', #11739 ) ;
#8943 = SURFACE_STYLE_FILL_AREA ( #1770 ) ;
#8944 = ORIENTED_EDGE ( 'NONE', *, *, #12055, .F. ) ;
#8945 = ORIENTED_EDGE ( 'NONE', *, *, #8576, .T. ) ;
#8946 = DIRECTION ( 'NONE',  ( 0.0000000000000000000, 0.0000000000000000000, 1.000000000000000000 ) ) ;
#8947 = ORIENTED_EDGE ( 'NONE', *, *, #11211, .T. ) ;
#8948 = VECTOR ( 'NONE', #1510, 1000.000000000000000 ) ;
#8949 = COLOUR_RGB ( '',1.000000000000000000, 1.000000000000000000, 1.000000000000000000 ) ;
#8950 = EDGE_CURVE ( 'NONE', #3079, #12268, #2923, .T. ) ;
#8951 = MECHANICAL_DESIGN_GEOMETRIC_PRESENTATION_REPRESENTATION (  '', ( #5652 ), #9617 ) ;
#8952 = ORIENTED_EDGE ( 'NONE', *, *, #11575, .T. ) ;
#8953 = FACE_OUTER_BOUND ( 'NONE', #2920, .T. ) ;
#8954 = EDGE_LOOP ( 'NONE', ( #2358, #1267, #12418, #8861 ) ) ;
#8955 = ADVANCED_FACE ( 'NONE', ( #8197 ), #3893, .T. ) ;
#8956 = CARTESIAN_POINT ( 'NONE',  ( 0.5509352637076680992, 0.1000000000000000056, 1.375493264616636457 ) ) ;
#8957 =( LENGTH_UNIT ( ) NAMED_UNIT ( * ) SI_UNIT ( .MILLI., .METRE. ) );
#8958 = CARTESIAN_POINT ( 'NONE',  ( -0.1689977282522470148, 0.1000000000000000056, -1.277681107331943622 ) ) ;
#8959 = COLOUR_RGB ( '',1.000000000000000000, 1.000000000000000000, 1.000000000000000000 ) ;
#8960 = ORIENTED_EDGE ( 'NONE', *, *, #8630, .T. ) ;
#8961 = CARTESIAN_POINT ( 'NONE',  ( 1.171933149074798175, 0.1000000000000000056, 0.2000076143446563315 ) ) ;
#8962 =( NAMED_UNIT ( * ) SI_UNIT ( $, .STERADIAN. ) SOLID_ANGLE_UNIT ( ) );
#8963 = FACE_OUTER_BOUND ( 'NONE', #10941, .T. ) ;
#8964 = PRESENTATION_LAYER_ASSIGNMENT (  '', '', ( #6989 ) ) ;
#8965 = EDGE_LOOP ( 'NONE', ( #10711, #11793, #2450, #3526 ) ) ;
#8966 = CARTESIAN_POINT ( 'NONE',  ( 1.257124604555293956, 0.1000000000000000056, -0.1031605786060936225 ) ) ;
#8967 = VECTOR ( 'NONE', #9220, 1000.000000000000000 ) ;
#8968 = ORIENTED_EDGE ( 'NONE', *, *, #58, .T. ) ;
#8969 = DIRECTION ( 'NONE',  ( 0.0000000000000000000, 0.0000000000000000000, 1.000000000000000000 ) ) ;
#8970 = LINE ( 'NONE', #11698, #3714 ) ;
#8971 = DIRECTION ( 'NONE',  ( 0.0000000000000000000, 0.0000000000000000000, 1.000000000000000000 ) ) ;
#8972 = DIRECTION ( 'NONE',  ( 0.0000000000000000000, 0.0000000000000000000, 1.000000000000000000 ) ) ;
#8973 = VECTOR ( 'NONE', #11185, 1000.000000000000000 ) ;
#8975 = ADVANCED_FACE ( 'NONE', ( #9271 ), #10847, .T. ) ;
#8974 = FILL_AREA_STYLE ('',( #2109 ) ) ;
#8977 = ORIENTED_EDGE ( 'NONE', *, *, #6671, .T. ) ;
#8976 =( NAMED_UNIT ( * ) SI_UNIT ( $, .STERADIAN. ) SOLID_ANGLE_UNIT ( ) );
#8978 = CARTESIAN_POINT ( 'NONE',  ( -0.4849999999999994316, 0.1000000000000000056, 0.0000000000000000000 ) ) ;
#8979 = COLOUR_RGB ( '',1.000000000000000000, 1.000000000000000000, 1.000000000000000000 ) ;
#8980 = PLANE ( 'NONE',  #1714 ) ;
#8981 = MECHANICAL_DESIGN_GEOMETRIC_PRESENTATION_REPRESENTATION (  '', ( #7005 ), #9639 ) ;
#8982 = COLOUR_RGB ( '',1.000000000000000000, 1.000000000000000000, 1.000000000000000000 ) ;
#8983 = AXIS2_PLACEMENT_3D ( 'NONE', #332, #7284, #1346 ) ;
#8984 = EDGE_CURVE ( 'NONE', #7131, #985, #5718, .T. ) ;
#8985 = EDGE_CURVE ( 'NONE', #7616, #10729, #8345, .T. ) ;
#8986 = DIRECTION ( 'NONE',  ( 0.0000000000000000000, 0.0000000000000000000, 1.000000000000000000 ) ) ;
#8987 = LINE ( 'NONE', #11838, #3730 ) ;
#8988 =( GEOMETRIC_REPRESENTATION_CONTEXT ( 3 ) GLOBAL_UNCERTAINTY_ASSIGNED_CONTEXT ( ( #9801 ) ) GLOBAL_UNIT_ASSIGNED_CONTEXT ( ( #4164, #11057, #5171 ) ) REPRESENTATION_CONTEXT ( 'NONE', 'WORKASPACE' ) );
#8989 = CARTESIAN_POINT ( 'NONE',  ( -0.5693055000161476586, 0.1000000000000000056, 1.249999999999999112 ) ) ;
#8990 = DIRECTION ( 'NONE',  ( -0.0000000000000000000, 0.0000000000000000000, 1.000000000000000000 ) ) ;
#8991 = LINE ( 'NONE', #4141, #8693 ) ;
#8992 = SURFACE_STYLE_FILL_AREA ( #2674 ) ;
#8993 = DIRECTION ( 'NONE',  ( 0.0000000000000000000, -1.000000000000000000, 0.0000000000000000000 ) ) ;
#8994 = DIRECTION ( 'NONE',  ( 0.0000000000000000000, 1.000000000000000000, -0.0000000000000000000 ) ) ;
#8995 = CYLINDRICAL_SURFACE ( 'NONE', #2525, 0.05593526370766899181 ) ;
#8996 = SURFACE_STYLE_USAGE ( .BOTH. , #2094 ) ;
#8997 =( GEOMETRIC_REPRESENTATION_CONTEXT ( 3 ) GLOBAL_UNCERTAINTY_ASSIGNED_CONTEXT ( ( #2735 ) ) GLOBAL_UNIT_ASSIGNED_CONTEXT ( ( #4289, #1799, #1098 ) ) REPRESENTATION_CONTEXT ( 'NONE', 'WORKASPACE' ) );
#8998 =( NAMED_UNIT ( * ) PLANE_ANGLE_UNIT ( ) SI_UNIT ( $, .RADIAN. ) );
#8999 = EDGE_CURVE ( 'NONE', #4152, #6140, #430, .T. ) ;
#9000 = DIRECTION ( 'NONE',  ( 0.0000000000000000000, 1.000000000000000000, -0.0000000000000000000 ) ) ;
#9001 = ADVANCED_FACE ( 'NONE', ( #110 ), #6963, .T. ) ;
#9002 = VECTOR ( 'NONE', #4851, 1000.000000000000000 ) ;
#9003 = STYLED_ITEM ( 'NONE', ( #6336 ), #7668 ) ;
#9004 = VECTOR ( 'NONE', #11961, 1000.000000000000000 ) ;
#9005 = DIRECTION ( 'NONE',  ( 0.0000000000000000000, 0.0000000000000000000, 1.000000000000000000 ) ) ;
#9006 = CARTESIAN_POINT ( 'NONE',  ( -1.499999999999999778, 0.1499999999999999944, 1.399999999999999911 ) ) ;
#9007 = UNCERTAINTY_MEASURE_WITH_UNIT (LENGTH_MEASURE( 1.000000000000000082E-05 ), #2378, 'distance_accuracy_value', 'NONE');
#9008 = DIRECTION ( 'NONE',  ( 0.0000000000000000000, -1.000000000000000000, 0.0000000000000000000 ) ) ;
#9009 = VERTEX_POINT ( 'NONE', #12728 ) ;
#9010 = DIRECTION ( 'NONE',  ( -1.000000000000000000, 0.0000000000000000000, 0.0000000000000000000 ) ) ;
#9011 = CARTESIAN_POINT ( 'NONE',  ( -0.8189977282522473701, 0.0000000000000000000, -0.0000000000000000000 ) ) ;
#9012 = CARTESIAN_POINT ( 'NONE',  ( 0.1372400328159084637, 0.1000000000000000056, -1.277681107331943622 ) ) ;
#9013 = STYLED_ITEM ( 'NONE', ( #2723 ), #1825 ) ;
#9014 = SURFACE_STYLE_USAGE ( .BOTH. , #2111 ) ;
#9015 = LINE ( 'NONE', #8480, #11337 ) ;
#9016 = ADVANCED_FACE ( 'NONE', ( #9413 ), #2076, .T. ) ;
#9017 =( GEOMETRIC_REPRESENTATION_CONTEXT ( 3 ) GLOBAL_UNCERTAINTY_ASSIGNED_CONTEXT ( ( #2216 ) ) GLOBAL_UNIT_ASSIGNED_CONTEXT ( ( #7324, #1411, #8322 ) ) REPRESENTATION_CONTEXT ( 'NONE', 'WORKASPACE' ) );
#9018 = SURFACE_STYLE_FILL_AREA ( #9085 ) ;
#9019 =( NAMED_UNIT ( * ) SI_UNIT ( $, .STERADIAN. ) SOLID_ANGLE_UNIT ( ) );
#9020 = ORIENTED_EDGE ( 'NONE', *, *, #9597, .F. ) ;
#9021 = FILL_AREA_STYLE_COLOUR ( '', #10021 ) ;
#9022 = UNCERTAINTY_MEASURE_WITH_UNIT (LENGTH_MEASURE( 1.000000000000000082E-05 ), #11116, 'distance_accuracy_value', 'NONE');
#9023 = STYLED_ITEM ( 'NONE', ( #469 ), #8528 ) ;
#9024 = ORIENTED_EDGE ( 'NONE', *, *, #2961, .T. ) ;
#9025 = COLOUR_RGB ( '',0.7921568627450980005, 0.8196078431372548767, 0.9333333333333333481 ) ;
#9026 = FILL_AREA_STYLE_COLOUR ( '', #6387 ) ;
#9027 = CARTESIAN_POINT ( 'NONE',  ( 0.0000000000000000000, 0.0000000000000000000, -0.07500000000000017764 ) ) ;
#9028 = FILL_AREA_STYLE ('',( #6400 ) ) ;
#9029 = VECTOR ( 'NONE', #8447, 1000.000000000000000 ) ;
#9030 = DIRECTION ( 'NONE',  ( 0.0000000000000000000, 0.0000000000000000000, -1.000000000000000000 ) ) ;
#9031 = CARTESIAN_POINT ( 'NONE',  ( 0.0000000000000000000, -0.05000000000000000278, -1.416874574924349872 ) ) ;
#9032 = ADVANCED_FACE ( 'NONE', ( #7108 ), #3088, .T. ) ;
#9033 = PRESENTATION_LAYER_ASSIGNMENT (  '', '', ( #7719 ) ) ;
#9034 = EDGE_CURVE ( 'NONE', #12175, #10824, #10188, .T. ) ;
#9035 =( GEOMETRIC_REPRESENTATION_CONTEXT ( 3 ) GLOBAL_UNCERTAINTY_ASSIGNED_CONTEXT ( ( #10041 ) ) GLOBAL_UNIT_ASSIGNED_CONTEXT ( ( #1776, #8710, #2768 ) ) REPRESENTATION_CONTEXT ( 'NONE', 'WORKASPACE' ) );
#9036 =( LENGTH_UNIT ( ) NAMED_UNIT ( * ) SI_UNIT ( .MILLI., .METRE. ) );
#9037 = SURFACE_STYLE_USAGE ( .BOTH. , #2133 ) ;
#9038 = CLOSED_SHELL ( 'NONE', ( #8181, #512, #9415, #12588, #9787, #10334, #4540, #8708, #2492, #7149, #6965, #5487, #2488, #8628, #6319, #11047, #2418, #10952, #10311, #5799, #12693, #500, #1450, #9925, #7486, #9994, #6832, #4447, #7812, #7890, #12753, #6436, #369, #1309, #9464, #5235, #12340, #5035, #897, #8117, #7333, #3454, #4395, #1022, #3985, #7007, #2238, #10402, #8072, #9016, #12650, #11611, #8300, #7103, #4601, #9725, #11297, #9144, #10123, #1109, #9490, #5109, #9284, #7841, #3095, #3183, #12448, #1175, #7527, #8821, #2782, #9874, #2224, #4153, #4332, #2841, #11092, #9104, #9202, #3377, #5785, #3061, #833, #7983, #2530, #5840, #1762, #4897, #5612, #3783, #2855, #3123, #4122, #9032, #11362, #8130, #10721, #6775, #10064, #3271, #772, #2081, #4037, #11731, #9969, #831, #7668, #1833, #7921, #8836, #5429, #10107, #4525, #6385, #12711, #9215, #1096, #7736, #3834, #2037, #644, #3390, #8330, #9616, #12575, #3692, #7950, #4089, #10453, #9225, #10985, #3639, #8579, #11285, #4403, #8586, #4192, #2833, #8528, #11919, #9097, #6609, #10760, #5368, #34 ) ) ;
#9039 =( NAMED_UNIT ( * ) SI_UNIT ( $, .STERADIAN. ) SOLID_ANGLE_UNIT ( ) );
#9040 =( GEOMETRIC_REPRESENTATION_CONTEXT ( 3 ) GLOBAL_UNCERTAINTY_ASSIGNED_CONTEXT ( ( #12579 ) ) GLOBAL_UNIT_ASSIGNED_CONTEXT ( ( #11722, #5816, #12710 ) ) REPRESENTATION_CONTEXT ( 'NONE', 'WORKASPACE' ) );
#9041 = PRESENTATION_STYLE_ASSIGNMENT (( #4584 ) ) ;
#9042 = CARTESIAN_POINT ( 'NONE',  ( -0.1060883464570583357, -0.05000000000000000278, 1.320000718934352335 ) ) ;
#9043 = PLANE ( 'NONE',  #4231 ) ;
#9044 = ORIENTED_EDGE ( 'NONE', *, *, #6259, .T. ) ;
#9045 = VECTOR ( 'NONE', #12391, 1000.000000000000000 ) ;
#9046 = DIRECTION ( 'NONE',  ( 0.0000000000000000000, 0.0000000000000000000, -1.000000000000000000 ) ) ;
#9047 = FILL_AREA_STYLE ('',( #11004 ) ) ;
#9048 =( NAMED_UNIT ( * ) SI_UNIT ( $, .STERADIAN. ) SOLID_ANGLE_UNIT ( ) );
#9049 = PRESENTATION_LAYER_ASSIGNMENT (  '', '', ( #7741 ) ) ;
#9050 = CARTESIAN_POINT ( 'NONE',  ( -0.1689977282522470148, -0.05000000000000000278, -1.277681107331943622 ) ) ;
#9051 = CARTESIAN_POINT ( 'NONE',  ( -0.07991409846422234398, -0.05000000000000000278, 1.276162611327208873 ) ) ;
#9052 =( NAMED_UNIT ( * ) PLANE_ANGLE_UNIT ( ) SI_UNIT ( $, .RADIAN. ) );
#9053 = SURFACE_STYLE_FILL_AREA ( #12100 ) ;
#9054 = COLOUR_RGB ( '',1.000000000000000000, 1.000000000000000000, 1.000000000000000000 ) ;
#9055 = PRESENTATION_LAYER_ASSIGNMENT (  '', '', ( #7749 ) ) ;
#9056 = LINE ( 'NONE', #9302, #6442 ) ;
#9057 = DIRECTION ( 'NONE',  ( 1.000000000000000000, 0.0000000000000000000, -0.0000000000000000000 ) ) ;
#9058 = CARTESIAN_POINT ( 'NONE',  ( -1.134999999999999787, -0.05000000000000000278, -1.416874574924349872 ) ) ;
#9059 = FILL_AREA_STYLE ('',( #8090 ) ) ;
#9060 =( NAMED_UNIT ( * ) PLANE_ANGLE_UNIT ( ) SI_UNIT ( $, .RADIAN. ) );
#9061 = SURFACE_STYLE_FILL_AREA ( #10111 ) ;
#9062 = PRESENTATION_LAYER_ASSIGNMENT (  '', '', ( #7757 ) ) ;
#9063 = PRESENTATION_STYLE_ASSIGNMENT (( #1387 ) ) ;
#9064 = ORIENTED_EDGE ( 'NONE', *, *, #484, .F. ) ;
#9065 = ORIENTED_EDGE ( 'NONE', *, *, #9837, .F. ) ;
#9066 = EDGE_CURVE ( 'NONE', #10740, #2240, #5273, .T. ) ;
#9067 = AXIS2_PLACEMENT_3D ( 'NONE', #7370, #1463, #8378 ) ;
#9068 = UNCERTAINTY_MEASURE_WITH_UNIT (LENGTH_MEASURE( 1.000000000000000082E-05 ), #7055, 'distance_accuracy_value', 'NONE');
#9069 = CARTESIAN_POINT ( 'NONE',  ( 0.0000000000000000000, 0.6999999999999998446, 1.191219160478732997 ) ) ;
#9070 = DIRECTION ( 'NONE',  ( 0.0000000000000000000, 1.000000000000000000, -0.0000000000000000000 ) ) ;
#9071 = FILL_AREA_STYLE ('',( #107 ) ) ;
#9072 = COLOUR_RGB ( '',1.000000000000000000, 1.000000000000000000, 1.000000000000000000 ) ;
#9073 = CARTESIAN_POINT ( 'NONE',  ( 0.0000000000000000000, -0.05000000000000000278, -1.649999999999998579 ) ) ;
#9074 = VERTEX_POINT ( 'NONE', #8039 ) ;
#9075 = FILL_AREA_STYLE_COLOUR ( '', #2882 ) ;
#9076 = CIRCLE ( 'NONE', #2481, 0.09130182425276713032 ) ;
#9077 = CIRCLE ( 'NONE', #8857, 0.05920802862897456276 ) ;
#9078 = CARTESIAN_POINT ( 'NONE',  ( 1.171933149074797953, 0.1000000000000000056, -0.2369407634194545809 ) ) ;
#9079 = ORIENTED_EDGE ( 'NONE', *, *, #1276, .T. ) ;
#9080 = CYLINDRICAL_SURFACE ( 'NONE', #1509, 0.03338112451568554795 ) ;
#9081 = ORIENTED_EDGE ( 'NONE', *, *, #6928, .F. ) ;
#9082 = COLOUR_RGB ( '',1.000000000000000000, 1.000000000000000000, 1.000000000000000000 ) ;
#9083 = ORIENTED_EDGE ( 'NONE', *, *, #5040, .F. ) ;
#9084 = DIRECTION ( 'NONE',  ( 0.0000000000000000000, 0.0000000000000000000, 1.000000000000000000 ) ) ;
#9085 = FILL_AREA_STYLE ('',( #1226 ) ) ;
#9086 = VECTOR ( 'NONE', #11519, 1000.000000000000000 ) ;
#9087 = MECHANICAL_DESIGN_GEOMETRIC_PRESENTATION_REPRESENTATION (  '', ( #7118 ), #9757 ) ;
#9088 = PRESENTATION_STYLE_ASSIGNMENT (( #9275 ) ) ;
#9089 = PRESENTATION_LAYER_ASSIGNMENT (  '', '', ( #7120 ) ) ;
#9090 = AXIS2_PLACEMENT_3D ( 'NONE', #10170, #10119, #10081 ) ;
#9091 = DIRECTION ( 'NONE',  ( 0.0000000000000000000, 0.0000000000000000000, -1.000000000000000000 ) ) ;
#9092 = LINE ( 'NONE', #9012, #1197 ) ;
#9093 = EDGE_CURVE ( 'NONE', #7425, #4280, #12802, .T. ) ;
#9094 = VECTOR ( 'NONE', #8564, 1000.000000000000000 ) ;
#9095 = UNCERTAINTY_MEASURE_WITH_UNIT (LENGTH_MEASURE( 1.000000000000000082E-05 ), #3824, 'distance_accuracy_value', 'NONE');
#9096 = CARTESIAN_POINT ( 'NONE',  ( 0.0000000000000000000, -0.05000000000000000278, -1.416874574924349872 ) ) ;
#9097 = ADVANCED_FACE ( 'NONE', ( #7261 ), #162, .T. ) ;
#9098 = ORIENTED_EDGE ( 'NONE', *, *, #11835, .T. ) ;
#9099 = ORIENTED_EDGE ( 'NONE', *, *, #10866, .F. ) ;
#9100 = DIRECTION ( 'NONE',  ( 1.000000000000000000, -0.0000000000000000000, 0.0000000000000000000 ) ) ;
#9101 = CIRCLE ( 'NONE', #4312, 0.03693314907479822162 ) ;
#9102 = ORIENTED_EDGE ( 'NONE', *, *, #2365, .F. ) ;
#9104 = ADVANCED_FACE ( 'NONE', ( #6326 ), #207, .T. ) ;
#9103 = SURFACE_STYLE_USAGE ( .BOTH. , #2202 ) ;
#9105 =( GEOMETRIC_REPRESENTATION_CONTEXT ( 3 ) GLOBAL_UNCERTAINTY_ASSIGNED_CONTEXT ( ( #12423 ) ) GLOBAL_UNIT_ASSIGNED_CONTEXT ( ( #2318, #9222, #3308 ) ) REPRESENTATION_CONTEXT ( 'NONE', 'WORKASPACE' ) );
#9106 = SURFACE_SIDE_STYLE ('',( #10658 ) ) ;
#9107 = DIRECTION ( 'NONE',  ( 0.0000000000000000000, 1.000000000000000000, -0.0000000000000000000 ) ) ;
#9108 = EDGE_LOOP ( 'NONE', ( #10849, #4835, #10887, #12319 ) ) ;
#9109 = LINE ( 'NONE', #1337, #3859 ) ;
#9110 = VECTOR ( 'NONE', #2244, 1000.000000000000000 ) ;
#9111 = ORIENTED_EDGE ( 'NONE', *, *, #8009, .F. ) ;
#9112 = AXIS2_PLACEMENT_3D ( 'NONE', #4748, #11624, #5722 ) ;
#9113 = EDGE_CURVE ( 'NONE', #9783, #6184, #8026, .T. ) ;
#9114 = CARTESIAN_POINT ( 'NONE',  ( 0.1090647362923319458, 0.1000000000000000056, 1.375493264616636457 ) ) ;
#9115 = EDGE_CURVE ( 'NONE', #1881, #9535, #5410, .T. ) ;
#9116 = CARTESIAN_POINT ( 'NONE',  ( -1.540045451220498407, -0.05000000000000000278, 0.07500000000000017764 ) ) ;
#9117 = SURFACE_SIDE_STYLE ('',( #5600 ) ) ;
#9118 =( LENGTH_UNIT ( ) NAMED_UNIT ( * ) SI_UNIT ( .MILLI., .METRE. ) );
#9119 = AXIS2_PLACEMENT_3D ( 'NONE', #127, #7082, #1134 ) ;
#9120 = LINE ( 'NONE', #2984, #1229 ) ;
#9121 = VERTEX_POINT ( 'NONE', #1231 ) ;
#9122 = DIRECTION ( 'NONE',  ( 0.0000000000000000000, 0.0000000000000000000, 1.000000000000000000 ) ) ;
#9123 = ORIENTED_EDGE ( 'NONE', *, *, #6813, .F. ) ;
#9124 = FILL_AREA_STYLE ('',( #186 ) ) ;
#9125 = ORIENTED_EDGE ( 'NONE', *, *, #9287, .T. ) ;
#9126 =( GEOMETRIC_REPRESENTATION_CONTEXT ( 3 ) GLOBAL_UNCERTAINTY_ASSIGNED_CONTEXT ( ( #12166 ) ) GLOBAL_UNIT_ASSIGNED_CONTEXT ( ( #5349, #12238, #6323 ) ) REPRESENTATION_CONTEXT ( 'NONE', 'WORKASPACE' ) );
#9127 = STYLED_ITEM ( 'NONE', ( #12198 ), #5073 ) ;
#9128 = DIRECTION ( 'NONE',  ( 0.0000000000000000000, 0.0000000000000000000, 1.000000000000000000 ) ) ;
#9129 = SURFACE_STYLE_FILL_AREA ( #9059 ) ;
#9130 = CARTESIAN_POINT ( 'NONE',  ( -1.197916575926319283, -0.05000000000000000278, 0.0000000000000000000 ) ) ;
#9131 = ORIENTED_EDGE ( 'NONE', *, *, #6099, .F. ) ;
#9132 = ORIENTED_EDGE ( 'NONE', *, *, #602, .F. ) ;
#9133 = VECTOR ( 'NONE', #9091, 1000.000000000000000 ) ;
#9134 = FACE_OUTER_BOUND ( 'NONE', #8886, .T. ) ;
#9135 = DIRECTION ( 'NONE',  ( 0.0000000000000000000, 1.000000000000000000, -0.0000000000000000000 ) ) ;
#9136 = CARTESIAN_POINT ( 'NONE',  ( -0.7406944999838511734, 0.1000000000000000056, 1.249999999999999112 ) ) ;
#9137 = COLOUR_RGB ( '',1.000000000000000000, 1.000000000000000000, 1.000000000000000000 ) ;
#9138 = DIRECTION ( 'NONE',  ( -1.000000000000000000, 0.0000000000000000000, 0.0000000000000000000 ) ) ;
#9139 = DIRECTION ( 'NONE',  ( 0.0000000000000000000, -1.000000000000000000, 0.0000000000000000000 ) ) ;
#9140 = CARTESIAN_POINT ( 'NONE',  ( 0.7660883464570584778, 0.1000000000000000056, 1.320000718934352335 ) ) ;
#9141 = SURFACE_STYLE_USAGE ( .BOTH. , #2242 ) ;
#9142 = FILL_AREA_STYLE_COLOUR ( '', #2580 ) ;
#9143 = CARTESIAN_POINT ( 'NONE',  ( 0.0000000000000000000, 0.1000000000000000056, -0.3999999999999976907 ) ) ;
#9144 = ADVANCED_FACE ( 'NONE', ( #10341 ), #4285, .F. ) ;
#9145 = COLOUR_RGB ( '',1.000000000000000000, 1.000000000000000000, 1.000000000000000000 ) ;
#9146 = ORIENTED_EDGE ( 'NONE', *, *, #6446, .T. ) ;
#9147 = EDGE_CURVE ( 'NONE', #6897, #11019, #9399, .T. ) ;
#9148 = EDGE_CURVE ( 'NONE', #2715, #1881, #6778, .T. ) ;
#9149 = VECTOR ( 'NONE', #7220, 1000.000000000000000 ) ;
#9150 = PRESENTATION_LAYER_ASSIGNMENT (  '', '', ( #8507 ) ) ;
#9151 =( NAMED_UNIT ( * ) SI_UNIT ( $, .STERADIAN. ) SOLID_ANGLE_UNIT ( ) );
#9152 = DIRECTION ( 'NONE',  ( 0.0000000000000000000, -1.000000000000000000, 0.0000000000000000000 ) ) ;
#9153 = VECTOR ( 'NONE', #5239, 1000.000000000000000 ) ;
#9154 = ORIENTED_EDGE ( 'NONE', *, *, #2500, .F. ) ;
#9155 = ORIENTED_EDGE ( 'NONE', *, *, #7174, .F. ) ;
#9156 = DIRECTION ( 'NONE',  ( 0.0000000000000000000, 0.0000000000000000000, -1.000000000000000000 ) ) ;
#9157 = ADVANCED_FACE ( 'NONE', ( #11713 ), #5553, .F. ) ;
#9158 = LINE ( 'NONE', #11754, #11791 ) ;
#9159 = FILL_AREA_STYLE ('',( #12680 ) ) ;
#9160 = PLANE ( 'NONE',  #11853 ) ;
#9161 = SURFACE_SIDE_STYLE ('',( #10355 ) ) ;
#9162 = FACE_OUTER_BOUND ( 'NONE', #7666, .T. ) ;
#9163 = AXIS2_PLACEMENT_3D ( 'NONE', #9553, #8563, #4618 ) ;
#9164 = UNCERTAINTY_MEASURE_WITH_UNIT (LENGTH_MEASURE( 1.000000000000000082E-05 ), #11087, 'distance_accuracy_value', 'NONE');
#9165 =( GEOMETRIC_REPRESENTATION_CONTEXT ( 3 ) GLOBAL_UNCERTAINTY_ASSIGNED_CONTEXT ( ( #676 ) ) GLOBAL_UNIT_ASSIGNED_CONTEXT ( ( #10314, #4429, #11302 ) ) REPRESENTATION_CONTEXT ( 'NONE', 'WORKASPACE' ) );
#9166 = MECHANICAL_DESIGN_GEOMETRIC_PRESENTATION_REPRESENTATION (  '', ( #7191 ), #9819 ) ;
#9167 = ORIENTED_EDGE ( 'NONE', *, *, #12004, .T. ) ;
#9168 = EDGE_CURVE ( 'NONE', #5174, #12010, #8167, .T. ) ;
#9169 = AXIS2_PLACEMENT_3D ( 'NONE', #661, #7609, #1684 ) ;
#9170 = SURFACE_STYLE_USAGE ( .BOTH. , #2264 ) ;
#9171 = EDGE_CURVE ( 'NONE', #8678, #3604, #3208, .T. ) ;
#9172 = ORIENTED_EDGE ( 'NONE', *, *, #3273, .F. ) ;
#9173 = DIRECTION ( 'NONE',  ( 0.0000000000000000000, 0.0000000000000000000, 1.000000000000000000 ) ) ;
#9174 = LINE ( 'NONE', #7480, #4254 ) ;
#9175 = DIRECTION ( 'NONE',  ( 0.0000000000000000000, -1.000000000000000000, 0.0000000000000000000 ) ) ;
#9176 = CARTESIAN_POINT ( 'NONE',  ( 1.134999999999999787, 0.0000000000000000000, 0.0000000000000000000 ) ) ;
#9177 = VERTEX_POINT ( 'NONE', #10307 ) ;
#9178 = FACE_OUTER_BOUND ( 'NONE', #4007, .T. ) ;
#9179 =( LENGTH_UNIT ( ) NAMED_UNIT ( * ) SI_UNIT ( .MILLI., .METRE. ) );
#9180 = DIRECTION ( 'NONE',  ( 0.0000000000000000000, 0.0000000000000000000, 1.000000000000000000 ) ) ;
#9181 = CARTESIAN_POINT ( 'NONE',  ( 0.0000000000000000000, 0.1000000000000000056, -1.277681107331943622 ) ) ;
#9182 = DIRECTION ( 'NONE',  ( 0.0000000000000000000, 0.0000000000000000000, 1.000000000000000000 ) ) ;
#9183 = DIRECTION ( 'NONE',  ( 0.0000000000000000000, 0.0000000000000000000, -1.000000000000000000 ) ) ;
#9184 = FILL_AREA_STYLE ('',( #9998 ) ) ;
#9185 = ORIENTED_EDGE ( 'NONE', *, *, #1700, .F. ) ;
#9186 = VECTOR ( 'NONE', #3992, 1000.000000000000000 ) ;
#9187 = CARTESIAN_POINT ( 'NONE',  ( 0.0000000000000000000, 0.1000000000000000056, -1.277681107331943622 ) ) ;
#9188 = EDGE_CURVE ( 'NONE', #6622, #4797, #10490, .T. ) ;
#9189 = PLANE ( 'NONE',  #5699 ) ;
#9190 = AXIS2_PLACEMENT_3D ( 'NONE', #3496, #10413, #4537 ) ;
#9191 = PRESENTATION_STYLE_ASSIGNMENT (( #2479 ) ) ;
#9192 = CYLINDRICAL_SURFACE ( 'NONE', #3490, 0.1441859702731563275 ) ;
#9193 = FILL_AREA_STYLE ('',( #12137 ) ) ;
#9194 = CARTESIAN_POINT ( 'NONE',  ( 1.171933149074797953, -0.05000000000000000278, -0.2369407634194545809 ) ) ;
#9195 = VERTEX_POINT ( 'NONE', #5408 ) ;
#9196 = DIRECTION ( 'NONE',  ( 0.0000000000000000000, 0.0000000000000000000, 1.000000000000000000 ) ) ;
#9197 = VECTOR ( 'NONE', #5646, 1000.000000000000000 ) ;
#9198 = CARTESIAN_POINT ( 'NONE',  ( 0.4810022717477533405, 0.1000000000000000056, -1.500000000000000000 ) ) ;
#9199 = ORIENTED_EDGE ( 'NONE', *, *, #12743, .T. ) ;
#9200 = PRESENTATION_LAYER_ASSIGNMENT (  '', '', ( #8554 ) ) ;
#9201 = EDGE_CURVE ( 'NONE', #1922, #10387, #247, .T. ) ;
#9202 = ADVANCED_FACE ( 'NONE', ( #10794 ), #7369, .T. ) ;
#9203 = MECHANICAL_DESIGN_GEOMETRIC_PRESENTATION_REPRESENTATION (  '', ( #7903 ), #9867 ) ;
#9204 = SURFACE_SIDE_STYLE ('',( #172 ) ) ;
#9205 = DIRECTION ( 'NONE',  ( 0.0000000000000000000, -1.000000000000000000, 0.0000000000000000000 ) ) ;
#9206 = CARTESIAN_POINT ( 'NONE',  ( 1.197916575926319283, -0.05000000000000000278, 0.2000076143446563315 ) ) ;
#9207 = VERTEX_POINT ( 'NONE', #434 ) ;
#9208 = CIRCLE ( 'NONE', #9416, 0.03693314907479819387 ) ;
#9209 = SURFACE_STYLE_USAGE ( .BOTH. , #2309 ) ;
#9210 = DIRECTION ( 'NONE',  ( 0.0000000000000000000, 1.000000000000000000, -0.0000000000000000000 ) ) ;
#9211 = SURFACE_STYLE_USAGE ( .BOTH. , #426 ) ;
#9212 = CARTESIAN_POINT ( 'NONE',  ( 1.162759967184092247, 0.1000000000000000056, 0.0000000000000000000 ) ) ;
#9213 = SURFACE_STYLE_FILL_AREA ( #9802 ) ;
#9214 = VECTOR ( 'NONE', #9205, 1000.000000000000000 ) ;
#9215 = ADVANCED_FACE ( 'NONE', ( #9241 ), #8318, .T. ) ;
#9216 = CARTESIAN_POINT ( 'NONE',  ( 0.0000000000000000000, -0.05000000000000000278, 1.649999999999999467 ) ) ;
#9217 = ORIENTED_EDGE ( 'NONE', *, *, #8539, .F. ) ;
#9219 = VERTEX_POINT ( 'NONE', #8450 ) ;
#9218 = MECHANICAL_DESIGN_GEOMETRIC_PRESENTATION_REPRESENTATION (  '', ( #7920 ), #9888 ) ;
#9220 = DIRECTION ( 'NONE',  ( 0.0000000000000000000, -1.000000000000000000, 0.0000000000000000000 ) ) ;
#9221 = MECHANICAL_DESIGN_GEOMETRIC_PRESENTATION_REPRESENTATION (  '', ( #7248 ), #9889 ) ;
#9223 = EDGE_CURVE ( 'NONE', #287, #10407, #714, .T. ) ;
#9222 =( NAMED_UNIT ( * ) PLANE_ANGLE_UNIT ( ) SI_UNIT ( $, .RADIAN. ) );
#9225 = ADVANCED_FACE ( 'NONE', ( #6933 ), #12336, .F. ) ;
#9224 = DIRECTION ( 'NONE',  ( 0.0000000000000000000, 1.000000000000000000, -0.0000000000000000000 ) ) ;
#9226 =( NAMED_UNIT ( * ) PLANE_ANGLE_UNIT ( ) SI_UNIT ( $, .RADIAN. ) );
#9227 = EDGE_CURVE ( 'NONE', #8704, #12058, #9997, .T. ) ;
#9228 = FACE_OUTER_BOUND ( 'NONE', #5083, .T. ) ;
#9229 = SURFACE_STYLE_FILL_AREA ( #3605 ) ;
#9230 = PRESENTATION_LAYER_ASSIGNMENT (  '', '', ( #8578 ) ) ;
#9231 = ORIENTED_EDGE ( 'NONE', *, *, #4561, .F. ) ;
#9232 = PRESENTATION_STYLE_ASSIGNMENT (( #3562 ) ) ;
#9233 = ORIENTED_EDGE ( 'NONE', *, *, #12225, .F. ) ;
#9234 =( NAMED_UNIT ( * ) PLANE_ANGLE_UNIT ( ) SI_UNIT ( $, .RADIAN. ) );
#9235 = ORIENTED_EDGE ( 'NONE', *, *, #8049, .F. ) ;
#9236 = EDGE_LOOP ( 'NONE', ( #9652, #2588, #822, #5993 ) ) ;
#9237 = FACE_OUTER_BOUND ( 'NONE', #4587, .T. ) ;
#9238 = ORIENTED_EDGE ( 'NONE', *, *, #10916, .T. ) ;
#9239 =( GEOMETRIC_REPRESENTATION_CONTEXT ( 3 ) GLOBAL_UNCERTAINTY_ASSIGNED_CONTEXT ( ( #9400 ) ) GLOBAL_UNIT_ASSIGNED_CONTEXT ( ( #1358, #11505, #11634 ) ) REPRESENTATION_CONTEXT ( 'NONE', 'WORKASPACE' ) );
#9240 = CYLINDRICAL_SURFACE ( 'NONE', #4990, 0.1000000000000000472 ) ;
#9241 = FACE_OUTER_BOUND ( 'NONE', #8965, .T. ) ;
#9242 = UNCERTAINTY_MEASURE_WITH_UNIT (LENGTH_MEASURE( 1.000000000000000082E-05 ), #12313, 'distance_accuracy_value', 'NONE');
#9243 = SURFACE_STYLE_USAGE ( .BOTH. , #2331 ) ;
#9244 = CARTESIAN_POINT ( 'NONE',  ( 0.0000000000000000000, 0.1000000000000000056, 0.2000076143446563315 ) ) ;
#9245 = VECTOR ( 'NONE', #6251, 1000.000000000000000 ) ;
#9246 = VERTEX_POINT ( 'NONE', #9489 ) ;
#9247 = CARTESIAN_POINT ( 'NONE',  ( -0.7660883464570584778, -0.05000000000000000278, 1.320000718934352335 ) ) ;
#9248 = SURFACE_STYLE_USAGE ( .BOTH. , #9330 ) ;
#9249 = FILL_AREA_STYLE_COLOUR ( '', #942 ) ;
#9250 = CARTESIAN_POINT ( 'NONE',  ( -1.135000000000004894, 0.1000000000000000056, -2.485305147012454610E-14 ) ) ;
#9251 = AXIS2_PLACEMENT_3D ( 'NONE', #8081, #8000, #7214 ) ;
#9252 = ORIENTED_EDGE ( 'NONE', *, *, #1421, .T. ) ;
#9253 = ORIENTED_EDGE ( 'NONE', *, *, #12125, .F. ) ;
#9254 = ORIENTED_EDGE ( 'NONE', *, *, #4595, .T. ) ;
#9255 = ORIENTED_EDGE ( 'NONE', *, *, #5613, .F. ) ;
#9256 = PRESENTATION_LAYER_ASSIGNMENT (  '', '', ( #7945 ) ) ;
#9257 =( NAMED_UNIT ( * ) PLANE_ANGLE_UNIT ( ) SI_UNIT ( $, .RADIAN. ) );
#9258 = DIRECTION ( 'NONE',  ( 0.0000000000000000000, -1.000000000000000000, 0.0000000000000000000 ) ) ;
#9259 = FILL_AREA_STYLE_COLOUR ( '', #8913 ) ;
#9260 = CARTESIAN_POINT ( 'NONE',  ( -1.291219160478732864, 0.7190808995376544166, 1.289381878823499417 ) ) ;
#9261 =( NAMED_UNIT ( * ) PLANE_ANGLE_UNIT ( ) SI_UNIT ( $, .RADIAN. ) );
#9262 = UNCERTAINTY_MEASURE_WITH_UNIT (LENGTH_MEASURE( 1.000000000000000082E-05 ), #9637, 'distance_accuracy_value', 'NONE');
#9263 = CARTESIAN_POINT ( 'NONE',  ( 0.7912377610681550211, 0.0000000000000000000, -1.416874574924349872 ) ) ;
#9264 = FILL_AREA_STYLE_COLOUR ( '', #3833 ) ;
#9265 = VECTOR ( 'NONE', #2439, 1000.000000000000000 ) ;
#9266 = EDGE_LOOP ( 'NONE', ( #11056, #9670, #12307, #6276 ) ) ;
#9267 = MECHANICAL_DESIGN_GEOMETRIC_PRESENTATION_REPRESENTATION (  '', ( #5322 ), #9924 ) ;
#9268 = DIRECTION ( 'NONE',  ( 0.0000000000000000000, -1.000000000000000000, 0.0000000000000000000 ) ) ;
#9269 = CARTESIAN_POINT ( 'NONE',  ( 0.5509352637076680992, -0.05000000000000000278, 1.375493264616636457 ) ) ;
#9270 = FACE_OUTER_BOUND ( 'NONE', #1537, .T. ) ;
#9271 = FACE_OUTER_BOUND ( 'NONE', #12366, .T. ) ;
#9272 = CARTESIAN_POINT ( 'NONE',  ( 1.162759967184092247, -0.05000000000000000278, 0.0000000000000000000 ) ) ;
#9273 = VECTOR ( 'NONE', #2187, 1000.000000000000000 ) ;
#9274 = DIRECTION ( 'NONE',  ( 0.0000000000000000000, 0.0000000000000000000, 1.000000000000000000 ) ) ;
#9275 = SURFACE_STYLE_USAGE ( .BOTH. , #2366 ) ;
#9276 = PRESENTATION_LAYER_ASSIGNMENT (  '', '', ( #9928 ) ) ;
#9277 = PLANE ( 'NONE',  #3719 ) ;
#9279 = ORIENTED_EDGE ( 'NONE', *, *, #12178, .T. ) ;
#9278 = DIRECTION ( 'NONE',  ( 0.0000000000000000000, 0.0000000000000000000, 1.000000000000000000 ) ) ;
#9280 = COLOUR_RGB ( '',1.000000000000000000, 1.000000000000000000, 1.000000000000000000 ) ;
#9281 = ORIENTED_EDGE ( 'NONE', *, *, #883, .T. ) ;
#9282 = VECTOR ( 'NONE', #7294, 1000.000000000000000 ) ;
#9283 = ORIENTED_EDGE ( 'NONE', *, *, #11513, .F. ) ;
#9284 = ADVANCED_FACE ( 'NONE', ( #9698 ), #4560, .T. ) ;
#9285 = VECTOR ( 'NONE', #4256, 1000.000000000000000 ) ;
#9286 = PRESENTATION_LAYER_ASSIGNMENT (  '', '', ( #7971 ) ) ;
#9287 = EDGE_CURVE ( 'NONE', #12820, #10839, #6143, .T. ) ;
#9288 = SURFACE_STYLE_USAGE ( .BOTH. , #2377 ) ;
#9289 = LINE ( 'NONE', #5953, #11599 ) ;
#9290 = COLOUR_RGB ( '',1.000000000000000000, 1.000000000000000000, 1.000000000000000000 ) ;
#9291 = ORIENTED_EDGE ( 'NONE', *, *, #1910, .T. ) ;
#9292 =( NAMED_UNIT ( * ) PLANE_ANGLE_UNIT ( ) SI_UNIT ( $, .RADIAN. ) );
#9293 = CARTESIAN_POINT ( 'NONE',  ( 0.0000000000000000000, 0.1000000000000000056, -1.277681107331943622 ) ) ;
#9294 =( LENGTH_UNIT ( ) NAMED_UNIT ( * ) SI_UNIT ( .MILLI., .METRE. ) );
#9295 = PRESENTATION_LAYER_ASSIGNMENT (  '', '', ( #9941 ) ) ;
#9296 = LINE ( 'NONE', #11184, #4043 ) ;
#9297 = DIRECTION ( 'NONE',  ( 0.0000000000000000000, 0.0000000000000000000, -1.000000000000000000 ) ) ;
#9298 = CARTESIAN_POINT ( 'NONE',  ( 0.0000000000000000000, 0.1000000000000000056, 1.649999999999999467 ) ) ;
#9299 = DIRECTION ( 'NONE',  ( 0.0000000000000000000, 0.0000000000000000000, 1.000000000000000000 ) ) ;
#9300 = VERTEX_POINT ( 'NONE', #12515 ) ;
#9301 = LINE ( 'NONE', #6404, #1723 ) ;
#9302 = CARTESIAN_POINT ( 'NONE',  ( -1.257124604555293956, 0.1000000000000000056, -0.1031605786060936225 ) ) ;
#9303 = AXIS2_PLACEMENT_3D ( 'NONE', #10010, #4115, #11017 ) ;
#9304 = CARTESIAN_POINT ( 'NONE',  ( 0.0000000000000000000, -0.05000000000000000278, 0.1031605786060936225 ) ) ;
#9305 = VECTOR ( 'NONE', #3418, 1000.000000000000000 ) ;
#9306 = CARTESIAN_POINT ( 'NONE',  ( 0.1160883464570598989, 0.1000000000000000056, 1.320000718934352335 ) ) ;
#9307 = MECHANICAL_DESIGN_GEOMETRIC_PRESENTATION_REPRESENTATION (  '', ( #6654 ), #9951 ) ;
#9308 = VECTOR ( 'NONE', #5123, 1000.000000000000000 ) ;
#9309 = DIRECTION ( 'NONE',  ( 0.0000000000000000000, 0.0000000000000000000, 1.000000000000000000 ) ) ;
#9310 = EDGE_LOOP ( 'NONE', ( #8001, #3878, #5559, #7917 ) ) ;
#9311 = CARTESIAN_POINT ( 'NONE',  ( -1.197916575926319283, 0.1000000000000000056, 0.0000000000000000000 ) ) ;
#9312 = CARTESIAN_POINT ( 'NONE',  ( -0.7912377610681550211, 0.1000000000000000056, 0.0000000000000000000 ) ) ;
#9313 = FILL_AREA_STYLE ('',( #381 ) ) ;
#9314 = DIRECTION ( 'NONE',  ( 0.0000000000000000000, 1.000000000000000000, -0.0000000000000000000 ) ) ;
#9315 = DIRECTION ( 'NONE',  ( 0.0000000000000000000, 0.0000000000000000000, -1.000000000000000000 ) ) ;
#9316 = CIRCLE ( 'NONE', #9303, 0.03338112451568553407 ) ;
#9317 = UNCERTAINTY_MEASURE_WITH_UNIT (LENGTH_MEASURE( 1.000000000000000082E-05 ), #6905, 'distance_accuracy_value', 'NONE');
#9318 = FILL_AREA_STYLE ('',( #11257 ) ) ;
#9319 = STYLED_ITEM ( 'NONE', ( #11809 ), #455 ) ;
#9320 = SURFACE_SIDE_STYLE ('',( #4528 ) ) ;
#9321 = VERTEX_POINT ( 'NONE', #7597 ) ;
#9322 = CARTESIAN_POINT ( 'NONE',  ( 0.8149999999999995026, 0.1000000000000000056, 0.0000000000000000000 ) ) ;
#9323 = EDGE_CURVE ( 'NONE', #11837, #94, #865, .T. ) ;
#9324 =( GEOMETRIC_REPRESENTATION_CONTEXT ( 3 ) GLOBAL_UNCERTAINTY_ASSIGNED_CONTEXT ( ( #7933 ) ) GLOBAL_UNIT_ASSIGNED_CONTEXT ( ( #10091, #4203, #11090 ) ) REPRESENTATION_CONTEXT ( 'NONE', 'WORKASPACE' ) );
#9325 = CIRCLE ( 'NONE', #2915, 0.03338112451568553407 ) ;
#9326 = DIRECTION ( 'NONE',  ( 1.000000000000000000, -0.0000000000000000000, 0.0000000000000000000 ) ) ;
#9327 =( NAMED_UNIT ( * ) SI_UNIT ( $, .STERADIAN. ) SOLID_ANGLE_UNIT ( ) );
#9328 = LINE ( 'NONE', #8144, #1449 ) ;
#9329 = FILL_AREA_STYLE_COLOUR ( '', #11757 ) ;
#9330 = SURFACE_SIDE_STYLE ('',( #8002 ) ) ;
#9331 = EDGE_LOOP ( 'NONE', ( #5494, #3294, #3930, #5922 ) ) ;
#9332 = UNCERTAINTY_MEASURE_WITH_UNIT (LENGTH_MEASURE( 1.000000000000000082E-05 ), #3349, 'distance_accuracy_value', 'NONE');
#9333 = ORIENTED_EDGE ( 'NONE', *, *, #1196, .F. ) ;
#9334 = DIRECTION ( 'NONE',  ( 0.0000000000000000000, 0.0000000000000000000, 1.000000000000000000 ) ) ;
#9335 = FILL_AREA_STYLE_COLOUR ( '', #5340 ) ;
#9336 = CARTESIAN_POINT ( 'NONE',  ( -1.507075080061872185, 0.1000000000000000056, 0.1031605786060936225 ) ) ;
#9337 = ORIENTED_EDGE ( 'NONE', *, *, #4829, .T. ) ;
#9338 = MECHANICAL_DESIGN_GEOMETRIC_PRESENTATION_REPRESENTATION (  '', ( #7347 ), #9978 ) ;
#9339 = CIRCLE ( 'NONE', #10034, 0.09130182425276713032 ) ;
#9340 = MECHANICAL_DESIGN_GEOMETRIC_PRESENTATION_REPRESENTATION (  '', ( #8028 ), #9981 ) ;
#9341 = CARTESIAN_POINT ( 'NONE',  ( 1.162759967184092247, -0.05000000000000000278, -1.416874574924349872 ) ) ;
#9342 = EDGE_CURVE ( 'NONE', #7895, #3543, #3516, .T. ) ;
#9343 = LINE ( 'NONE', #10356, #1761 ) ;
#9344 =( NAMED_UNIT ( * ) SI_UNIT ( $, .STERADIAN. ) SOLID_ANGLE_UNIT ( ) );
#9345 = MECHANICAL_DESIGN_GEOMETRIC_PRESENTATION_REPRESENTATION (  '', ( #7355 ), #9992 ) ;
#9346 = MECHANICAL_DESIGN_GEOMETRIC_PRESENTATION_REPRESENTATION (  '', ( #7356 ), #9995 ) ;
#9347 = CARTESIAN_POINT ( 'NONE',  ( -1.134999999999999787, 0.1000000000000000056, -1.416874574924349872 ) ) ;
#9348 = DIRECTION ( 'NONE',  ( 1.000000000000000000, -0.0000000000000000000, 0.0000000000000000000 ) ) ;
#9349 = PRESENTATION_STYLE_ASSIGNMENT (( #337 ) ) ;
#9350 = ORIENTED_EDGE ( 'NONE', *, *, #10758, .F. ) ;
#9351 = VECTOR ( 'NONE', #810, 1000.000000000000000 ) ;
#9352 = CARTESIAN_POINT ( 'NONE',  ( -0.1412377610681545548, 0.1000000000000000056, 0.0000000000000000000 ) ) ;
#9353 = CARTESIAN_POINT ( 'NONE',  ( -1.197916575926319283, 0.1000000000000000056, -0.2000076143446563315 ) ) ;
#9354 = FILL_AREA_STYLE ('',( #8376 ) ) ;
#9355 = VECTOR ( 'NONE', #11222, 1000.000000000000000 ) ;
#9356 = EDGE_CURVE ( 'NONE', #3235, #10939, #8464, .T. ) ;
#9357 = CARTESIAN_POINT ( 'NONE',  ( 0.0000000000000000000, 0.1000000000000000056, -1.199999999999999289 ) ) ;
#9358 = EDGE_CURVE ( 'NONE', #4326, #4569, #8774, .T. ) ;
#9359 = ORIENTED_EDGE ( 'NONE', *, *, #9478, .F. ) ;
#9361 = FILL_AREA_STYLE_COLOUR ( '', #1034 ) ;
#9360 = CIRCLE ( 'NONE', #6556, 0.05593526370766899181 ) ;
#9362 = STYLED_ITEM ( 'NONE', ( #3067 ), #9001 ) ;
#9363 = FILL_AREA_STYLE ('',( #450 ) ) ;
#9364 = FILL_AREA_STYLE ('',( #8395 ) ) ;
#9365 = ORIENTED_EDGE ( 'NONE', *, *, #1243, .T. ) ;
#9366 = PRESENTATION_STYLE_ASSIGNMENT (( #7521 ) ) ;
#9367 = LINE ( 'NONE', #6899, #6745 ) ;
#9368 = CARTESIAN_POINT ( 'NONE',  ( 0.7660883464570584778, -0.05000000000000000278, 0.0000000000000000000 ) ) ;
#9369 = AXIS2_PLACEMENT_3D ( 'NONE', #5141, #12017, #6104 ) ;
#9370 =( NAMED_UNIT ( * ) SI_UNIT ( $, .STERADIAN. ) SOLID_ANGLE_UNIT ( ) );
#9371 = CARTESIAN_POINT ( 'NONE',  ( -1.650000000000000355, -0.05000000000000000278, 0.07500000000000017764 ) ) ;
#9372 = LINE ( 'NONE', #1398, #1502 ) ;
#9373 = DIRECTION ( 'NONE',  ( 0.0000000000000000000, 0.0000000000000000000, -1.000000000000000000 ) ) ;
#9374 = PRESENTATION_STYLE_ASSIGNMENT (( #4707 ) ) ;
#9375 = COLOUR_RGB ( '',0.7921568627450980005, 0.8196078431372548767, 0.9333333333333333481 ) ;
#9376 = ORIENTED_EDGE ( 'NONE', *, *, #9763, .T. ) ;
#9377 = ORIENTED_EDGE ( 'NONE', *, *, #9603, .T. ) ;
#9378 =( LENGTH_UNIT ( ) NAMED_UNIT ( * ) SI_UNIT ( .MILLI., .METRE. ) );
#9379 =( NAMED_UNIT ( * ) PLANE_ANGLE_UNIT ( ) SI_UNIT ( $, .RADIAN. ) );
#9380 = ORIENTED_EDGE ( 'NONE', *, *, #12362, .F. ) ;
#9381 = CARTESIAN_POINT ( 'NONE',  ( 1.197916575926319283, 0.0000000000000000000, -0.1623686072350682963 ) ) ;
#9382 = COLOUR_RGB ( '',1.000000000000000000, 1.000000000000000000, 1.000000000000000000 ) ;
#9383 = CARTESIAN_POINT ( 'NONE',  ( 0.08991409846422389329, 0.1000000000000000056, 1.276162611327208873 ) ) ;
#9384 = ORIENTED_EDGE ( 'NONE', *, *, #5678, .T. ) ;
#9385 = CARTESIAN_POINT ( 'NONE',  ( 0.4949999999999992184, 0.1000000000000000056, 0.0000000000000000000 ) ) ;
#9386 = EDGE_LOOP ( 'NONE', ( #5142, #54, #7778, #11187 ) ) ;
#9387 = MECHANICAL_DESIGN_GEOMETRIC_PRESENTATION_REPRESENTATION (  '', ( #7418 ), #10053 ) ;
#9389 = EDGE_CURVE ( 'NONE', #12586, #12268, #5834, .T. ) ;
#9388 = DIRECTION ( 'NONE',  ( -1.000000000000000000, 0.0000000000000000000, 0.0000000000000000000 ) ) ;
#9390 = LINE ( 'NONE', #11138, #1518 ) ;
#9391 = ORIENTED_EDGE ( 'NONE', *, *, #6168, .T. ) ;
#9392 = DIRECTION ( 'NONE',  ( 0.0000000000000000000, 0.0000000000000000000, -1.000000000000000000 ) ) ;
#9393 = EDGE_CURVE ( 'NONE', #9472, #9300, #10778, .T. ) ;
#9394 =( LENGTH_UNIT ( ) NAMED_UNIT ( * ) SI_UNIT ( .MILLI., .METRE. ) );
#9395 = CARTESIAN_POINT ( 'NONE',  ( 1.650000000000000355, 0.1000000000000000056, 0.0000000000000000000 ) ) ;
#9396 = ORIENTED_EDGE ( 'NONE', *, *, #10309, .F. ) ;
#9397 = FACE_OUTER_BOUND ( 'NONE', #2693, .T. ) ;
#9398 = AXIS2_PLACEMENT_3D ( 'NONE', #3422, #10327, #4442 ) ;
#9399 = LINE ( 'NONE', #10232, #1823 ) ;
#9400 = UNCERTAINTY_MEASURE_WITH_UNIT (LENGTH_MEASURE( 1.000000000000000082E-05 ), #1358, 'distance_accuracy_value', 'NONE');
#9401 = CARTESIAN_POINT ( 'NONE',  ( 0.08991409846422389329, 0.0000000000000000000, 1.276162611327208873 ) ) ;
#9402 = EDGE_CURVE ( 'NONE', #6683, #4280, #8156, .T. ) ;
#9403 = LINE ( 'NONE', #5601, #9094 ) ;
#9404 = VERTEX_POINT ( 'NONE', #5691 ) ;
#9405 = ORIENTED_EDGE ( 'NONE', *, *, #4389, .F. ) ;
#9406 = LINE ( 'NONE', #6076, #1529 ) ;
#9407 = VECTOR ( 'NONE', #4562, 1000.000000000000000 ) ;
#9408 = VERTEX_POINT ( 'NONE', #733 ) ;
#9409 = PLANE ( 'NONE',  #1890 ) ;
#9410 = CARTESIAN_POINT ( 'NONE',  ( 0.1650000000000009237, 0.0000000000000000000, -0.0000000000000000000 ) ) ;
#9411 = PRESENTATION_STYLE_ASSIGNMENT (( #1428 ) ) ;
#9412 = CARTESIAN_POINT ( 'NONE',  ( 0.0000000000000000000, 0.1000000000000000056, -1.416874574924349872 ) ) ;
#9413 = FACE_OUTER_BOUND ( 'NONE', #11236, .T. ) ;
#9414 = ORIENTED_EDGE ( 'NONE', *, *, #3608, .T. ) ;
#9415 = ADVANCED_FACE ( 'NONE', ( #10472 ), #5651, .T. ) ;
#9416 = AXIS2_PLACEMENT_3D ( 'NONE', #9078, #3152, #10073 ) ;
#9417 = MECHANICAL_DESIGN_GEOMETRIC_PRESENTATION_REPRESENTATION (  '', ( #8098 ), #10070 ) ;
#9418 = EDGE_CURVE ( 'NONE', #392, #10535, #6916, .T. ) ;
#9419 = ORIENTED_EDGE ( 'NONE', *, *, #12704, .F. ) ;
#9420 = VECTOR ( 'NONE', #2299, 1000.000000000000000 ) ;
#9421 = UNCERTAINTY_MEASURE_WITH_UNIT (LENGTH_MEASURE( 1.000000000000000082E-05 ), #7319, 'distance_accuracy_value', 'NONE');
#9422 = LINE ( 'NONE', #9006, #4807 ) ;
#9423 = CARTESIAN_POINT ( 'NONE',  ( 1.171933149074797953, -0.05000000000000000278, 0.2369407634194545809 ) ) ;
#9424 = PRESENTATION_STYLE_ASSIGNMENT (( #6221 ) ) ;
#9425 = CARTESIAN_POINT ( 'NONE',  ( -0.8189977282522473701, -0.05000000000000000278, -1.277681107331943622 ) ) ;
#9426 = SURFACE_STYLE_FILL_AREA ( #1725 ) ;
#9428 = ORIENTED_EDGE ( 'NONE', *, *, #9066, .T. ) ;
#9427 = CARTESIAN_POINT ( 'NONE',  ( 0.0000000000000000000, 0.1000000000000000056, -1.649999999999998579 ) ) ;
#9429 = EDGE_CURVE ( 'NONE', #11140, #2252, #1967, .T. ) ;
#9430 = VECTOR ( 'NONE', #984, 1000.000000000000000 ) ;
#9431 = DIRECTION ( 'NONE',  ( 0.0000000000000000000, 0.0000000000000000000, -1.000000000000000000 ) ) ;
#9432 = PLANE ( 'NONE',  #11992 ) ;
#9433 = PRESENTATION_LAYER_ASSIGNMENT (  '', '', ( #8773 ) ) ;
#9434 = VECTOR ( 'NONE', #4524, 1000.000000000000000 ) ;
#9435 = STYLED_ITEM ( 'NONE', ( #10802 ), #4122 ) ;
#9436 = ORIENTED_EDGE ( 'NONE', *, *, #3132, .T. ) ;
#9437 =( LENGTH_UNIT ( ) NAMED_UNIT ( * ) SI_UNIT ( .MILLI., .METRE. ) );
#9438 = EDGE_CURVE ( 'NONE', #7434, #2522, #4306, .T. ) ;
#9439 =( NAMED_UNIT ( * ) PLANE_ANGLE_UNIT ( ) SI_UNIT ( $, .RADIAN. ) );
#9440 = LINE ( 'NONE', #9293, #6821 ) ;
#9441 = CARTESIAN_POINT ( 'NONE',  ( 0.0000000000000000000, 0.1000000000000000056, -1.416874574924349872 ) ) ;
#9442 = DIRECTION ( 'NONE',  ( 0.0000000000000000000, 0.0000000000000000000, -1.000000000000000000 ) ) ;
#9443 = AXIS2_PLACEMENT_3D ( 'NONE', #2082, #8986, #3052 ) ;
#9444 = FACE_OUTER_BOUND ( 'NONE', #6087, .T. ) ;
#9445 = ORIENTED_EDGE ( 'NONE', *, *, #12002, .F. ) ;
#9446 = VECTOR ( 'NONE', #9309, 1000.000000000000000 ) ;
#9447 = LINE ( 'NONE', #1605, #12075 ) ;
#9448 = ORIENTED_EDGE ( 'NONE', *, *, #7552, .T. ) ;
#9449 = DIRECTION ( 'NONE',  ( 0.0000000000000000000, 0.1908089953765452207, 0.9816271834476638647 ) ) ;
#9450 = CARTESIAN_POINT ( 'NONE',  ( -1.257124604555293956, -0.05000000000000000278, 0.1031605786060936225 ) ) ;
#9451 = VECTOR ( 'NONE', #12821, 1000.000000000000000 ) ;
#9452 = LINE ( 'NONE', #3748, #7761 ) ;
#9453 = COLOUR_RGB ( '',1.000000000000000000, 1.000000000000000000, 1.000000000000000000 ) ;
#9454 = MECHANICAL_DESIGN_GEOMETRIC_PRESENTATION_REPRESENTATION (  '', ( #8131 ), #10104 ) ;
#9455 = EDGE_CURVE ( 'NONE', #10020, #1900, #9537, .T. ) ;
#9456 = AXIS2_PLACEMENT_3D ( 'NONE', #10945, #5050, #11933 ) ;
#9457 = CARTESIAN_POINT ( 'NONE',  ( -0.4949999999999992184, 0.1000000000000000056, 0.0000000000000000000 ) ) ;
#9458 =( NAMED_UNIT ( * ) SI_UNIT ( $, .STERADIAN. ) SOLID_ANGLE_UNIT ( ) );
#9459 = FILL_AREA_STYLE ('',( #10202 ) ) ;
#9461 = ORIENTED_EDGE ( 'NONE', *, *, #3581, .T. ) ;
#9460 =( NAMED_UNIT ( * ) PLANE_ANGLE_UNIT ( ) SI_UNIT ( $, .RADIAN. ) );
#9462 = COLOUR_RGB ( '',1.000000000000000000, 1.000000000000000000, 1.000000000000000000 ) ;
#9463 =( LENGTH_UNIT ( ) NAMED_UNIT ( * ) SI_UNIT ( .MILLI., .METRE. ) );
#9464 = ADVANCED_FACE ( 'NONE', ( #9228 ), #9739, .T. ) ;
#9465 = CARTESIAN_POINT ( 'NONE',  ( -0.1689977282522470148, 0.0000000000000000000, -1.199999999999999289 ) ) ;
#9466 = DIRECTION ( 'NONE',  ( 1.000000000000000000, 0.0000000000000000000, -0.0000000000000000000 ) ) ;
#9467 = VECTOR ( 'NONE', #7043, 1000.000000000000000 ) ;
#9468 = LINE ( 'NONE', #4799, #3910 ) ;
#9469 = CARTESIAN_POINT ( 'NONE',  ( -1.455814029726843373, 0.0000000000000000000, 1.500000000000000000 ) ) ;
#9470 = VERTEX_POINT ( 'NONE', #10692 ) ;
#9471 = ORIENTED_EDGE ( 'NONE', *, *, #10309, .T. ) ;
#9472 = VERTEX_POINT ( 'NONE', #9781 ) ;
#9473 = SURFACE_SIDE_STYLE ('',( #7233 ) ) ;
#9474 = PRESENTATION_LAYER_ASSIGNMENT (  '', '', ( #8149 ) ) ;
#9475 = ORIENTED_EDGE ( 'NONE', *, *, #7673, .T. ) ;
#9476 = EDGE_CURVE ( 'NONE', #7393, #487, #3027, .T. ) ;
#9477 = CARTESIAN_POINT ( 'NONE',  ( 0.0000000000000000000, 0.1000000000000000056, 0.0000000000000000000 ) ) ;
#9478 = EDGE_CURVE ( 'NONE', #8577, #571, #8298, .T. ) ;
#9479 = UNCERTAINTY_MEASURE_WITH_UNIT (LENGTH_MEASURE( 1.000000000000000082E-05 ), #7362, 'distance_accuracy_value', 'NONE');
#9480 = ORIENTED_EDGE ( 'NONE', *, *, #7476, .F. ) ;
#9481 = LINE ( 'NONE', #8105, #1908 ) ;
#9482 = MECHANICAL_DESIGN_GEOMETRIC_PRESENTATION_REPRESENTATION (  '', ( #1184 ), #10135 ) ;
#9483 = DIRECTION ( 'NONE',  ( 0.0000000000000000000, 0.0000000000000000000, 1.000000000000000000 ) ) ;
#9484 = SURFACE_SIDE_STYLE ('',( #9717 ) ) ;
#9485 = ORIENTED_EDGE ( 'NONE', *, *, #6636, .T. ) ;
#9486 = DIRECTION ( 'NONE',  ( 0.0000000000000000000, 0.0000000000000000000, -1.000000000000000000 ) ) ;
#9487 = DIRECTION ( 'NONE',  ( 0.0000000000000000000, 0.0000000000000000000, 1.000000000000000000 ) ) ;
#9488 = DIRECTION ( 'NONE',  ( -1.000000000000000000, 0.0000000000000000000, 0.0000000000000000000 ) ) ;
#9490 = ADVANCED_FACE ( 'NONE', ( #5383 ), #3875, .T. ) ;
#9489 = CARTESIAN_POINT ( 'NONE',  ( -1.134999999999999787, -0.05000000000000000278, -0.2369407634194544698 ) ) ;
#9491 =( NAMED_UNIT ( * ) PLANE_ANGLE_UNIT ( ) SI_UNIT ( $, .RADIAN. ) );
#9492 = CARTESIAN_POINT ( 'NONE',  ( -0.5439116535429402433, 0.0000000000000000000, 0.0000000000000000000 ) ) ;
#9493 =( GEOMETRIC_REPRESENTATION_CONTEXT ( 3 ) GLOBAL_UNCERTAINTY_ASSIGNED_CONTEXT ( ( #7743 ) ) GLOBAL_UNIT_ASSIGNED_CONTEXT ( ( #5092, #5115, #5181 ) ) REPRESENTATION_CONTEXT ( 'NONE', 'WORKASPACE' ) );
#9494 = LINE ( 'NONE', #9457, #12116 ) ;
#9495 = DIRECTION ( 'NONE',  ( -1.000000000000000000, 0.0000000000000000000, -0.0000000000000000000 ) ) ;
#9496 = UNCERTAINTY_MEASURE_WITH_UNIT (LENGTH_MEASURE( 1.000000000000000082E-05 ), #8622, 'distance_accuracy_value', 'NONE');
#9497 = PRESENTATION_LAYER_ASSIGNMENT (  '', '', ( #10147 ) ) ;
#9498 = DIRECTION ( 'NONE',  ( -1.000000000000000000, 0.0000000000000000000, -0.0000000000000000000 ) ) ;
#9499 = ORIENTED_EDGE ( 'NONE', *, *, #2459, .F. ) ;
#9500 = EDGE_CURVE ( 'NONE', #7544, #8191, #4467, .T. ) ;
#9501 = PRESENTATION_LAYER_ASSIGNMENT (  '', '', ( #8179 ) ) ;
#9502 = CARTESIAN_POINT ( 'NONE',  ( 0.0000000000000000000, -0.05000000000000000278, -1.416874574924349872 ) ) ;
#9503 = FILL_AREA_STYLE ('',( #12442 ) ) ;
#9504 = ORIENTED_EDGE ( 'NONE', *, *, #4198, .F. ) ;
#9505 = DIRECTION ( 'NONE',  ( 0.0000000000000000000, 0.0000000000000000000, 1.000000000000000000 ) ) ;
#9506 = CARTESIAN_POINT ( 'NONE',  ( 0.4810022717477533405, 0.0000000000000000000, -1.500000000000000000 ) ) ;
#9507 = LINE ( 'NONE', #11804, #4267 ) ;
#9508 = VERTEX_POINT ( 'NONE', #7897 ) ;
#9509 = VECTOR ( 'NONE', #12330, 1000.000000000000000 ) ;
#9510 = PLANE ( 'NONE',  #3622 ) ;
#9511 = DIRECTION ( 'NONE',  ( -1.000000000000000000, 0.0000000000000000000, 0.0000000000000000000 ) ) ;
#9512 = VECTOR ( 'NONE', #998, 1000.000000000000000 ) ;
#9513 = MECHANICAL_DESIGN_GEOMETRIC_PRESENTATION_REPRESENTATION (  '', ( #7531 ), #10167 ) ;
#9514 = AXIS2_PLACEMENT_3D ( 'NONE', #371, #7320, #1402 ) ;
#9515 = AXIS2_PLACEMENT_3D ( 'NONE', #5914, #5748, #5456 ) ;
#9516 = DIRECTION ( 'NONE',  ( -1.000000000000000000, 0.0000000000000000000, 0.0000000000000000000 ) ) ;
#9517 = EDGE_CURVE ( 'NONE', #4774, #870, #9367, .T. ) ;
#9518 = ORIENTED_EDGE ( 'NONE', *, *, #295, .F. ) ;
#9519 = DIRECTION ( 'NONE',  ( 0.0000000000000000000, -1.000000000000000000, 0.0000000000000000000 ) ) ;
#9520 = SURFACE_SIDE_STYLE ('',( #10935 ) ) ;
#9521 =( GEOMETRIC_REPRESENTATION_CONTEXT ( 3 ) GLOBAL_UNCERTAINTY_ASSIGNED_CONTEXT ( ( #1883 ) ) GLOBAL_UNIT_ASSIGNED_CONTEXT ( ( #552, #7504, #1585 ) ) REPRESENTATION_CONTEXT ( 'NONE', 'WORKASPACE' ) );
#9522 = VECTOR ( 'NONE', #9767, 1000.000000000000000 ) ;
#9523 = CARTESIAN_POINT ( 'NONE',  ( 1.291219160478732642, 0.6999999999999999556, 1.191219160478732997 ) ) ;
#9524 = VERTEX_POINT ( 'NONE', #2950 ) ;
#9525 = CARTESIAN_POINT ( 'NONE',  ( 0.1650000000000009237, 0.1000000000000000056, 0.0000000000000000000 ) ) ;
#9526 = CARTESIAN_POINT ( 'NONE',  ( 0.4810022717477533405, 0.1000000000000000056, 0.0000000000000000000 ) ) ;
#9527 = AXIS2_PLACEMENT_3D ( 'NONE', #12830, #6926, #979 ) ;
#9528 = EDGE_CURVE ( 'NONE', #12647, #5194, #7067, .T. ) ;
#9529 =( NAMED_UNIT ( * ) PLANE_ANGLE_UNIT ( ) SI_UNIT ( $, .RADIAN. ) );
#9530 = EDGE_CURVE ( 'NONE', #706, #1221, #1790, .T. ) ;
#9531 = VECTOR ( 'NONE', #2298, 1000.000000000000000 ) ;
#9532 = DIRECTION ( 'NONE',  ( 0.0000000000000000000, 0.0000000000000000000, -1.000000000000000000 ) ) ;
#9533 = CYLINDRICAL_SURFACE ( 'NONE', #4894, 0.05593526370766899181 ) ;
#9534 = MECHANICAL_DESIGN_GEOMETRIC_PRESENTATION_REPRESENTATION (  '', ( #7560 ), #10207 ) ;
#9535 = VERTEX_POINT ( 'NONE', #10874 ) ;
#9536 = CARTESIAN_POINT ( 'NONE',  ( -0.8149999999999995026, -0.05000000000000000278, 1.375493264616636679 ) ) ;
#9537 = LINE ( 'NONE', #12676, #6596 ) ;
#9538 = DIRECTION ( 'NONE',  ( -1.000000000000000000, 0.0000000000000000000, 0.0000000000000000000 ) ) ;
#9539 = VECTOR ( 'NONE', #12464, 1000.000000000000000 ) ;
#9540 = CARTESIAN_POINT ( 'NONE',  ( 0.8189977282522473701, -0.05000000000000000278, -0.0000000000000000000 ) ) ;
#9541 = PRESENTATION_STYLE_ASSIGNMENT (( #4227 ) ) ;
#9542 =( NAMED_UNIT ( * ) SI_UNIT ( $, .STERADIAN. ) SOLID_ANGLE_UNIT ( ) );
#9543 = ADVANCED_FACE ( 'NONE', ( #4130 ), #12843, .T. ) ;
#9544 = ORIENTED_EDGE ( 'NONE', *, *, #7865, .F. ) ;
#9545 = CIRCLE ( 'NONE', #4662, 0.03338112451568553407 ) ;
#9546 = ORIENTED_EDGE ( 'NONE', *, *, #7516, .T. ) ;
#9547 = COLOUR_RGB ( '',1.000000000000000000, 1.000000000000000000, 1.000000000000000000 ) ;
#9548 = ORIENTED_EDGE ( 'NONE', *, *, #2937, .T. ) ;
#9549 = SURFACE_SIDE_STYLE ('',( #3156 ) ) ;
#9551 = VERTEX_POINT ( 'NONE', #2019 ) ;
#9550 = PRESENTATION_LAYER_ASSIGNMENT (  '', '', ( #8227 ) ) ;
#9552 = VECTOR ( 'NONE', #8671, 1000.000000000000000 ) ;
#9553 = CARTESIAN_POINT ( 'NONE',  ( -1.171933149074797953, 0.1000000000000000056, 0.2369407634194545809 ) ) ;
#9554 =( GEOMETRIC_REPRESENTATION_CONTEXT ( 3 ) GLOBAL_UNCERTAINTY_ASSIGNED_CONTEXT ( ( #7675 ) ) GLOBAL_UNIT_ASSIGNED_CONTEXT ( ( #1692, #8604, #2684 ) ) REPRESENTATION_CONTEXT ( 'NONE', 'WORKASPACE' ) );
#9555 = FILL_AREA_STYLE ('',( #11528 ) ) ;
#9556 = CARTESIAN_POINT ( 'NONE',  ( 0.1372400328159084637, 0.1000000000000000056, -1.416874574924349872 ) ) ;
#9557 = VERTEX_POINT ( 'NONE', #1032 ) ;
#9558 = ORIENTED_EDGE ( 'NONE', *, *, #5007, .F. ) ;
#9559 = FILL_AREA_STYLE_COLOUR ( '', #5861 ) ;
#9560 = VECTOR ( 'NONE', #5222, 1000.000000000000000 ) ;
#9561 =( NAMED_UNIT ( * ) SI_UNIT ( $, .STERADIAN. ) SOLID_ANGLE_UNIT ( ) );
#9562 = ORIENTED_EDGE ( 'NONE', *, *, #4792, .T. ) ;
#9563 = FACE_OUTER_BOUND ( 'NONE', #797, .T. ) ;
#9564 = SURFACE_SIDE_STYLE ('',( #12438 ) ) ;
#9565 = VERTEX_POINT ( 'NONE', #11899 ) ;
#9566 = AXIS2_PLACEMENT_3D ( 'NONE', #4931, #3342, #12831 ) ;
#9567 = ORIENTED_EDGE ( 'NONE', *, *, #343, .T. ) ;
#9568 = UNCERTAINTY_MEASURE_WITH_UNIT (LENGTH_MEASURE( 1.000000000000000082E-05 ), #11662, 'distance_accuracy_value', 'NONE');
#9569 = DIRECTION ( 'NONE',  ( 1.000000000000000000, 0.0000000000000000000, 0.0000000000000000000 ) ) ;
#9570 = DIRECTION ( 'NONE',  ( -0.0000000000000000000, 0.0000000000000000000, -1.000000000000000000 ) ) ;
#9572 = EDGE_CURVE ( 'NONE', #5931, #4183, #10766, .T. ) ;
#9571 = DIRECTION ( 'NONE',  ( -1.000000000000000000, 0.0000000000000000000, 0.0000000000000000000 ) ) ;
#9573 = PRESENTATION_STYLE_ASSIGNMENT (( #3918 ) ) ;
#9574 = EDGE_CURVE ( 'NONE', #5971, #3854, #5524, .T. ) ;
#9575 = DIRECTION ( 'NONE',  ( 0.0000000000000000000, -1.000000000000000000, 0.0000000000000000000 ) ) ;
#9576 = LINE ( 'NONE', #6382, #1690 ) ;
#9577 = FACE_OUTER_BOUND ( 'NONE', #7822, .T. ) ;
#9578 = ORIENTED_EDGE ( 'NONE', *, *, #7661, .T. ) ;
#9579 = ORIENTED_EDGE ( 'NONE', *, *, #4498, .T. ) ;
#9580 =( GEOMETRIC_REPRESENTATION_CONTEXT ( 3 ) GLOBAL_UNCERTAINTY_ASSIGNED_CONTEXT ( ( #12510 ) ) GLOBAL_UNIT_ASSIGNED_CONTEXT ( ( #8815, #2869, #9793 ) ) REPRESENTATION_CONTEXT ( 'NONE', 'WORKASPACE' ) );
#9581 = DIRECTION ( 'NONE',  ( 0.0000000000000000000, 0.0000000000000000000, 1.000000000000000000 ) ) ;
#9582 = VECTOR ( 'NONE', #8169, 1000.000000000000000 ) ;
#9583 = ORIENTED_EDGE ( 'NONE', *, *, #9517, .T. ) ;
#9584 = CARTESIAN_POINT ( 'NONE',  ( 0.0000000000000000000, -0.05000000000000000278, -0.2000076143446563315 ) ) ;
#9585 = UNCERTAINTY_MEASURE_WITH_UNIT (LENGTH_MEASURE( 1.000000000000000082E-05 ), #3066, 'distance_accuracy_value', 'NONE');
#9586 = SURFACE_SIDE_STYLE ('',( #8992 ) ) ;
#9587 = FACE_OUTER_BOUND ( 'NONE', #12160, .T. ) ;
#9588 = VERTEX_POINT ( 'NONE', #6034 ) ;
#9589 = CYLINDRICAL_SURFACE ( 'NONE', #7290, 0.02617424799283601944 ) ;
#9590 = PLANE ( 'NONE',  #966 ) ;
#9591 = ORIENTED_EDGE ( 'NONE', *, *, #8132, .F. ) ;
#9592 = SURFACE_SIDE_STYLE ('',( #6048 ) ) ;
#9593 = PRESENTATION_LAYER_ASSIGNMENT (  '', '', ( #8262 ) ) ;
#9594 = CARTESIAN_POINT ( 'NONE',  ( -1.455814029726843373, 0.0000000000000000000, -1.355814029726843728 ) ) ;
#9595 =( GEOMETRIC_REPRESENTATION_CONTEXT ( 3 ) GLOBAL_UNCERTAINTY_ASSIGNED_CONTEXT ( ( #7604 ) ) GLOBAL_UNIT_ASSIGNED_CONTEXT ( ( #12558, #6637, #692 ) ) REPRESENTATION_CONTEXT ( 'NONE', 'WORKASPACE' ) );
#9596 =( GEOMETRIC_REPRESENTATION_CONTEXT ( 3 ) GLOBAL_UNCERTAINTY_ASSIGNED_CONTEXT ( ( #1784 ) ) GLOBAL_UNIT_ASSIGNED_CONTEXT ( ( #6758, #11954, #2494 ) ) REPRESENTATION_CONTEXT ( 'NONE', 'WORKASPACE' ) );
#9597 = EDGE_CURVE ( 'NONE', #12175, #6427, #8140, .T. ) ;
#9598 = FACE_OUTER_BOUND ( 'NONE', #9638, .T. ) ;
#9599 = CARTESIAN_POINT ( 'NONE',  ( 0.0000000000000000000, 0.1000000000000000056, -1.416874574924349872 ) ) ;
#9600 = PRESENTATION_LAYER_ASSIGNMENT (  '', '', ( #8270 ) ) ;
#9601 = CARTESIAN_POINT ( 'NONE',  ( 0.5700859015357763182, 0.1000000000000000056, 1.276162611327208873 ) ) ;
#9602 = LINE ( 'NONE', #3237, #4376 ) ;
#9603 = EDGE_CURVE ( 'NONE', #7544, #12679, #10458, .T. ) ;
#9604 = ORIENTED_EDGE ( 'NONE', *, *, #3872, .T. ) ;
#9605 = LINE ( 'NONE', #6642, #4038 ) ;
#9606 = LINE ( 'NONE', #7680, #12230 ) ;
#9607 = ORIENTED_EDGE ( 'NONE', *, *, #1370, .T. ) ;
#9608 =( NAMED_UNIT ( * ) PLANE_ANGLE_UNIT ( ) SI_UNIT ( $, .RADIAN. ) );
#9609 = CARTESIAN_POINT ( 'NONE',  ( 1.171933149074797953, 0.1000000000000000056, 0.2369407634194545809 ) ) ;
#9610 = COLOUR_RGB ( '',1.000000000000000000, 1.000000000000000000, 1.000000000000000000 ) ;
#9611 = EDGE_CURVE ( 'NONE', #3543, #10535, #215, .T. ) ;
#9612 =( NAMED_UNIT ( * ) SI_UNIT ( $, .STERADIAN. ) SOLID_ANGLE_UNIT ( ) );
#9613 = CARTESIAN_POINT ( 'NONE',  ( 0.5693055000161476586, 0.1000000000000000056, 1.249999999999999112 ) ) ;
#9614 = CARTESIAN_POINT ( 'NONE',  ( 0.0000000000000000000, 0.1000000000000000056, -1.416874574924349872 ) ) ;
#9616 = ADVANCED_FACE ( 'NONE', ( #7526 ), #5096, .T. ) ;
#9615 = CARTESIAN_POINT ( 'NONE',  ( 0.0000000000000000000, 0.1000000000000000056, 1.500000000000000000 ) ) ;
#9617 =( GEOMETRIC_REPRESENTATION_CONTEXT ( 3 ) GLOBAL_UNCERTAINTY_ASSIGNED_CONTEXT ( ( #12018 ) ) GLOBAL_UNIT_ASSIGNED_CONTEXT ( ( #10578, #4692, #11564 ) ) REPRESENTATION_CONTEXT ( 'NONE', 'WORKASPACE' ) );
#9618 = LINE ( 'NONE', #10323, #9305 ) ;
#9619 = SURFACE_STYLE_USAGE ( .BOTH. , #1760 ) ;
#9620 = SURFACE_STYLE_FILL_AREA ( #2448 ) ;
#9621 = DIRECTION ( 'NONE',  ( 0.0000000000000000000, 0.0000000000000000000, 1.000000000000000000 ) ) ;
#9622 = LINE ( 'NONE', #6779, #2057 ) ;
#9623 = ORIENTED_EDGE ( 'NONE', *, *, #3104, .T. ) ;
#9624 = CARTESIAN_POINT ( 'NONE',  ( -1.197916575926319283, -0.05000000000000000278, 0.1623686072350682963 ) ) ;
#9625 = MECHANICAL_DESIGN_GEOMETRIC_PRESENTATION_REPRESENTATION (  '', ( #6989 ), #10288 ) ;
#9626 = EDGE_LOOP ( 'NONE', ( #11069, #9518, #8110, #6583 ) ) ;
#9627 = STYLED_ITEM ( 'NONE', ( #7380 ), #4697 ) ;
#9628 = FACE_OUTER_BOUND ( 'NONE', #8491, .T. ) ;
#9629 = CARTESIAN_POINT ( 'NONE',  ( 0.7912377610681550211, 0.1000000000000000056, 0.0000000000000000000 ) ) ;
#9630 = CARTESIAN_POINT ( 'NONE',  ( 0.0000000000000000000, -0.05000000000000000278, -1.649999999999998579 ) ) ;
#9631 = DIRECTION ( 'NONE',  ( 0.0000000000000000000, 1.000000000000000000, 0.0000000000000000000 ) ) ;
#9632 = ORIENTED_EDGE ( 'NONE', *, *, #2564, .F. ) ;
#9633 = DIRECTION ( 'NONE',  ( 0.0000000000000000000, -1.000000000000000000, 0.0000000000000000000 ) ) ;
#9634 = LINE ( 'NONE', #5435, #11953 ) ;
#9635 = UNCERTAINTY_MEASURE_WITH_UNIT (LENGTH_MEASURE( 1.000000000000000082E-05 ), #9886, 'distance_accuracy_value', 'NONE');
#9636 = SURFACE_SIDE_STYLE ('',( #12310 ) ) ;
#9637 =( LENGTH_UNIT ( ) NAMED_UNIT ( * ) SI_UNIT ( .MILLI., .METRE. ) );
#9638 = EDGE_LOOP ( 'NONE', ( #8354, #9878, #10646, #12222 ) ) ;
#9639 =( GEOMETRIC_REPRESENTATION_CONTEXT ( 3 ) GLOBAL_UNCERTAINTY_ASSIGNED_CONTEXT ( ( #2419 ) ) GLOBAL_UNIT_ASSIGNED_CONTEXT ( ( #8074, #2152, #9048 ) ) REPRESENTATION_CONTEXT ( 'NONE', 'WORKASPACE' ) );
#9640 =( LENGTH_UNIT ( ) NAMED_UNIT ( * ) SI_UNIT ( .MILLI., .METRE. ) );
#9641 = CARTESIAN_POINT ( 'NONE',  ( 0.0000000000000000000, 0.1000000000000000056, -1.277681107331943622 ) ) ;
#9642 = PRESENTATION_LAYER_ASSIGNMENT (  '', '', ( #8326 ) ) ;
#9643 = EDGE_CURVE ( 'NONE', #7880, #5833, #11841, .T. ) ;
#9644 = EDGE_CURVE ( 'NONE', #3826, #2603, #9208, .T. ) ;
#9645 = ORIENTED_EDGE ( 'NONE', *, *, #10719, .T. ) ;
#9646 = STYLED_ITEM ( 'NONE', ( #8213 ), #6439 ) ;
#9647 = FILL_AREA_STYLE ('',( #725 ) ) ;
#9648 = DIRECTION ( 'NONE',  ( 0.0000000000000000000, 1.000000000000000000, 0.0000000000000000000 ) ) ;
#9649 = LINE ( 'NONE', #12345, #11964 ) ;
#9650 = UNCERTAINTY_MEASURE_WITH_UNIT (LENGTH_MEASURE( 1.000000000000000082E-05 ), #5773, 'distance_accuracy_value', 'NONE');
#9651 = CARTESIAN_POINT ( 'NONE',  ( 1.134999999999999787, 0.1000000000000000056, 1.500000000000000000 ) ) ;
#9652 = ORIENTED_EDGE ( 'NONE', *, *, #8985, .F. ) ;
#9653 = ORIENTED_EDGE ( 'NONE', *, *, #2084, .F. ) ;
#9654 = FILL_AREA_STYLE ('',( #1744 ) ) ;
#9655 = DIRECTION ( 'NONE',  ( 0.0000000000000000000, 0.0000000000000000000, 1.000000000000000000 ) ) ;
#9656 = DIRECTION ( 'NONE',  ( 0.0000000000000000000, 1.000000000000000000, 0.0000000000000000000 ) ) ;
#9657 = VECTOR ( 'NONE', #7240, 1000.000000000000000 ) ;
#9658 = ORIENTED_EDGE ( 'NONE', *, *, #2727, .F. ) ;
#9659 = LINE ( 'NONE', #8741, #9351 ) ;
#9660 =( NAMED_UNIT ( * ) SI_UNIT ( $, .STERADIAN. ) SOLID_ANGLE_UNIT ( ) );
#9661 = EDGE_CURVE ( 'NONE', #5208, #7287, #6585, .T. ) ;
#9662 = SURFACE_STYLE_FILL_AREA ( #2542 ) ;
#9663 = ORIENTED_EDGE ( 'NONE', *, *, #7373, .F. ) ;
#9664 = PRESENTATION_STYLE_ASSIGNMENT (( #1011 ) ) ;
#9665 = PRESENTATION_LAYER_ASSIGNMENT (  '', '', ( #9003 ) ) ;
#9666 = FILL_AREA_STYLE ('',( #1756 ) ) ;
#9667 = VECTOR ( 'NONE', #1326, 1000.000000000000000 ) ;
#9668 = DIRECTION ( 'NONE',  ( 0.0000000000000000000, 0.0000000000000000000, -1.000000000000000000 ) ) ;
#9669 = FILL_AREA_STYLE ('',( #4731 ) ) ;
#9670 = ORIENTED_EDGE ( 'NONE', *, *, #8739, .F. ) ;
#9671 = FILL_AREA_STYLE_COLOUR ( '', #12493 ) ;
#9672 = COLOUR_RGB ( '',0.2509803921568627416, 0.2509803921568627416, 0.2509803921568627416 ) ;
#9673 = PRESENTATION_LAYER_ASSIGNMENT (  '', '', ( #9013 ) ) ;
#9674 = CARTESIAN_POINT ( 'NONE',  ( 0.0000000000000000000, -0.05000000000000000278, -1.649999999999998579 ) ) ;
#9675 = VECTOR ( 'NONE', #9901, 1000.000000000000000 ) ;
#9676 = CARTESIAN_POINT ( 'NONE',  ( -1.599999999999999645, 0.1499999999999999944, 1.355814029726843728 ) ) ;
#9677 = VECTOR ( 'NONE', #8303, 1000.000000000000000 ) ;
#9678 =( LENGTH_UNIT ( ) NAMED_UNIT ( * ) SI_UNIT ( .MILLI., .METRE. ) );
#9679 = ORIENTED_EDGE ( 'NONE', *, *, #3513, .T. ) ;
#9680 =( LENGTH_UNIT ( ) NAMED_UNIT ( * ) SI_UNIT ( .MILLI., .METRE. ) );
#9681 = DIRECTION ( 'NONE',  ( 0.0000000000000000000, 0.0000000000000000000, -1.000000000000000000 ) ) ;
#9682 = FACE_OUTER_BOUND ( 'NONE', #906, .T. ) ;
#9683 = AXIS2_PLACEMENT_3D ( 'NONE', #4825, #800, #8775 ) ;
#9684 = DIRECTION ( 'NONE',  ( 0.0000000000000000000, 1.000000000000000000, -0.0000000000000000000 ) ) ;
#9685 = VECTOR ( 'NONE', #10774, 1000.000000000000000 ) ;
#9686 = COLOUR_RGB ( '',1.000000000000000000, 1.000000000000000000, 1.000000000000000000 ) ;
#9687 = PLANE ( 'NONE',  #10290 ) ;
#9688 = VECTOR ( 'NONE', #5642, 1000.000000000000000 ) ;
#9689 = PLANE ( 'NONE',  #1057 ) ;
#9690 = ORIENTED_EDGE ( 'NONE', *, *, #4586, .T. ) ;
#9691 = ORIENTED_EDGE ( 'NONE', *, *, #9171, .F. ) ;
#9692 = CARTESIAN_POINT ( 'NONE',  ( 0.0000000000000000000, 0.1000000000000000056, -1.416874574924349872 ) ) ;
#9693 = VERTEX_POINT ( 'NONE', #1157 ) ;
#9694 = DIRECTION ( 'NONE',  ( 0.0000000000000000000, 1.000000000000000000, 0.0000000000000000000 ) ) ;
#9695 = FACE_OUTER_BOUND ( 'NONE', #2965, .T. ) ;
#9696 = FACE_OUTER_BOUND ( 'NONE', #10183, .T. ) ;
#9697 = MECHANICAL_DESIGN_GEOMETRIC_PRESENTATION_REPRESENTATION (  '', ( #7719 ), #10369 ) ;
#9698 = FACE_OUTER_BOUND ( 'NONE', #3298, .T. ) ;
#9699 = EDGE_CURVE ( 'NONE', #9177, #1049, #8907, .T. ) ;
#9700 = DIRECTION ( 'NONE',  ( 0.0000000000000000000, 0.0000000000000000000, 1.000000000000000000 ) ) ;
#9701 = PRESENTATION_LAYER_ASSIGNMENT (  '', '', ( #10373 ) ) ;
#9702 = FILL_AREA_STYLE_COLOUR ( '', #7381 ) ;
#9703 =( NAMED_UNIT ( * ) PLANE_ANGLE_UNIT ( ) SI_UNIT ( $, .RADIAN. ) );
#9704 = ORIENTED_EDGE ( 'NONE', *, *, #6394, .F. ) ;
#9705 = ORIENTED_EDGE ( 'NONE', *, *, #4033, .T. ) ;
#9706 = VERTEX_POINT ( 'NONE', #2190 ) ;
#9707 = FILL_AREA_STYLE ('',( #787 ) ) ;
#9708 = ORIENTED_EDGE ( 'NONE', *, *, #4864, .F. ) ;
#9709 = ORIENTED_EDGE ( 'NONE', *, *, #11098, .T. ) ;
#9710 = CARTESIAN_POINT ( 'NONE',  ( 0.0000000000000000000, 0.1000000000000000056, 1.500000000000000000 ) ) ;
#9711 = CARTESIAN_POINT ( 'NONE',  ( 0.8189977282522473701, 0.1000000000000000056, 0.0000000000000000000 ) ) ;
#9712 = VERTEX_POINT ( 'NONE', #4182 ) ;
#9713 = LINE ( 'NONE', #9976, #6785 ) ;
#9714 = STYLED_ITEM ( 'NONE', ( #10545 ), #12459 ) ;
#9715 = DIRECTION ( 'NONE',  ( 1.000000000000000000, 0.0000000000000000000, -0.0000000000000000000 ) ) ;
#9716 = ORIENTED_EDGE ( 'NONE', *, *, #3533, .T. ) ;
#9717 = SURFACE_STYLE_FILL_AREA ( #2565 ) ;
#9718 = LINE ( 'NONE', #514, #12359 ) ;
#9719 = MECHANICAL_DESIGN_GEOMETRIC_PRESENTATION_REPRESENTATION (  '', ( #7741 ), #10394 ) ;
#9721 = ORIENTED_EDGE ( 'NONE', *, *, #1319, .T. ) ;
#9720 = DIRECTION ( 'NONE',  ( -1.000000000000000000, 0.0000000000000000000, -0.0000000000000000000 ) ) ;
#9722 = DIRECTION ( 'NONE',  ( 1.000000000000000000, -0.0000000000000000000, 0.0000000000000000000 ) ) ;
#9723 =( BOUNDED_CURVE ( )  B_SPLINE_CURVE ( 3, ( #2639, #7520, #3619, #10542 ),
 .UNSPECIFIED., .F., .T. ) 
 B_SPLINE_CURVE_WITH_KNOTS ( ( 4, 4 ),
 ( 5.515995204261208151, 7.050375410097962536 ),
 .UNSPECIFIED. ) 
 CURVE ( )  GEOMETRIC_REPRESENTATION_ITEM ( )  RATIONAL_B_SPLINE_CURVE ( ( 1.000000000000000000, 0.8132426008497400938, 0.8132426008497400938, 1.000000000000000000 ) ) 
 REPRESENTATION_ITEM ( '' )  );
#9724 = DIRECTION ( 'NONE',  ( 0.0000000000000000000, 1.000000000000000000, -0.0000000000000000000 ) ) ;
#9725 = ADVANCED_FACE ( 'NONE', ( #1317 ), #11137, .T. ) ;
#9726 = ORIENTED_EDGE ( 'NONE', *, *, #6749, .F. ) ;
#9727 = CARTESIAN_POINT ( 'NONE',  ( 0.7590647362923303998, 0.0000000000000000000, 1.375493264616636457 ) ) ;
#9728 = DIRECTION ( 'NONE',  ( 0.0000000000000000000, 0.0000000000000000000, 1.000000000000000000 ) ) ;
#9729 = MECHANICAL_DESIGN_GEOMETRIC_PRESENTATION_REPRESENTATION (  '', ( #7749 ), #10405 ) ;
#9730 = ORIENTED_EDGE ( 'NONE', *, *, #7776, .T. ) ;
#9731 = CYLINDRICAL_SURFACE ( 'NONE', #11402, 0.05593526370766899181 ) ;
#9732 = VERTEX_POINT ( 'NONE', #5299 ) ;
#9733 = FILL_AREA_STYLE_COLOUR ( '', #6721 ) ;
#9734 = FACE_OUTER_BOUND ( 'NONE', #10722, .T. ) ;
#9735 = VECTOR ( 'NONE', #4729, 1000.000000000000000 ) ;
#9736 = DIRECTION ( 'NONE',  ( -1.000000000000000000, 0.0000000000000000000, 0.0000000000000000000 ) ) ;
#9737 = MECHANICAL_DESIGN_GEOMETRIC_PRESENTATION_REPRESENTATION (  '', ( #7757 ), #10408 ) ;
#9738 = DIRECTION ( 'NONE',  ( 1.000000000000000000, -0.0000000000000000000, 0.0000000000000000000 ) ) ;
#9740 = ADVANCED_FACE ( 'NONE', ( #758 ), #3315, .T. ) ;
#9739 = PLANE ( 'NONE',  #11032 ) ;
#9741 = EDGE_CURVE ( 'NONE', #2690, #9508, #10045, .T. ) ;
#9742 = VECTOR ( 'NONE', #1960, 1000.000000000000000 ) ;
#9743 = PLANE ( 'NONE',  #3884 ) ;
#9744 = VECTOR ( 'NONE', #4290, 1000.000000000000000 ) ;
#9745 = AXIS2_PLACEMENT_3D ( 'NONE', #8333, #2403, #9315 ) ;
#9746 = SURFACE_SIDE_STYLE ('',( #11119 ) ) ;
#9747 = PRESENTATION_STYLE_ASSIGNMENT (( #1895 ) ) ;
#9748 = ORIENTED_EDGE ( 'NONE', *, *, #3800, .F. ) ;
#9749 = SURFACE_STYLE_FILL_AREA ( #4878 ) ;
#9750 = VERTEX_POINT ( 'NONE', #6297 ) ;
#9751 = CARTESIAN_POINT ( 'NONE',  ( 0.8189977282522473701, -0.05000000000000000278, -1.199999999999999289 ) ) ;
#9752 =( LENGTH_UNIT ( ) NAMED_UNIT ( * ) SI_UNIT ( .MILLI., .METRE. ) );
#9753 = LINE ( 'NONE', #404, #1561 ) ;
#9754 = CARTESIAN_POINT ( 'NONE',  ( 0.0000000000000000000, 0.1000000000000000056, -1.416874574924349872 ) ) ;
#9755 = CARTESIAN_POINT ( 'NONE',  ( 0.7660883464570584778, 0.1000000000000000056, 0.0000000000000000000 ) ) ;
#9756 = CARTESIAN_POINT ( 'NONE',  ( 1.044003024146626046, 0.1000000000000000056, -0.4000099329729214226 ) ) ;
#9757 =( GEOMETRIC_REPRESENTATION_CONTEXT ( 3 ) GLOBAL_UNCERTAINTY_ASSIGNED_CONTEXT ( ( #7509 ) ) GLOBAL_UNIT_ASSIGNED_CONTEXT ( ( #11365, #1333, #7277 ) ) REPRESENTATION_CONTEXT ( 'NONE', 'WORKASPACE' ) );
#9758 = DIRECTION ( 'NONE',  ( -0.0000000000000000000, -1.000000000000000000, -0.0000000000000000000 ) ) ;
#9759 = ORIENTED_EDGE ( 'NONE', *, *, #726, .F. ) ;
#9760 = MECHANICAL_DESIGN_GEOMETRIC_PRESENTATION_REPRESENTATION (  '', ( #7120 ), #10424 ) ;
#9761 = PRESENTATION_LAYER_ASSIGNMENT (  '', '', ( #8434 ) ) ;
#9762 = ORIENTED_EDGE ( 'NONE', *, *, #3411, .F. ) ;
#9763 = EDGE_CURVE ( 'NONE', #11848, #7237, #12677, .T. ) ;
#9764 = CARTESIAN_POINT ( 'NONE',  ( 0.08991409846422389329, -0.05000000000000000278, 1.276162611327208873 ) ) ;
#9765 = LINE ( 'NONE', #6879, #7146 ) ;
#9766 = CIRCLE ( 'NONE', #1397, 0.05593526370766899181 ) ;
#9767 = DIRECTION ( 'NONE',  ( -2.189696164768673130E-14, 0.0000000000000000000, 1.000000000000000000 ) ) ;
#9768 = SURFACE_SIDE_STYLE ('',( #12534 ) ) ;
#9769 = FILL_AREA_STYLE ('',( #2843 ) ) ;
#9770 = FILL_AREA_STYLE ('',( #4832 ) ) ;
#9771 = FILL_AREA_STYLE ('',( #724 ) ) ;
#9772 = COLOUR_RGB ( '',1.000000000000000000, 1.000000000000000000, 1.000000000000000000 ) ;
#9773 = AXIS2_PLACEMENT_3D ( 'NONE', #721, #3673, #7658 ) ;
#9774 = EDGE_CURVE ( 'NONE', #11941, #359, #7433, .T. ) ;
#9775 = DIRECTION ( 'NONE',  ( -1.000000000000000000, 0.0000000000000000000, -0.0000000000000000000 ) ) ;
#9776 = EDGE_CURVE ( 'NONE', #7895, #392, #2177, .T. ) ;
#9777 =( LENGTH_UNIT ( ) NAMED_UNIT ( * ) SI_UNIT ( .MILLI., .METRE. ) );
#9778 = LINE ( 'NONE', #6296, #4568 ) ;
#9779 = ORIENTED_EDGE ( 'NONE', *, *, #6813, .T. ) ;
#9780 = PLANE ( 'NONE',  #4468 ) ;
#9781 = CARTESIAN_POINT ( 'NONE',  ( -0.8149999999999995026, 0.1000000000000000056, 1.500000000000000000 ) ) ;
#9782 = PRESENTATION_LAYER_ASSIGNMENT (  '', '', ( #8461 ) ) ;
#9783 = VERTEX_POINT ( 'NONE', #6351 ) ;
#9784 = SURFACE_STYLE_USAGE ( .BOTH. , #9820 ) ;
#9785 = VERTEX_POINT ( 'NONE', #7329 ) ;
#9786 = ORIENTED_EDGE ( 'NONE', *, *, #8009, .T. ) ;
#9787 = ADVANCED_FACE ( 'NONE', ( #7128 ), #4392, .T. ) ;
#9788 = STYLED_ITEM ( 'NONE', ( #10568 ), #12013 ) ;
#9789 = PRESENTATION_LAYER_ASSIGNMENT (  '', '', ( #9127 ) ) ;
#9790 = FILL_AREA_STYLE ('',( #2866 ) ) ;
#9791 = FILL_AREA_STYLE ('',( #9828 ) ) ;
#9792 = ORIENTED_EDGE ( 'NONE', *, *, #7430, .T. ) ;
#9793 =( NAMED_UNIT ( * ) SI_UNIT ( $, .STERADIAN. ) SOLID_ANGLE_UNIT ( ) );
#9794 = UNCERTAINTY_MEASURE_WITH_UNIT (LENGTH_MEASURE( 1.000000000000000082E-05 ), #11226, 'distance_accuracy_value', 'NONE');
#9795 = ORIENTED_EDGE ( 'NONE', *, *, #5466, .F. ) ;
#9796 =( NAMED_UNIT ( * ) SI_UNIT ( $, .STERADIAN. ) SOLID_ANGLE_UNIT ( ) );
#9797 = CARTESIAN_POINT ( 'NONE',  ( 0.0000000000000000000, 0.1000000000000000056, 0.07500000000000017764 ) ) ;
#9798 =( NAMED_UNIT ( * ) PLANE_ANGLE_UNIT ( ) SI_UNIT ( $, .RADIAN. ) );
#9799 = ORIENTED_EDGE ( 'NONE', *, *, #1747, .T. ) ;
#9800 = DIRECTION ( 'NONE',  ( 0.0000000000000000000, -1.000000000000000000, 0.0000000000000000000 ) ) ;
#9801 = UNCERTAINTY_MEASURE_WITH_UNIT (LENGTH_MEASURE( 1.000000000000000082E-05 ), #4164, 'distance_accuracy_value', 'NONE');
#9802 = FILL_AREA_STYLE ('',( #5807 ) ) ;
#9803 = EDGE_CURVE ( 'NONE', #1329, #11645, #8824, .T. ) ;
#9804 = CARTESIAN_POINT ( 'NONE',  ( -1.042656287931754022, -0.05000000000000000278, -0.3999999999999976907 ) ) ;
#9805 = EDGE_CURVE ( 'NONE', #4704, #6621, #6195, .T. ) ;
#9806 = VECTOR ( 'NONE', #7617, 1000.000000000000000 ) ;
#9807 = MECHANICAL_DESIGN_GEOMETRIC_PRESENTATION_REPRESENTATION (  '', ( #8507 ), #10489 ) ;
#9808 = DIRECTION ( 'NONE',  ( -1.000000000000000000, 0.0000000000000000000, 0.0000000000000000000 ) ) ;
#9809 = DIRECTION ( 'NONE',  ( 0.0000000000000000000, 1.000000000000000000, -0.0000000000000000000 ) ) ;
#9810 =( NAMED_UNIT ( * ) SI_UNIT ( $, .STERADIAN. ) SOLID_ANGLE_UNIT ( ) );
#9811 = VERTEX_POINT ( 'NONE', #2452 ) ;
#9812 = ORIENTED_EDGE ( 'NONE', *, *, #2714, .F. ) ;
#9813 = CARTESIAN_POINT ( 'NONE',  ( 0.8189977282522473701, -0.05000000000000000278, -1.416874574924349872 ) ) ;
#9814 =( NAMED_UNIT ( * ) PLANE_ANGLE_UNIT ( ) SI_UNIT ( $, .RADIAN. ) );
#9815 = LINE ( 'NONE', #4868, #9522 ) ;
#9816 = SURFACE_SIDE_STYLE ('',( #4658 ) ) ;
#9817 = COLOUR_RGB ( '',1.000000000000000000, 1.000000000000000000, 1.000000000000000000 ) ;
#9818 = MECHANICAL_DESIGN_GEOMETRIC_PRESENTATION_REPRESENTATION (  '', ( #8521 ), #10500 ) ;
#9819 =( GEOMETRIC_REPRESENTATION_CONTEXT ( 3 ) GLOBAL_UNCERTAINTY_ASSIGNED_CONTEXT ( ( #4836 ) ) GLOBAL_UNIT_ASSIGNED_CONTEXT ( ( #5921, #652, #1896 ) ) REPRESENTATION_CONTEXT ( 'NONE', 'WORKASPACE' ) );
#9820 = SURFACE_SIDE_STYLE ('',( #7752 ) ) ;
#9821 = EDGE_CURVE ( 'NONE', #25, #1445, #920, .T. ) ;
#9822 = EDGE_LOOP ( 'NONE', ( #5279, #11463, #3850, #5264, #3896, #1266, #5061, #683, #12519, #8224, #9786 ) ) ;
#9823 = FILL_AREA_STYLE_COLOUR ( '', #2803 ) ;
#9824 = AXIS2_PLACEMENT_3D ( 'NONE', #11488, #5590, #9538 ) ;
#9825 = CARTESIAN_POINT ( 'NONE',  ( 1.455814029726843373, 0.0000000000000000000, 1.500000000000000000 ) ) ;
#9826 = SURFACE_STYLE_FILL_AREA ( #6809 ) ;
#9827 = EDGE_CURVE ( 'NONE', #9524, #2408, #5887, .T. ) ;
#9828 = FILL_AREA_STYLE_COLOUR ( '', #4019 ) ;
#9829 = SURFACE_STYLE_FILL_AREA ( #5556 ) ;
#9830 = DIRECTION ( 'NONE',  ( 0.0000000000000000000, 0.0000000000000000000, 1.000000000000000000 ) ) ;
#9831 = VERTEX_POINT ( 'NONE', #11350 ) ;
#9832 = VERTEX_POINT ( 'NONE', #6426 ) ;
#9833 = PLANE ( 'NONE',  #8919 ) ;
#9834 = CARTESIAN_POINT ( 'NONE',  ( 0.0000000000000000000, -0.05000000000000000278, -1.416874574924349872 ) ) ;
#9835 = PLANE ( 'NONE',  #8983 ) ;
#9836 = FILL_AREA_STYLE_COLOUR ( '', #8556 ) ;
#9837 = EDGE_CURVE ( 'NONE', #7131, #8798, #10833, .T. ) ;
#9838 = VERTEX_POINT ( 'NONE', #4521 ) ;
#9839 = FILL_AREA_STYLE_COLOUR ( '', #12377 ) ;
#9840 = LINE ( 'NONE', #8439, #6923 ) ;
#9841 = ORIENTED_EDGE ( 'NONE', *, *, #8030, .T. ) ;
#9842 = SURFACE_SIDE_STYLE ('',( #5669 ) ) ;
#9843 = VERTEX_POINT ( 'NONE', #11391 ) ;
#9844 = SURFACE_STYLE_FILL_AREA ( #1024 ) ;
#9845 = COLOUR_RGB ( '',1.000000000000000000, 1.000000000000000000, 1.000000000000000000 ) ;
#9846 = AXIS2_PLACEMENT_3D ( 'NONE', #7386, #1471, #8394 ) ;
#9847 = VERTEX_POINT ( 'NONE', #517 ) ;
#9848 = DIRECTION ( 'NONE',  ( 1.000000000000000000, -0.0000000000000000000, 0.0000000000000000000 ) ) ;
#9849 = DIRECTION ( 'NONE',  ( 0.0000000000000000000, -1.000000000000000000, 0.0000000000000000000 ) ) ;
#9850 = ORIENTED_EDGE ( 'NONE', *, *, #2667, .T. ) ;
#9851 = DIRECTION ( 'NONE',  ( 0.0000000000000000000, 0.0000000000000000000, 1.000000000000000000 ) ) ;
#9852 = PRESENTATION_STYLE_ASSIGNMENT (( #6736 ) ) ;
#9853 = ORIENTED_EDGE ( 'NONE', *, *, #2368, .F. ) ;
#9854 = FILL_AREA_STYLE ('',( #2949 ) ) ;
#9855 = COLOUR_RGB ( '',0.2509803921568627416, 0.2509803921568627416, 0.2509803921568627416 ) ;
#9856 = DIRECTION ( 'NONE',  ( 1.000000000000000000, -0.0000000000000000000, 0.0000000000000000000 ) ) ;
#9857 = ORIENTED_EDGE ( 'NONE', *, *, #5056, .F. ) ;
#9858 = LINE ( 'NONE', #11539, #2292 ) ;
#9859 = COLOUR_RGB ( '',1.000000000000000000, 1.000000000000000000, 1.000000000000000000 ) ;
#9860 = COLOUR_RGB ( '',1.000000000000000000, 1.000000000000000000, 1.000000000000000000 ) ;
#9861 = EDGE_LOOP ( 'NONE', ( #10163, #11709, #4847, #729, #2468, #3388, #4959, #5568, #7571, #8806, #10504, #11434 ) ) ;
#9862 = MECHANICAL_DESIGN_GEOMETRIC_PRESENTATION_REPRESENTATION (  '', ( #8554 ), #10539 ) ;
#9863 = EDGE_CURVE ( 'NONE', #2513, #3125, #3563, .T. ) ;
#9864 = UNCERTAINTY_MEASURE_WITH_UNIT (LENGTH_MEASURE( 1.000000000000000082E-05 ), #8399, 'distance_accuracy_value', 'NONE');
#9865 = SURFACE_SIDE_STYLE ('',( #3389 ) ) ;
#9866 = ORIENTED_EDGE ( 'NONE', *, *, #510, .T. ) ;
#9867 =( GEOMETRIC_REPRESENTATION_CONTEXT ( 3 ) GLOBAL_UNCERTAINTY_ASSIGNED_CONTEXT ( ( #2750 ) ) GLOBAL_UNIT_ASSIGNED_CONTEXT ( ( #11151, #5272, #12145 ) ) REPRESENTATION_CONTEXT ( 'NONE', 'WORKASPACE' ) );
#9868 = PRESENTATION_STYLE_ASSIGNMENT (( #10411 ) ) ;
#9869 = COLOUR_RGB ( '',1.000000000000000000, 1.000000000000000000, 1.000000000000000000 ) ;
#9870 = SURFACE_STYLE_USAGE ( .BOTH. , #1713 ) ;
#9871 = FILL_AREA_STYLE_COLOUR ( '', #11152 ) ;
#9872 = ORIENTED_EDGE ( 'NONE', *, *, #10371, .F. ) ;
#9873 = COLOUR_RGB ( '',1.000000000000000000, 1.000000000000000000, 1.000000000000000000 ) ;
#9874 = ADVANCED_FACE ( 'NONE', ( #600 ), #2533, .T. ) ;
#9875 = DIRECTION ( 'NONE',  ( -1.000000000000000000, 0.0000000000000000000, -0.0000000000000000000 ) ) ;
#9876 = LINE ( 'NONE', #8749, #12199 ) ;
#9877 = DIRECTION ( 'NONE',  ( -0.0000000000000000000, 0.0000000000000000000, -1.000000000000000000 ) ) ;
#9878 = ORIENTED_EDGE ( 'NONE', *, *, #3475, .F. ) ;
#9879 = CYLINDRICAL_SURFACE ( 'NONE', #5866, 0.02617424799283601944 ) ;
#9880 = ORIENTED_EDGE ( 'NONE', *, *, #9661, .T. ) ;
#9881 = CARTESIAN_POINT ( 'NONE',  ( -0.4849999999999994316, 0.0000000000000000000, 0.0000000000000000000 ) ) ;
#9882 = DIRECTION ( 'NONE',  ( 0.0000000000000000000, 1.000000000000000000, -0.0000000000000000000 ) ) ;
#9883 = CARTESIAN_POINT ( 'NONE',  ( 0.1160883464570598989, 0.1000000000000000056, 1.276162611327208651 ) ) ;
#9884 = CARTESIAN_POINT ( 'NONE',  ( -0.4949999999999992184, -0.05000000000000000278, 1.375493264616636679 ) ) ;
#9885 = LINE ( 'NONE', #4215, #6966 ) ;
#9886 =( LENGTH_UNIT ( ) NAMED_UNIT ( * ) SI_UNIT ( .MILLI., .METRE. ) );
#9887 = UNCERTAINTY_MEASURE_WITH_UNIT (LENGTH_MEASURE( 1.000000000000000082E-05 ), #10516, 'distance_accuracy_value', 'NONE');
#9888 =( GEOMETRIC_REPRESENTATION_CONTEXT ( 3 ) GLOBAL_UNCERTAINTY_ASSIGNED_CONTEXT ( ( #9317 ) ) GLOBAL_UNIT_ASSIGNED_CONTEXT ( ( #6905, #965, #7910 ) ) REPRESENTATION_CONTEXT ( 'NONE', 'WORKASPACE' ) );
#9889 =( GEOMETRIC_REPRESENTATION_CONTEXT ( 3 ) GLOBAL_UNCERTAINTY_ASSIGNED_CONTEXT ( ( #5786 ) ) GLOBAL_UNIT_ASSIGNED_CONTEXT ( ( #1809, #8728, #2796 ) ) REPRESENTATION_CONTEXT ( 'NONE', 'WORKASPACE' ) );
#9890 = EDGE_CURVE ( 'NONE', #1995, #1484, #7276, .T. ) ;
#9891 = VECTOR ( 'NONE', #8508, 1000.000000000000000 ) ;
#9892 = EDGE_CURVE ( 'NONE', #11848, #10247, #4668, .T. ) ;
#9893 = EDGE_LOOP ( 'NONE', ( #4790, #5707, #8642, #9567 ) ) ;
#9894 = FILL_AREA_STYLE ('',( #973 ) ) ;
#9895 =( NAMED_UNIT ( * ) PLANE_ANGLE_UNIT ( ) SI_UNIT ( $, .RADIAN. ) );
#9896 = ORIENTED_EDGE ( 'NONE', *, *, #9389, .F. ) ;
#9897 = MECHANICAL_DESIGN_GEOMETRIC_PRESENTATION_REPRESENTATION (  '', ( #8578 ), #10560 ) ;
#9898 = SURFACE_STYLE_USAGE ( .BOTH. , #2973 ) ;
#9899 = DIRECTION ( 'NONE',  ( 0.0000000000000000000, 0.0000000000000000000, 1.000000000000000000 ) ) ;
#9900 = FACE_OUTER_BOUND ( 'NONE', #11874, .T. ) ;
#9901 = DIRECTION ( 'NONE',  ( 0.0000000000000000000, 1.000000000000000000, 0.0000000000000000000 ) ) ;
#9902 = PRESENTATION_LAYER_ASSIGNMENT (  '', '', ( #10733 ) ) ;
#9903 = ORIENTED_EDGE ( 'NONE', *, *, #12698, .T. ) ;
#9904 = CIRCLE ( 'NONE', #3554, 0.05920802862897456276 ) ;
#9905 = CARTESIAN_POINT ( 'NONE',  ( -0.8189977282522473701, -0.05000000000000000278, -1.416874574924349872 ) ) ;
#9906 = CARTESIAN_POINT ( 'NONE',  ( -1.042656287931754022, 0.1000000000000000056, -0.3999999999999976907 ) ) ;
#9907 = CARTESIAN_POINT ( 'NONE',  ( -1.389381878823499283, 0.7190808995376544166, -1.191219160478732997 ) ) ;
#9908 = ORIENTED_EDGE ( 'NONE', *, *, #1628, .T. ) ;
#9909 = AXIS2_PLACEMENT_3D ( 'NONE', #6225, #6130, #5071 ) ;
#9910 =( LENGTH_UNIT ( ) NAMED_UNIT ( * ) SI_UNIT ( .MILLI., .METRE. ) );
#9911 = VECTOR ( 'NONE', #9631, 1000.000000000000000 ) ;
#9912 = MECHANICAL_DESIGN_GEOMETRIC_PRESENTATION_REPRESENTATION (  '', ( #7945 ), #10576 ) ;
#9913 = DIRECTION ( 'NONE',  ( 0.0000000000000000000, 1.000000000000000000, 0.0000000000000000000 ) ) ;
#9914 = PRESENTATION_STYLE_ASSIGNMENT (( #12563 ) ) ;
#9915 = PRESENTATION_STYLE_ASSIGNMENT (( #7932 ) ) ;
#9916 = CARTESIAN_POINT ( 'NONE',  ( 0.0000000000000000000, -0.05000000000000000278, -1.416874574924349872 ) ) ;
#9917 = CARTESIAN_POINT ( 'NONE',  ( 1.503448366991379848, 0.1322596897459550613, 1.305285648646613783 ) ) ;
#9918 = CARTESIAN_POINT ( 'NONE',  ( -0.1689977282522470148, 0.1000000000000000056, -1.500000000000000000 ) ) ;
#9919 = PLANE ( 'NONE',  #12361 ) ;
#9920 = FACE_OUTER_BOUND ( 'NONE', #5664, .T. ) ;
#9921 = CARTESIAN_POINT ( 'NONE',  ( -0.7912377610681550211, 0.1000000000000000056, -1.416874574924349872 ) ) ;
#9922 = LINE ( 'NONE', #3713, #7303 ) ;
#9923 = SURFACE_STYLE_USAGE ( .BOTH. , #3001 ) ;
#9924 =( GEOMETRIC_REPRESENTATION_CONTEXT ( 3 ) GLOBAL_UNCERTAINTY_ASSIGNED_CONTEXT ( ( #1957 ) ) GLOBAL_UNIT_ASSIGNED_CONTEXT ( ( #11641, #6429, #2164 ) ) REPRESENTATION_CONTEXT ( 'NONE', 'WORKASPACE' ) );
#9925 = ADVANCED_FACE ( 'NONE', ( #9587 ), #3402, .T. ) ;
#9926 = STYLED_ITEM ( 'NONE', ( #8046 ), #3829 ) ;
#9927 = ORIENTED_EDGE ( 'NONE', *, *, #7829, .F. ) ;
#9928 = STYLED_ITEM ( 'NONE', ( #531 ), #8398 ) ;
#9929 = CARTESIAN_POINT ( 'NONE',  ( 1.455814029726843373, 0.1499999999999999944, 1.355814029726843728 ) ) ;
#9930 = VECTOR ( 'NONE', #3971, 1000.000000000000000 ) ;
#9931 = SURFACE_STYLE_USAGE ( .BOTH. , #3015 ) ;
#9932 = DIRECTION ( 'NONE',  ( 0.1874275599918963087, -0.9642312064598242971, -0.1874275599918963087 ) ) ;
#9933 = VERTEX_POINT ( 'NONE', #12521 ) ;
#9934 = CARTESIAN_POINT ( 'NONE',  ( 0.0000000000000000000, 0.0000000000000000000, 1.249999999999999112 ) ) ;
#9935 = MECHANICAL_DESIGN_GEOMETRIC_PRESENTATION_REPRESENTATION (  '', ( #7971 ), #10604 ) ;
#9936 = EDGE_CURVE ( 'NONE', #869, #1995, #8664, .T. ) ;
#9937 =( NAMED_UNIT ( * ) SI_UNIT ( $, .STERADIAN. ) SOLID_ANGLE_UNIT ( ) );
#9938 = CARTESIAN_POINT ( 'NONE',  ( -0.8189977282522473701, -0.05000000000000000278, -1.416874574924349872 ) ) ;
#9939 = EDGE_LOOP ( 'NONE', ( #9485, #8725, #12258, #6679 ) ) ;
#9940 = ORIENTED_EDGE ( 'NONE', *, *, #11383, .T. ) ;
#9941 = STYLED_ITEM ( 'NONE', ( #7085 ), #9284 ) ;
#9942 = DIRECTION ( 'NONE',  ( 1.000000000000000000, -0.0000000000000000000, 0.0000000000000000000 ) ) ;
#9943 = CARTESIAN_POINT ( 'NONE',  ( 0.0000000000000000000, 0.1499999999999999944, 0.0000000000000000000 ) ) ;
#9944 = VERTEX_POINT ( 'NONE', #7601 ) ;
#9945 = DIRECTION ( 'NONE',  ( 0.0000000000000000000, 0.0000000000000000000, -1.000000000000000000 ) ) ;
#9946 = UNCERTAINTY_MEASURE_WITH_UNIT (LENGTH_MEASURE( 1.000000000000000082E-05 ), #5107, 'distance_accuracy_value', 'NONE');
#9947 = PLANE ( 'NONE',  #198 ) ;
#9948 = LINE ( 'NONE', #6503, #2391 ) ;
#9949 = DIRECTION ( 'NONE',  ( 0.0000000000000000000, -1.000000000000000000, 0.0000000000000000000 ) ) ;
#9950 = STYLED_ITEM ( 'NONE', ( #1102 ), #12340 ) ;
#9951 =( GEOMETRIC_REPRESENTATION_CONTEXT ( 3 ) GLOBAL_UNCERTAINTY_ASSIGNED_CONTEXT ( ( #766 ) ) GLOBAL_UNIT_ASSIGNED_CONTEXT ( ( #7980, #2061, #8962 ) ) REPRESENTATION_CONTEXT ( 'NONE', 'WORKASPACE' ) );
#9952 = SURFACE_SIDE_STYLE ('',( #8772 ) ) ;
#9953 = SURFACE_STYLE_USAGE ( .BOTH. , #3041 ) ;
#9954 = CARTESIAN_POINT ( 'NONE',  ( 0.0000000000000000000, 0.0000000000000000000, 0.0000000000000000000 ) ) ;
#9955 = LINE ( 'NONE', #10175, #4743 ) ;
#9956 = ORIENTED_EDGE ( 'NONE', *, *, #10719, .F. ) ;
#9957 = VECTOR ( 'NONE', #8669, 1000.000000000000000 ) ;
#9958 = UNCERTAINTY_MEASURE_WITH_UNIT (LENGTH_MEASURE( 1.000000000000000082E-05 ), #7518, 'distance_accuracy_value', 'NONE');
#9959 = FILL_AREA_STYLE_COLOUR ( '', #8982 ) ;
#9960 = PRESENTATION_LAYER_ASSIGNMENT (  '', '', ( #9319 ) ) ;
#9961 = LINE ( 'NONE', #7274, #2103 ) ;
#9962 = CARTESIAN_POINT ( 'NONE',  ( -1.455814029726843373, 0.1499999999999999944, -1.355814029726843728 ) ) ;
#9963 = CARTESIAN_POINT ( 'NONE',  ( 0.0000000000000000000, 0.1000000000000000056, -0.07500000000000017764 ) ) ;
#9964 = ORIENTED_EDGE ( 'NONE', *, *, #12383, .F. ) ;
#9965 = FILL_AREA_STYLE_COLOUR ( '', #2495 ) ;
#9966 = FILL_AREA_STYLE_COLOUR ( '', #3495 ) ;
#9967 = EDGE_CURVE ( 'NONE', #8533, #5431, #1056, .T. ) ;
#9968 = PRESENTATION_LAYER_ASSIGNMENT (  '', '', ( #10648 ) ) ;
#9969 = ADVANCED_FACE ( 'NONE', ( #5723 ), #1673, .T. ) ;
#9970 = CARTESIAN_POINT ( 'NONE',  ( 0.0000000000000000000, 0.1000000000000000056, -1.277681107331943622 ) ) ;
#9971 = CARTESIAN_POINT ( 'NONE',  ( 0.4810022717477533405, 0.1000000000000000056, 0.0000000000000000000 ) ) ;
#9972 =( NAMED_UNIT ( * ) PLANE_ANGLE_UNIT ( ) SI_UNIT ( $, .RADIAN. ) );
#9973 = VECTOR ( 'NONE', #2004, 1000.000000000000000 ) ;
#9974 = FACE_OUTER_BOUND ( 'NONE', #6574, .T. ) ;
#9975 = DIRECTION ( 'NONE',  ( 0.0000000000000000000, -1.000000000000000000, 0.0000000000000000000 ) ) ;
#9976 = CARTESIAN_POINT ( 'NONE',  ( 0.4810022717477533405, 0.0000000000000000000, 0.0000000000000000000 ) ) ;
#9977 = DIRECTION ( 'NONE',  ( 0.0000000000000000000, 1.000000000000000000, -0.0000000000000000000 ) ) ;
#9978 =( GEOMETRIC_REPRESENTATION_CONTEXT ( 3 ) GLOBAL_UNCERTAINTY_ASSIGNED_CONTEXT ( ( #1568 ) ) GLOBAL_UNIT_ASSIGNED_CONTEXT ( ( #2329, #6950, #9796 ) ) REPRESENTATION_CONTEXT ( 'NONE', 'WORKASPACE' ) );
#9979 = PLANE ( 'NONE',  #11982 ) ;
#9980 = STYLED_ITEM ( 'NONE', ( #8651 ), #10123 ) ;
#9981 =( GEOMETRIC_REPRESENTATION_CONTEXT ( 3 ) GLOBAL_UNCERTAINTY_ASSIGNED_CONTEXT ( ( #8068 ) ) GLOBAL_UNIT_ASSIGNED_CONTEXT ( ( #12472, #12435, #12400 ) ) REPRESENTATION_CONTEXT ( 'NONE', 'WORKASPACE' ) );
#9982 = EDGE_CURVE ( 'NONE', #4813, #8577, #4809, .T. ) ;
#9983 = VECTOR ( 'NONE', #2654, 1000.000000000000000 ) ;
#9984 = SURFACE_STYLE_FILL_AREA ( #9071 ) ;
#9985 = CARTESIAN_POINT ( 'NONE',  ( 0.0000000000000000000, 0.1000000000000000056, -1.416874574924349872 ) ) ;
#9986 = CARTESIAN_POINT ( 'NONE',  ( 1.405285648646613428, 0.1131787902083005448, 1.305285648646613783 ) ) ;
#9987 = ORIENTED_EDGE ( 'NONE', *, *, #7193, .F. ) ;
#9988 = ORIENTED_EDGE ( 'NONE', *, *, #12433, .F. ) ;
#9989 = FACE_OUTER_BOUND ( 'NONE', #4882, .T. ) ;
#9990 = VECTOR ( 'NONE', #6551, 1000.000000000000000 ) ;
#9991 = SURFACE_SIDE_STYLE ('',( #10013 ) ) ;
#9992 =( GEOMETRIC_REPRESENTATION_CONTEXT ( 3 ) GLOBAL_UNCERTAINTY_ASSIGNED_CONTEXT ( ( #2680 ) ) GLOBAL_UNIT_ASSIGNED_CONTEXT ( ( #1865, #6801, #1820 ) ) REPRESENTATION_CONTEXT ( 'NONE', 'WORKASPACE' ) );
#9994 = ADVANCED_FACE ( 'NONE', ( #7421 ), #6485, .T. ) ;
#9993 = SURFACE_SIDE_STYLE ('',( #894 ) ) ;
#9995 =( GEOMETRIC_REPRESENTATION_CONTEXT ( 3 ) GLOBAL_UNCERTAINTY_ASSIGNED_CONTEXT ( ( #2122 ) ) GLOBAL_UNIT_ASSIGNED_CONTEXT ( ( #11008, #5117, #11991 ) ) REPRESENTATION_CONTEXT ( 'NONE', 'WORKASPACE' ) );
#9996 =( NAMED_UNIT ( * ) PLANE_ANGLE_UNIT ( ) SI_UNIT ( $, .RADIAN. ) );
#9997 = LINE ( 'NONE', #4600, #4779 ) ;
#9998 = FILL_AREA_STYLE_COLOUR ( '', #317 ) ;
#9999 = SURFACE_STYLE_FILL_AREA ( #8879 ) ;
#10000 = ORIENTED_EDGE ( 'NONE', *, *, #7444, .T. ) ;
#10001 = VECTOR ( 'NONE', #10841, 1000.000000000000000 ) ;
#10002 = COLOUR_RGB ( '',0.2509803921568627416, 0.2509803921568627416, 0.2509803921568627416 ) ;
#10003 = DIRECTION ( 'NONE',  ( 0.0000000000000000000, -1.000000000000000000, 0.0000000000000000000 ) ) ;
#10004 = ORIENTED_EDGE ( 'NONE', *, *, #6446, .F. ) ;
#10005 = FACE_OUTER_BOUND ( 'NONE', #3261, .T. ) ;
#10006 = VERTEX_POINT ( 'NONE', #11639 ) ;
#10007 = ORIENTED_EDGE ( 'NONE', *, *, #12671, .F. ) ;
#10008 = ORIENTED_EDGE ( 'NONE', *, *, #1190, .T. ) ;
#10009 = EDGE_CURVE ( 'NONE', #4856, #6864, #1217, .T. ) ;
#10010 = CARTESIAN_POINT ( 'NONE',  ( -1.540045451220497963, 0.1000000000000000056, 0.1083811245156857256 ) ) ;
#10011 = EDGE_CURVE ( 'NONE', #12810, #7096, #3863, .T. ) ;
#10012 = SURFACE_STYLE_USAGE ( .BOTH. , #3099 ) ;
#10013 = SURFACE_STYLE_FILL_AREA ( #3087 ) ;
#10014 = SURFACE_SIDE_STYLE ('',( #1931 ) ) ;
#10015 = DIRECTION ( 'NONE',  ( -1.000000000000000000, 0.0000000000000000000, -0.0000000000000000000 ) ) ;
#10016 = ORIENTED_EDGE ( 'NONE', *, *, #10512, .T. ) ;
#10017 = SURFACE_STYLE_FILL_AREA ( #9771 ) ;
#10018 = CIRCLE ( 'NONE', #1126, 0.05593526370766899181 ) ;
#10019 = AXIS2_PLACEMENT_3D ( 'NONE', #7912, #1979, #8892 ) ;
#10020 = VERTEX_POINT ( 'NONE', #8716 ) ;
#10021 = COLOUR_RGB ( '',1.000000000000000000, 1.000000000000000000, 1.000000000000000000 ) ;
#10022 = ORIENTED_EDGE ( 'NONE', *, *, #9066, .F. ) ;
#10023 = UNCERTAINTY_MEASURE_WITH_UNIT (LENGTH_MEASURE( 1.000000000000000082E-05 ), #2175, 'distance_accuracy_value', 'NONE');
#10024 = CARTESIAN_POINT ( 'NONE',  ( -0.4849999999999994316, 0.1000000000000000056, -1.277681107331943622 ) ) ;
#10025 =( NAMED_UNIT ( * ) SI_UNIT ( $, .STERADIAN. ) SOLID_ANGLE_UNIT ( ) );
#10026 =( NAMED_UNIT ( * ) PLANE_ANGLE_UNIT ( ) SI_UNIT ( $, .RADIAN. ) );
#10027 = ORIENTED_EDGE ( 'NONE', *, *, #5446, .T. ) ;
#10028 = CARTESIAN_POINT ( 'NONE',  ( -0.8189977282522473701, 0.1000000000000000056, -1.199999999999999289 ) ) ;
#10029 = DIRECTION ( 'NONE',  ( 0.0000000000000000000, 1.000000000000000000, -0.0000000000000000000 ) ) ;
#10030 = CARTESIAN_POINT ( 'NONE',  ( 1.197916575926319283, 0.1000000000000000056, 0.0000000000000000000 ) ) ;
#10031 = EDGE_LOOP ( 'NONE', ( #11304, #11707, #2310, #4157 ) ) ;
#10032 = VECTOR ( 'NONE', #2193, 1000.000000000000000 ) ;
#10033 = VECTOR ( 'NONE', #11598, 1000.000000000000000 ) ;
#10034 = AXIS2_PLACEMENT_3D ( 'NONE', #2183, #9070, #3145 ) ;
#10035 = ORIENTED_EDGE ( 'NONE', *, *, #180, .F. ) ;
#10036 = STYLED_ITEM ( 'NONE', ( #11275 ), #4890 ) ;
#10037 = ORIENTED_EDGE ( 'NONE', *, *, #6047, .F. ) ;
#10038 = ORIENTED_EDGE ( 'NONE', *, *, #9358, .T. ) ;
#10039 = FILL_AREA_STYLE_COLOUR ( '', #5150 ) ;
#10040 = LINE ( 'NONE', #20, #2478 ) ;
#10041 = UNCERTAINTY_MEASURE_WITH_UNIT (LENGTH_MEASURE( 1.000000000000000082E-05 ), #1776, 'distance_accuracy_value', 'NONE');
#10042 = SURFACE_STYLE_USAGE ( .BOTH. , #3118 ) ;
#10043 = DIRECTION ( 'NONE',  ( 0.0000000000000000000, -0.1908089953765450819, -0.9816271834476638647 ) ) ;
#10044 = DIRECTION ( 'NONE',  ( 0.0000000000000000000, 1.000000000000000000, 0.0000000000000000000 ) ) ;
#10045 = LINE ( 'NONE', #350, #3416 ) ;
#10046 = DIRECTION ( 'NONE',  ( 0.0000000000000000000, 0.0000000000000000000, -1.000000000000000000 ) ) ;
#10047 = CARTESIAN_POINT ( 'NONE',  ( -0.7590647362923303998, 0.1000000000000000056, 1.375493264616636457 ) ) ;
#10049 = ORIENTED_EDGE ( 'NONE', *, *, #9418, .T. ) ;
#10048 = CARTESIAN_POINT ( 'NONE',  ( 1.134999999999999787, 0.1000000000000000056, 0.0000000000000000000 ) ) ;
#10050 = ORIENTED_EDGE ( 'NONE', *, *, #345, .T. ) ;
#10051 = ORIENTED_EDGE ( 'NONE', *, *, #9699, .T. ) ;
#10052 =( NAMED_UNIT ( * ) PLANE_ANGLE_UNIT ( ) SI_UNIT ( $, .RADIAN. ) );
#10053 =( GEOMETRIC_REPRESENTATION_CONTEXT ( 3 ) GLOBAL_UNCERTAINTY_ASSIGNED_CONTEXT ( ( #2523 ) ) GLOBAL_UNIT_ASSIGNED_CONTEXT ( ( #1575, #8486, #2559 ) ) REPRESENTATION_CONTEXT ( 'NONE', 'WORKASPACE' ) );
#10054 = EDGE_CURVE ( 'NONE', #2467, #7032, #8810, .T. ) ;
#10055 = EDGE_CURVE ( 'NONE', #12093, #4605, #11437, .T. ) ;
#10056 = PRESENTATION_LAYER_ASSIGNMENT (  '', '', ( #8740 ) ) ;
#10057 = ORIENTED_EDGE ( 'NONE', *, *, #6298, .T. ) ;
#10058 = CARTESIAN_POINT ( 'NONE',  ( -1.650000000000000355, -0.05000000000000000278, -0.07500000000000017764 ) ) ;
#10059 = VERTEX_POINT ( 'NONE', #5782 ) ;
#10061 = EDGE_CURVE ( 'NONE', #256, #10953, #3230, .T. ) ;
#10060 = DIRECTION ( 'NONE',  ( -0.1874275599918963642, 0.9642312064598242971, 0.1874275599918963364 ) ) ;
#10062 = SURFACE_STYLE_USAGE ( .BOTH. , #3137 ) ;
#10063 = SURFACE_STYLE_FILL_AREA ( #1269 ) ;
#10064 = ADVANCED_FACE ( 'NONE', ( #3545 ), #7265, .T. ) ;
#10065 = DIRECTION ( 'NONE',  ( 0.0000000000000000000, 1.000000000000000000, 0.0000000000000000000 ) ) ;
#10066 = SURFACE_STYLE_USAGE ( .BOTH. , #3146 ) ;
#10067 = VECTOR ( 'NONE', #11478, 1000.000000000000000 ) ;
#10068 = VECTOR ( 'NONE', #2800, 1000.000000000000000 ) ;
#10069 = AXIS2_PLACEMENT_3D ( 'NONE', #10030, #4127, #11031 ) ;
#10070 =( GEOMETRIC_REPRESENTATION_CONTEXT ( 3 ) GLOBAL_UNCERTAINTY_ASSIGNED_CONTEXT ( ( #8697 ) ) GLOBAL_UNIT_ASSIGNED_CONTEXT ( ( #1362, #4563, #3524 ) ) REPRESENTATION_CONTEXT ( 'NONE', 'WORKASPACE' ) );
#10071 = SURFACE_SIDE_STYLE ('',( #10474 ) ) ;
#10072 = EDGE_CURVE ( 'NONE', #9557, #12452, #4964, .T. ) ;
#10073 = DIRECTION ( 'NONE',  ( 0.0000000000000000000, 0.0000000000000000000, 1.000000000000000000 ) ) ;
#10074 = ORIENTED_EDGE ( 'NONE', *, *, #8525, .T. ) ;
#10075 = STYLED_ITEM ( 'NONE', ( #9868 ), #7788 ) ;
#10076 = CARTESIAN_POINT ( 'NONE',  ( 0.8149999999999995026, 0.0000000000000000000, -0.0000000000000000000 ) ) ;
#10077 =( NAMED_UNIT ( * ) SI_UNIT ( $, .STERADIAN. ) SOLID_ANGLE_UNIT ( ) );
#10078 = EDGE_CURVE ( 'NONE', #8007, #12481, #2306, .T. ) ;
#10079 = LINE ( 'NONE', #592, #2510 ) ;
#10080 = PLANE ( 'NONE',  #8897 ) ;
#10081 = DIRECTION ( 'NONE',  ( 1.000000000000000000, 0.0000000000000000000, -0.0000000000000000000 ) ) ;
#10082 = ORIENTED_EDGE ( 'NONE', *, *, #4520, .F. ) ;
#10083 = ORIENTED_EDGE ( 'NONE', *, *, #5411, .F. ) ;
#10084 = CARTESIAN_POINT ( 'NONE',  ( 0.1650000000000009237, 0.1000000000000000056, -1.416874574924349872 ) ) ;
#10085 = CARTESIAN_POINT ( 'NONE',  ( 0.8189977282522473701, 0.1000000000000000056, -1.500000000000000000 ) ) ;
#10086 = EDGE_LOOP ( 'NONE', ( #12524, #3068, #6641, #7275 ) ) ;
#10087 = CARTESIAN_POINT ( 'NONE',  ( 0.4949999999999992184, 0.1000000000000000056, 1.500000000000000000 ) ) ;
#10088 = SURFACE_SIDE_STYLE ('',( #11420 ) ) ;
#10089 =( NAMED_UNIT ( * ) PLANE_ANGLE_UNIT ( ) SI_UNIT ( $, .RADIAN. ) );
#10090 = MECHANICAL_DESIGN_GEOMETRIC_PRESENTATION_REPRESENTATION (  '', ( #8773 ), #10755 ) ;
#10091 =( LENGTH_UNIT ( ) NAMED_UNIT ( * ) SI_UNIT ( .MILLI., .METRE. ) );
#10092 = PRESENTATION_STYLE_ASSIGNMENT (( #7820 ) ) ;
#10093 = ORIENTED_EDGE ( 'NONE', *, *, #1826, .F. ) ;
#10094 = AXIS2_PLACEMENT_3D ( 'NONE', #8494, #6501, #12461 ) ;
#10095 = EDGE_CURVE ( 'NONE', #10686, #7395, #9876, .T. ) ;
#10096 = ORIENTED_EDGE ( 'NONE', *, *, #217, .T. ) ;
#10097 = PRESENTATION_LAYER_ASSIGNMENT (  '', '', ( #8785 ) ) ;
#10098 = ORIENTED_EDGE ( 'NONE', *, *, #3179, .T. ) ;
#10099 = DIRECTION ( 'NONE',  ( 0.0000000000000000000, 0.0000000000000000000, 1.000000000000000000 ) ) ;
#10100 =( LENGTH_UNIT ( ) NAMED_UNIT ( * ) SI_UNIT ( .MILLI., .METRE. ) );
#10101 =( NAMED_UNIT ( * ) SI_UNIT ( $, .STERADIAN. ) SOLID_ANGLE_UNIT ( ) );
#10102 = ORIENTED_EDGE ( 'NONE', *, *, #10738, .T. ) ;
#10103 = ORIENTED_EDGE ( 'NONE', *, *, #7497, .F. ) ;
#10104 =( GEOMETRIC_REPRESENTATION_CONTEXT ( 3 ) GLOBAL_UNCERTAINTY_ASSIGNED_CONTEXT ( ( #1236 ) ) GLOBAL_UNIT_ASSIGNED_CONTEXT ( ( #7293, #1353, #8277 ) ) REPRESENTATION_CONTEXT ( 'NONE', 'WORKASPACE' ) );
#10105 = EDGE_CURVE ( 'NONE', #7684, #137, #2005, .T. ) ;
#10106 = PLANE ( 'NONE',  #12149 ) ;
#10107 = ADVANCED_FACE ( 'NONE', ( #1687 ), #7844, .T. ) ;
#10108 = STYLED_ITEM ( 'NONE', ( #8311 ), #4395 ) ;
#10109 = SURFACE_STYLE_FILL_AREA ( #12259 ) ;
#10110 = CARTESIAN_POINT ( 'NONE',  ( 0.7399140984642225138, -0.05000000000000000278, 1.276162611327208873 ) ) ;
#10111 = FILL_AREA_STYLE ('',( #2184 ) ) ;
#10112 = SURFACE_STYLE_USAGE ( .BOTH. , #3192 ) ;
#10113 = ORIENTED_EDGE ( 'NONE', *, *, #11098, .F. ) ;
#10114 = UNCERTAINTY_MEASURE_WITH_UNIT (LENGTH_MEASURE( 1.000000000000000082E-05 ), #93, 'distance_accuracy_value', 'NONE');
#10115 = SURFACE_SIDE_STYLE ('',( #6921 ) ) ;
#10116 = ORIENTED_EDGE ( 'NONE', *, *, #12624, .F. ) ;
#10117 = DIRECTION ( 'NONE',  ( 0.0000000000000000000, 1.000000000000000000, 0.0000000000000000000 ) ) ;
#10118 = DIRECTION ( 'NONE',  ( 0.0000000000000000000, 1.000000000000000000, 0.0000000000000000000 ) ) ;
#10119 = DIRECTION ( 'NONE',  ( 0.0000000000000000000, 0.0000000000000000000, 1.000000000000000000 ) ) ;
#10120 = EDGE_LOOP ( 'NONE', ( #12798, #4546, #722, #5875, #3056, #324, #8319, #6523 ) ) ;
#10121 = FACE_OUTER_BOUND ( 'NONE', #1753, .T. ) ;
#10122 =( NAMED_UNIT ( * ) SI_UNIT ( $, .STERADIAN. ) SOLID_ANGLE_UNIT ( ) );
#10123 = ADVANCED_FACE ( 'NONE', ( #6026 ), #2951, .T. ) ;
#10124 =( LENGTH_UNIT ( ) NAMED_UNIT ( * ) SI_UNIT ( .MILLI., .METRE. ) );
#10125 = STYLED_ITEM ( 'NONE', ( #6835 ), #12650 ) ;
#10126 = MECHANICAL_DESIGN_GEOMETRIC_PRESENTATION_REPRESENTATION (  '', ( #8149 ), #10803 ) ;
#10127 = DIRECTION ( 'NONE',  ( -1.000000000000000000, 0.0000000000000000000, 0.0000000000000000000 ) ) ;
#10129 = EDGE_CURVE ( 'NONE', #7880, #9551, #12649, .T. ) ;
#10128 = CARTESIAN_POINT ( 'NONE',  ( 1.171933149074797953, 0.1000000000000000056, -0.2369407634194545809 ) ) ;
#10130 = VECTOR ( 'NONE', #10564, 1000.000000000000000 ) ;
#10131 =( NAMED_UNIT ( * ) PLANE_ANGLE_UNIT ( ) SI_UNIT ( $, .RADIAN. ) );
#10132 = LINE ( 'NONE', #11694, #12754 ) ;
#10133 = EDGE_CURVE ( 'NONE', #3858, #1364, #2458, .T. ) ;
#10134 = PLANE ( 'NONE',  #1783 ) ;
#10135 =( GEOMETRIC_REPRESENTATION_CONTEXT ( 3 ) GLOBAL_UNCERTAINTY_ASSIGNED_CONTEXT ( ( #10763 ) ) GLOBAL_UNIT_ASSIGNED_CONTEXT ( ( #9640, #3726, #10630 ) ) REPRESENTATION_CONTEXT ( 'NONE', 'WORKASPACE' ) );
#10136 = VERTEX_POINT ( 'NONE', #2021 ) ;
#10137 = DIRECTION ( 'NONE',  ( 0.0000000000000000000, 0.0000000000000000000, 1.000000000000000000 ) ) ;
#10138 = COLOUR_RGB ( '',1.000000000000000000, 1.000000000000000000, 1.000000000000000000 ) ;
#10139 = LINE ( 'NONE', #4548, #2574 ) ;
#10140 = CARTESIAN_POINT ( 'NONE',  ( 1.134999999999999787, -0.05000000000000000278, 0.0000000000000000000 ) ) ;
#10141 = CARTESIAN_POINT ( 'NONE',  ( -0.1412377610681545548, 0.0000000000000000000, -1.416874574924349872 ) ) ;
#10142 = PLANE ( 'NONE',  #11306 ) ;
#10143 = FACE_OUTER_BOUND ( 'NONE', #10176, .T. ) ;
#10144 = FILL_AREA_STYLE ('',( #3816 ) ) ;
#10145 = CARTESIAN_POINT ( 'NONE',  ( 0.1650000000000009237, -0.05000000000000000278, -1.277681107331943622 ) ) ;
#10146 = CARTESIAN_POINT ( 'NONE',  ( -0.1549999999999993883, 0.1000000000000000056, 1.500000000000000000 ) ) ;
#10147 = STYLED_ITEM ( 'NONE', ( #7784 ), #2418 ) ;
#10148 = ORIENTED_EDGE ( 'NONE', *, *, #6228, .F. ) ;
#10149 = ORIENTED_EDGE ( 'NONE', *, *, #1645, .F. ) ;
#10150 = EDGE_CURVE ( 'NONE', #12388, #1732, #10018, .T. ) ;
#10151 = FACE_OUTER_BOUND ( 'NONE', #7377, .T. ) ;
#10152 = MECHANICAL_DESIGN_GEOMETRIC_PRESENTATION_REPRESENTATION (  '', ( #8179 ), #10834 ) ;
#10153 = FILL_AREA_STYLE ('',( #8459 ) ) ;
#10154 = CARTESIAN_POINT ( 'NONE',  ( 0.1160883464570598989, 0.1000000000000000056, 1.276162611327208651 ) ) ;
#10155 = SURFACE_SIDE_STYLE ('',( #5229 ) ) ;
#10156 =( LENGTH_UNIT ( ) NAMED_UNIT ( * ) SI_UNIT ( .MILLI., .METRE. ) );
#10157 = ORIENTED_EDGE ( 'NONE', *, *, #10172, .F. ) ;
#10158 = DIRECTION ( 'NONE',  ( 1.000000000000000000, -0.0000000000000000000, 0.0000000000000000000 ) ) ;
#10159 = ORIENTED_EDGE ( 'NONE', *, *, #3626, .F. ) ;
#10160 = VECTOR ( 'NONE', #9849, 1000.000000000000000 ) ;
#10161 = ORIENTED_EDGE ( 'NONE', *, *, #4787, .F. ) ;
#10162 = ORIENTED_EDGE ( 'NONE', *, *, #2326, .F. ) ;
#10163 = ORIENTED_EDGE ( 'NONE', *, *, #6953, .F. ) ;
#10164 =( NAMED_UNIT ( * ) PLANE_ANGLE_UNIT ( ) SI_UNIT ( $, .RADIAN. ) );
#10165 =( NAMED_UNIT ( * ) PLANE_ANGLE_UNIT ( ) SI_UNIT ( $, .RADIAN. ) );
#10166 = SURFACE_STYLE_FILL_AREA ( #9666 ) ;
#10167 =( GEOMETRIC_REPRESENTATION_CONTEXT ( 3 ) GLOBAL_UNCERTAINTY_ASSIGNED_CONTEXT ( ( #11143 ) ) GLOBAL_UNIT_ASSIGNED_CONTEXT ( ( #10252, #11053, #1786 ) ) REPRESENTATION_CONTEXT ( 'NONE', 'WORKASPACE' ) );
#10168 = STYLED_ITEM ( 'NONE', ( #11408 ), #10397 ) ;
#10169 = MECHANICAL_DESIGN_GEOMETRIC_PRESENTATION_REPRESENTATION (  '', ( #8858 ), #10853 ) ;
#10170 = CARTESIAN_POINT ( 'NONE',  ( 0.0000000000000000000, 0.1000000000000000056, -0.1031605786060936225 ) ) ;
#10171 = CIRCLE ( 'NONE', #2483, 0.03693314907479819387 ) ;
#10172 = EDGE_CURVE ( 'NONE', #5961, #12042, #4798, .T. ) ;
#10173 = VERTEX_POINT ( 'NONE', #5022 ) ;
#10174 = SURFACE_STYLE_FILL_AREA ( #5761 ) ;
#10175 = CARTESIAN_POINT ( 'NONE',  ( -1.171933149074798175, 0.1000000000000000056, -0.2000076143446563315 ) ) ;
#10176 = EDGE_LOOP ( 'NONE', ( #6058, #12494, #5153, #2751 ) ) ;
#10177 = VERTEX_POINT ( 'NONE', #8966 ) ;
#10178 = SPHERICAL_SURFACE ( 'NONE', #681, 0.1000000000000000056 ) ;
#10179 =( NAMED_UNIT ( * ) SI_UNIT ( $, .STERADIAN. ) SOLID_ANGLE_UNIT ( ) );
#10180 = ORIENTED_EDGE ( 'NONE', *, *, #1886, .T. ) ;
#10181 = CARTESIAN_POINT ( 'NONE',  ( 0.1090647362923319458, 0.1000000000000000056, 1.375493264616636457 ) ) ;
#10182 = DIRECTION ( 'NONE',  ( -1.000000000000000000, 0.0000000000000000000, -0.0000000000000000000 ) ) ;
#10183 = EDGE_LOOP ( 'NONE', ( #10639, #10688, #9709, #7332 ) ) ;
#10184 = CARTESIAN_POINT ( 'NONE',  ( -0.08069449998385103129, 0.1000000000000000056, 1.249999999999999112 ) ) ;
#10185 = CARTESIAN_POINT ( 'NONE',  ( 0.1650000000000009237, 0.1000000000000000056, 0.0000000000000000000 ) ) ;
#10186 = VERTEX_POINT ( 'NONE', #4045 ) ;
#10187 = PLANE ( 'NONE',  #2135 ) ;
#10188 = LINE ( 'NONE', #3122, #2614 ) ;
#10189 = DIRECTION ( 'NONE',  ( -1.000000000000000000, 0.0000000000000000000, -0.0000000000000000000 ) ) ;
#10190 = ORIENTED_EDGE ( 'NONE', *, *, #7199, .T. ) ;
#10191 = VECTOR ( 'NONE', #3380, 1000.000000000000000 ) ;
#10192 =( LENGTH_UNIT ( ) NAMED_UNIT ( * ) SI_UNIT ( .MILLI., .METRE. ) );
#10193 = ORIENTED_EDGE ( 'NONE', *, *, #12225, .T. ) ;
#10194 = ORIENTED_EDGE ( 'NONE', *, *, #11080, .F. ) ;
#10195 = ORIENTED_EDGE ( 'NONE', *, *, #6893, .F. ) ;
#10196 = PRESENTATION_LAYER_ASSIGNMENT (  '', '', ( #8873 ) ) ;
#10197 = EDGE_CURVE ( 'NONE', #3248, #974, #7097, .T. ) ;
#10198 = UNCERTAINTY_MEASURE_WITH_UNIT (LENGTH_MEASURE( 1.000000000000000082E-05 ), #11271, 'distance_accuracy_value', 'NONE');
#10199 = DIRECTION ( 'NONE',  ( 0.0000000000000000000, 1.000000000000000000, -0.0000000000000000000 ) ) ;
#10200 = EDGE_CURVE ( 'NONE', #4605, #7395, #2153, .T. ) ;
#10201 = SURFACE_STYLE_USAGE ( .BOTH. , #3282 ) ;
#10202 = FILL_AREA_STYLE_COLOUR ( '', #380 ) ;
#10203 = CARTESIAN_POINT ( 'NONE',  ( 0.1372400328159084637, 0.0000000000000000000, -1.416874574924349872 ) ) ;
#10204 = SURFACE_STYLE_FILL_AREA ( #10792 ) ;
#10205 = DIRECTION ( 'NONE',  ( 0.0000000000000000000, -1.000000000000000000, 0.0000000000000000000 ) ) ;
#10206 = ORIENTED_EDGE ( 'NONE', *, *, #687, .F. ) ;
#10207 =( GEOMETRIC_REPRESENTATION_CONTEXT ( 3 ) GLOBAL_UNCERTAINTY_ASSIGNED_CONTEXT ( ( #9332 ) ) GLOBAL_UNIT_ASSIGNED_CONTEXT ( ( #3349, #10275, #4388 ) ) REPRESENTATION_CONTEXT ( 'NONE', 'WORKASPACE' ) );
#10208 = PRESENTATION_STYLE_ASSIGNMENT (( #9037 ) ) ;
#10209 = ORIENTED_EDGE ( 'NONE', *, *, #1628, .F. ) ;
#10210 = DIRECTION ( 'NONE',  ( 0.0000000000000000000, 1.000000000000000000, 0.0000000000000000000 ) ) ;
#10211 = COLOUR_RGB ( '',0.2509803921568627416, 0.2509803921568627416, 0.2509803921568627416 ) ;
#10212 =( LENGTH_UNIT ( ) NAMED_UNIT ( * ) SI_UNIT ( .MILLI., .METRE. ) );
#10213 = ORIENTED_EDGE ( 'NONE', *, *, #8217, .F. ) ;
#10214 = VECTOR ( 'NONE', #7417, 1000.000000000000000 ) ;
#10216 = ORIENTED_EDGE ( 'NONE', *, *, #12401, .F. ) ;
#10215 = DIRECTION ( 'NONE',  ( 0.0000000000000000000, 1.000000000000000000, 0.0000000000000000000 ) ) ;
#10217 = CARTESIAN_POINT ( 'NONE',  ( 0.5439116535429402433, -0.05000000000000000278, 1.276162611327208651 ) ) ;
#10218 = VECTOR ( 'NONE', #1812, 1000.000000000000000 ) ;
#10219 = UNCERTAINTY_MEASURE_WITH_UNIT (LENGTH_MEASURE( 1.000000000000000082E-05 ), #4771, 'distance_accuracy_value', 'NONE');
#10220 = MECHANICAL_DESIGN_GEOMETRIC_PRESENTATION_REPRESENTATION (  '', ( #8227 ), #10885 ) ;
#10221 =( NAMED_UNIT ( * ) PLANE_ANGLE_UNIT ( ) SI_UNIT ( $, .RADIAN. ) );
#10222 = AXIS2_PLACEMENT_3D ( 'NONE', #3761, #10668, #4778 ) ;
#10223 = FILL_AREA_STYLE_COLOUR ( '', #4822 ) ;
#10224 = EDGE_LOOP ( 'NONE', ( #3602, #4867, #7171, #7946 ) ) ;
#10225 = SURFACE_SIDE_STYLE ('',( #7547 ) ) ;
#10226 = ORIENTED_EDGE ( 'NONE', *, *, #12770, .T. ) ;
#10227 = LINE ( 'NONE', #7515, #12539 ) ;
#10228 = DIRECTION ( 'NONE',  ( 1.000000000000000000, -0.0000000000000000000, 0.0000000000000000000 ) ) ;
#10229 = PRESENTATION_STYLE_ASSIGNMENT (( #6059 ) ) ;
#10230 = DIRECTION ( 'NONE',  ( 0.0000000000000000000, 1.000000000000000000, -0.0000000000000000000 ) ) ;
#10231 = VECTOR ( 'NONE', #11508, 1000.000000000000000 ) ;
#10232 = CARTESIAN_POINT ( 'NONE',  ( 0.1160883464570598989, 0.1000000000000000056, 0.0000000000000000000 ) ) ;
#10233 = FILL_AREA_STYLE_COLOUR ( '', #7887 ) ;
#10234 = STYLED_ITEM ( 'NONE', ( #83 ), #369 ) ;
#10235 = LINE ( 'NONE', #3746, #2346 ) ;
#10236 = LINE ( 'NONE', #3945, #2347 ) ;
#10237 = CARTESIAN_POINT ( 'NONE',  ( 0.0000000000000000000, -0.05000000000000000278, -1.649999999999998579 ) ) ;
#10238 = COLOUR_RGB ( '',1.000000000000000000, 1.000000000000000000, 1.000000000000000000 ) ;
#10239 = EDGE_CURVE ( 'NONE', #1280, #10388, #7713, .T. ) ;
#10240 = EDGE_CURVE ( 'NONE', #4660, #565, #9713, .T. ) ;
#10241 = LINE ( 'NONE', #9395, #12557 ) ;
#10242 = AXIS2_PLACEMENT_3D ( 'NONE', #1981, #8893, #2963 ) ;
#10243 =( NAMED_UNIT ( * ) PLANE_ANGLE_UNIT ( ) SI_UNIT ( $, .RADIAN. ) );
#10244 = CARTESIAN_POINT ( 'NONE',  ( 1.197916575926319283, 0.1000000000000000056, -0.1623686072350682963 ) ) ;
#10245 = ORIENTED_EDGE ( 'NONE', *, *, #6099, .T. ) ;
#10246 = VECTOR ( 'NONE', #9519, 1000.000000000000000 ) ;
#10247 = VERTEX_POINT ( 'NONE', #4091 ) ;
#10248 = FILL_AREA_STYLE ('',( #11272 ) ) ;
#10249 = CARTESIAN_POINT ( 'NONE',  ( -0.1060883464570583357, 0.1000000000000000056, 1.320000718934352335 ) ) ;
#10250 = ORIENTED_EDGE ( 'NONE', *, *, #7009, .F. ) ;
#10251 = COLOUR_RGB ( '',1.000000000000000000, 1.000000000000000000, 1.000000000000000000 ) ;
#10252 =( LENGTH_UNIT ( ) NAMED_UNIT ( * ) SI_UNIT ( .MILLI., .METRE. ) );
#10253 = ORIENTED_EDGE ( 'NONE', *, *, #1891, .F. ) ;
#10254 = FILL_AREA_STYLE ('',( #1334 ) ) ;
#10255 = FILL_AREA_STYLE ('',( #9259 ) ) ;
#10256 = DIRECTION ( 'NONE',  ( 0.0000000000000000000, -1.000000000000000000, 0.0000000000000000000 ) ) ;
#10257 = MECHANICAL_DESIGN_GEOMETRIC_PRESENTATION_REPRESENTATION (  '', ( #8262 ), #10913 ) ;
#10258 = PRESENTATION_LAYER_ASSIGNMENT (  '', '', ( #10915 ) ) ;
#10259 = ORIENTED_EDGE ( 'NONE', *, *, #5630, .F. ) ;
#10260 = EDGE_CURVE ( 'NONE', #11667, #971, #9406, .T. ) ;
#10261 = MECHANICAL_DESIGN_GEOMETRIC_PRESENTATION_REPRESENTATION (  '', ( #8270 ), #10264 ) ;
#10262 = SURFACE_SIDE_STYLE ('',( #2440 ) ) ;
#10263 = EDGE_CURVE ( 'NONE', #11423, #11752, #8551, .T. ) ;
#10264 =( GEOMETRIC_REPRESENTATION_CONTEXT ( 3 ) GLOBAL_UNCERTAINTY_ASSIGNED_CONTEXT ( ( #4616 ) ) GLOBAL_UNIT_ASSIGNED_CONTEXT ( ( #4892, #11779, #5877 ) ) REPRESENTATION_CONTEXT ( 'NONE', 'WORKASPACE' ) );
#10265 = SURFACE_STYLE_USAGE ( .BOTH. , #10517 ) ;
#10266 = CARTESIAN_POINT ( 'NONE',  ( 0.0000000000000000000, -0.05000000000000000278, 0.0000000000000000000 ) ) ;
#10267 =( NAMED_UNIT ( * ) SI_UNIT ( $, .STERADIAN. ) SOLID_ANGLE_UNIT ( ) );
#10268 = SURFACE_STYLE_FILL_AREA ( #11945 ) ;
#10269 = ADVANCED_FACE ( 'NONE', ( #3852 ), #2907, .F. ) ;
#10270 = DIRECTION ( 'NONE',  ( 0.0000000000000000000, 0.0000000000000000000, -1.000000000000000000 ) ) ;
#10271 = CARTESIAN_POINT ( 'NONE',  ( 0.4949999999999992184, 0.1000000000000000056, 0.0000000000000000000 ) ) ;
#10272 = ORIENTED_EDGE ( 'NONE', *, *, #1481, .T. ) ;
#10273 = DIRECTION ( 'NONE',  ( 0.0000000000000000000, 1.000000000000000000, -0.0000000000000000000 ) ) ;
#10274 = DIRECTION ( 'NONE',  ( -2.189696164768673130E-14, 0.0000000000000000000, -1.000000000000000000 ) ) ;
#10275 =( NAMED_UNIT ( * ) PLANE_ANGLE_UNIT ( ) SI_UNIT ( $, .RADIAN. ) );
#10276 = FILL_AREA_STYLE_COLOUR ( '', #4351 ) ;
#10277 = MANIFOLD_SOLID_BREP ( 'Boss-Extrude3[1]', #11523 ) ;
#10278 = VERTEX_POINT ( 'NONE', #2230 ) ;
#10279 = PRESENTATION_STYLE_ASSIGNMENT (( #5088 ) ) ;
#10280 = EDGE_CURVE ( 'NONE', #12840, #914, #4646, .T. ) ;
#10281 = ORIENTED_EDGE ( 'NONE', *, *, #8630, .F. ) ;
#10282 =( NAMED_UNIT ( * ) PLANE_ANGLE_UNIT ( ) SI_UNIT ( $, .RADIAN. ) );
#10283 = LINE ( 'NONE', #11082, #7652 ) ;
#10284 = CARTESIAN_POINT ( 'NONE',  ( 0.1650000000000009237, -0.05000000000000000278, -1.649999999999998579 ) ) ;
#10285 = DIRECTION ( 'NONE',  ( -0.0000000000000000000, 0.0000000000000000000, 1.000000000000000000 ) ) ;
#10286 = UNCERTAINTY_MEASURE_WITH_UNIT (LENGTH_MEASURE( 1.000000000000000082E-05 ), #4757, 'distance_accuracy_value', 'NONE');
#10287 = ORIENTED_EDGE ( 'NONE', *, *, #2071, .F. ) ;
#10288 =( GEOMETRIC_REPRESENTATION_CONTEXT ( 3 ) GLOBAL_UNCERTAINTY_ASSIGNED_CONTEXT ( ( #263 ) ) GLOBAL_UNIT_ASSIGNED_CONTEXT ( ( #6805, #854, #7795 ) ) REPRESENTATION_CONTEXT ( 'NONE', 'WORKASPACE' ) );
#10289 = DIRECTION ( 'NONE',  ( 0.0000000000000000000, 0.0000000000000000000, 1.000000000000000000 ) ) ;
#10290 = AXIS2_PLACEMENT_3D ( 'NONE', #7755, #1828, #8744 ) ;
#10291 = CARTESIAN_POINT ( 'NONE',  ( -0.1689977282522470148, -0.05000000000000000278, -1.649999999999998579 ) ) ;
#10292 = SURFACE_SIDE_STYLE ('',( #7999 ) ) ;
#10293 = LINE ( 'NONE', #1285, #7346 ) ;
#10294 = ORIENTED_EDGE ( 'NONE', *, *, #12433, .T. ) ;
#10295 = DIRECTION ( 'NONE',  ( 1.000000000000000000, 0.0000000000000000000, 0.0000000000000000000 ) ) ;
#10296 = FILL_AREA_STYLE_COLOUR ( '', #2886 ) ;
#10297 = PLANE ( 'NONE',  #11912 ) ;
#10298 =( NAMED_UNIT ( * ) PLANE_ANGLE_UNIT ( ) SI_UNIT ( $, .RADIAN. ) );
#10299 = PRESENTATION_STYLE_ASSIGNMENT (( #1028 ) ) ;
#10300 = DIRECTION ( 'NONE',  ( -0.0000000000000000000, 0.0000000000000000000, -1.000000000000000000 ) ) ;
#10301 = DIRECTION ( 'NONE',  ( -0.0000000000000000000, 0.0000000000000000000, 1.000000000000000000 ) ) ;
#10302 = VERTEX_POINT ( 'NONE', #8141 ) ;
#10303 = CARTESIAN_POINT ( 'NONE',  ( 1.134999999999999787, 0.1000000000000000056, -1.500000000000000000 ) ) ;
#10304 = MECHANICAL_DESIGN_GEOMETRIC_PRESENTATION_REPRESENTATION (  '', ( #8326 ), #10971 ) ;
#10306 = EDGE_CURVE ( 'NONE', #12633, #10177, #5561, .T. ) ;
#10305 = SURFACE_STYLE_USAGE ( .BOTH. , #3401 ) ;
#10307 = CARTESIAN_POINT ( 'NONE',  ( -1.197916575926319283, 0.0000000000000000000, 0.1623686072350682963 ) ) ;
#10308 = CARTESIAN_POINT ( 'NONE',  ( -1.599999999999999645, 0.1000000000000000056, -0.07500000000000017764 ) ) ;
#10309 = EDGE_CURVE ( 'NONE', #4645, #6210, #566, .T. ) ;
#10310 = CARTESIAN_POINT ( 'NONE',  ( -0.8189977282522473701, 0.1000000000000000056, -1.277681107331943622 ) ) ;
#10311 = ADVANCED_FACE ( 'NONE', ( #1676 ), #6207, .T. ) ;
#10312 = PRESENTATION_STYLE_ASSIGNMENT (( #8266 ) ) ;
#10313 = AXIS2_PLACEMENT_3D ( 'NONE', #2173, #6137, #176 ) ;
#10314 =( LENGTH_UNIT ( ) NAMED_UNIT ( * ) SI_UNIT ( .MILLI., .METRE. ) );
#10315 = CARTESIAN_POINT ( 'NONE',  ( -0.1689977282522470148, 0.1000000000000000056, -1.416874574924349872 ) ) ;
#10316 = EDGE_LOOP ( 'NONE', ( #3987, #1987, #1019, #7704 ) ) ;
#10317 = PRESENTATION_STYLE_ASSIGNMENT (( #6407 ) ) ;
#10318 = ADVANCED_FACE ( 'NONE', ( #8636 ), #12110, .T. ) ;
#10319 = ORIENTED_EDGE ( 'NONE', *, *, #1009, .T. ) ;
#10320 = ORIENTED_EDGE ( 'NONE', *, *, #10239, .F. ) ;
#10321 = VECTOR ( 'NONE', #4877, 1000.000000000000000 ) ;
#10322 = LINE ( 'NONE', #9042, #7687 ) ;
#10323 = CARTESIAN_POINT ( 'NONE',  ( 1.134999999999999787, 0.1000000000000000056, 0.0000000000000000000 ) ) ;
#10324 = DIRECTION ( 'NONE',  ( 0.0000000000000000000, 0.0000000000000000000, 1.000000000000000000 ) ) ;
#10325 = SURFACE_STYLE_FILL_AREA ( #9313 ) ;
#10326 = FILL_AREA_STYLE ('',( #9329 ) ) ;
#10327 = DIRECTION ( 'NONE',  ( 0.0000000000000000000, 1.000000000000000000, -0.0000000000000000000 ) ) ;
#10328 = STYLED_ITEM ( 'NONE', ( #949 ), #2622 ) ;
#10329 = ORIENTED_EDGE ( 'NONE', *, *, #10055, .T. ) ;
#10330 = EDGE_CURVE ( 'NONE', #2356, #392, #5095, .T. ) ;
#10331 = EDGE_LOOP ( 'NONE', ( #2808, #9708, #6537, #8472 ) ) ;
#10332 = SURFACE_STYLE_FILL_AREA ( #6627 ) ;
#10333 = LINE ( 'NONE', #11393, #2741 ) ;
#10334 = ADVANCED_FACE ( 'NONE', ( #7392 ), #1296, .T. ) ;
#10335 = MECHANICAL_DESIGN_GEOMETRIC_PRESENTATION_REPRESENTATION (  '', ( #9003 ), #10997 ) ;
#10336 = DIRECTION ( 'NONE',  ( 0.0000000000000000000, 1.000000000000000000, -0.0000000000000000000 ) ) ;
#10337 = ORIENTED_EDGE ( 'NONE', *, *, #12549, .T. ) ;
#10338 = DIRECTION ( 'NONE',  ( 0.0000000000000000000, 1.000000000000000000, -0.0000000000000000000 ) ) ;
#10339 = VERTEX_POINT ( 'NONE', #1347 ) ;
#10340 = FACE_OUTER_BOUND ( 'NONE', #11136, .T. ) ;
#10341 = FACE_OUTER_BOUND ( 'NONE', #3634, .T. ) ;
#10342 = FACE_OUTER_BOUND ( 'NONE', #6601, .T. ) ;
#10343 = ORIENTED_EDGE ( 'NONE', *, *, #1574, .F. ) ;
#10344 = DIRECTION ( 'NONE',  ( -0.0000000000000000000, 0.0000000000000000000, 1.000000000000000000 ) ) ;
#10345 = PLANE ( 'NONE',  #5323 ) ;
#10346 = ORIENTED_EDGE ( 'NONE', *, *, #10260, .T. ) ;
#10347 = LINE ( 'NONE', #3613, #104 ) ;
#10348 = ORIENTED_EDGE ( 'NONE', *, *, #4498, .F. ) ;
#10349 = CARTESIAN_POINT ( 'NONE',  ( 1.507075080061872185, 0.1000000000000000056, 0.1031605786060936225 ) ) ;
#10350 = MECHANICAL_DESIGN_GEOMETRIC_PRESENTATION_REPRESENTATION (  '', ( #9013 ), #11011 ) ;
#10351 = STYLED_ITEM ( 'NONE', ( #4350 ), #4037 ) ;
#10352 =( LENGTH_UNIT ( ) NAMED_UNIT ( * ) SI_UNIT ( .MILLI., .METRE. ) );
#10353 = VECTOR ( 'NONE', #12231, 1000.000000000000000 ) ;
#10354 = DIRECTION ( 'NONE',  ( -0.0000000000000000000, 0.0000000000000000000, 1.000000000000000000 ) ) ;
#10355 = SURFACE_STYLE_FILL_AREA ( #2259 ) ;
#10356 = CARTESIAN_POINT ( 'NONE',  ( 1.599999999999999645, 0.0000000000000000000, -0.0000000000000000000 ) ) ;
#10357 = CARTESIAN_POINT ( 'NONE',  ( 1.257124604555293734, -0.05000000000000000278, -0.1623686072350682963 ) ) ;
#10358 = SURFACE_STYLE_USAGE ( .BOTH. , #3443 ) ;
#10359 = MECHANICAL_DESIGN_GEOMETRIC_PRESENTATION_REPRESENTATION (  '', ( #9023 ), #11015 ) ;
#10361 = ORIENTED_EDGE ( 'NONE', *, *, #8272, .T. ) ;
#10360 = CARTESIAN_POINT ( 'NONE',  ( 0.4810022717477533405, -0.05000000000000000278, -1.416874574924349872 ) ) ;
#10362 = FACE_OUTER_BOUND ( 'NONE', #12034, .T. ) ;
#10363 = EDGE_LOOP ( 'NONE', ( #6945, #7397, #8477, #9238 ) ) ;
#10364 = UNCERTAINTY_MEASURE_WITH_UNIT (LENGTH_MEASURE( 1.000000000000000082E-05 ), #6451, 'distance_accuracy_value', 'NONE');
#10365 = DIRECTION ( 'NONE',  ( 1.000000000000000000, -0.0000000000000000000, 0.0000000000000000000 ) ) ;
#10366 = LINE ( 'NONE', #12827, #5131 ) ;
#10367 = DIRECTION ( 'NONE',  ( 0.0000000000000000000, 1.000000000000000000, 0.0000000000000000000 ) ) ;
#10368 = SURFACE_STYLE_USAGE ( .BOTH. , #10395 ) ;
#10369 =( GEOMETRIC_REPRESENTATION_CONTEXT ( 3 ) GLOBAL_UNCERTAINTY_ASSIGNED_CONTEXT ( ( #8133 ) ) GLOBAL_UNIT_ASSIGNED_CONTEXT ( ( #5997, #46, #6995 ) ) REPRESENTATION_CONTEXT ( 'NONE', 'WORKASPACE' ) );
#10370 = ORIENTED_EDGE ( 'NONE', *, *, #10330, .T. ) ;
#10371 = EDGE_CURVE ( 'NONE', #453, #8208, #9077, .T. ) ;
#10372 = PRESENTATION_STYLE_ASSIGNMENT (( #5152 ) ) ;
#10373 = STYLED_ITEM ( 'NONE', ( #2442 ), #4192 ) ;
#10374 = SURFACE_STYLE_USAGE ( .BOTH. , #3452 ) ;
#10375 = CARTESIAN_POINT ( 'NONE',  ( 0.0000000000000000000, 0.1000000000000000056, -1.199999999999999289 ) ) ;
#10376 = ORIENTED_EDGE ( 'NONE', *, *, #7923, .T. ) ;
#10377 = ORIENTED_EDGE ( 'NONE', *, *, #11139, .T. ) ;
#10378 = FILL_AREA_STYLE_COLOUR ( '', #12132 ) ;
#10379 = CARTESIAN_POINT ( 'NONE',  ( -0.1689977282522470148, -0.05000000000000000278, -0.0000000000000000000 ) ) ;
#10380 = SURFACE_STYLE_USAGE ( .BOTH. , #3453 ) ;
#10381 = STYLED_ITEM ( 'NONE', ( #2724 ), #9490 ) ;
#10382 = UNCERTAINTY_MEASURE_WITH_UNIT (LENGTH_MEASURE( 1.000000000000000082E-05 ), #2687, 'distance_accuracy_value', 'NONE');
#10383 = CARTESIAN_POINT ( 'NONE',  ( 0.5087622389318458005, 0.1000000000000000056, 0.0000000000000000000 ) ) ;
#10384 = CARTESIAN_POINT ( 'NONE',  ( 1.650000000000000355, -0.05000000000000000278, 0.0000000000000000000 ) ) ;
#10385 = FACE_OUTER_BOUND ( 'NONE', #11121, .T. ) ;
#10386 = SURFACE_SIDE_STYLE ('',( #2002 ) ) ;
#10387 = VERTEX_POINT ( 'NONE', #2393 ) ;
#10388 = VERTEX_POINT ( 'NONE', #9306 ) ;
#10389 = PRESENTATION_STYLE_ASSIGNMENT (( #9784 ) ) ;
#10390 = FACE_OUTER_BOUND ( 'NONE', #8212, .T. ) ;
#10391 = AXIS2_PLACEMENT_3D ( 'NONE', #5341, #12228, #6306 ) ;
#10392 =( NAMED_UNIT ( * ) SI_UNIT ( $, .STERADIAN. ) SOLID_ANGLE_UNIT ( ) );
#10393 = COLOUR_RGB ( '',0.2509803921568627416, 0.2509803921568627416, 0.2509803921568627416 ) ;
#10394 =( GEOMETRIC_REPRESENTATION_CONTEXT ( 3 ) GLOBAL_UNCERTAINTY_ASSIGNED_CONTEXT ( ( #9022 ) ) GLOBAL_UNIT_ASSIGNED_CONTEXT ( ( #11116, #5216, #12105 ) ) REPRESENTATION_CONTEXT ( 'NONE', 'WORKASPACE' ) );
#10395 = SURFACE_SIDE_STYLE ('',( #1081 ) ) ;
#10396 = COLOUR_RGB ( '',1.000000000000000000, 1.000000000000000000, 1.000000000000000000 ) ;
#10397 = ADVANCED_FACE ( 'NONE', ( #1515 ), #4412, .T. ) ;
#10398 = DIRECTION ( 'NONE',  ( 0.0000000000000000000, 0.0000000000000000000, 1.000000000000000000 ) ) ;
#10399 = DIRECTION ( 'NONE',  ( -0.0000000000000000000, 0.0000000000000000000, 1.000000000000000000 ) ) ;
#10400 = CARTESIAN_POINT ( 'NONE',  ( 0.0000000000000000000, 0.0000000000000000000, 1.249999999999999112 ) ) ;
#10402 = ADVANCED_FACE ( 'NONE', ( #5542 ), #10345, .T. ) ;
#10401 = SURFACE_STYLE_USAGE ( .BOTH. , #3481 ) ;
#10403 =( NAMED_UNIT ( * ) SI_UNIT ( $, .STERADIAN. ) SOLID_ANGLE_UNIT ( ) );
#10404 = COLOUR_RGB ( '',1.000000000000000000, 1.000000000000000000, 1.000000000000000000 ) ;
#10405 =( GEOMETRIC_REPRESENTATION_CONTEXT ( 3 ) GLOBAL_UNCERTAINTY_ASSIGNED_CONTEXT ( ( #1144 ) ) GLOBAL_UNIT_ASSIGNED_CONTEXT ( ( #189, #379, #955 ) ) REPRESENTATION_CONTEXT ( 'NONE', 'WORKASPACE' ) );
#10406 = DIRECTION ( 'NONE',  ( 0.0000000000000000000, 0.0000000000000000000, 1.000000000000000000 ) ) ;
#10407 = VERTEX_POINT ( 'NONE', #12331 ) ;
#10408 =( GEOMETRIC_REPRESENTATION_CONTEXT ( 3 ) GLOBAL_UNCERTAINTY_ASSIGNED_CONTEXT ( ( #27 ) ) GLOBAL_UNIT_ASSIGNED_CONTEXT ( ( #12404, #11489, #11401 ) ) REPRESENTATION_CONTEXT ( 'NONE', 'WORKASPACE' ) );
#10409 = EDGE_CURVE ( 'NONE', #9246, #1778, #4633, .T. ) ;
#10410 = AXIS2_PLACEMENT_3D ( 'NONE', #11346, #5449, #12349 ) ;
#10411 = SURFACE_STYLE_USAGE ( .BOTH. , #3492 ) ;
#10412 = FACE_OUTER_BOUND ( 'NONE', #8186, .T. ) ;
#10413 = DIRECTION ( 'NONE',  ( 0.0000000000000000000, 1.000000000000000000, -0.0000000000000000000 ) ) ;
#10414 = PLANE ( 'NONE',  #128 ) ;
#10415 = DIRECTION ( 'NONE',  ( 0.0000000000000000000, 1.000000000000000000, 0.0000000000000000000 ) ) ;
#10416 = ORIENTED_EDGE ( 'NONE', *, *, #8984, .F. ) ;
#10417 = CARTESIAN_POINT ( 'NONE',  ( 1.499999999999999556, 0.1499999999999999944, 1.301837281655233491 ) ) ;
#10418 = CARTESIAN_POINT ( 'NONE',  ( 0.5509352637076680992, 0.1000000000000000056, 1.375493264616636457 ) ) ;
#10419 = DIRECTION ( 'NONE',  ( 0.0000000000000000000, 0.0000000000000000000, 1.000000000000000000 ) ) ;
#10420 = VERTEX_POINT ( 'NONE', #7457 ) ;
#10421 = PRESENTATION_LAYER_ASSIGNMENT (  '', '', ( #11075 ) ) ;
#10422 = COLOUR_RGB ( '',1.000000000000000000, 1.000000000000000000, 1.000000000000000000 ) ;
#10423 = PRESENTATION_STYLE_ASSIGNMENT (( #12751 ) ) ;
#10424 =( GEOMETRIC_REPRESENTATION_CONTEXT ( 3 ) GLOBAL_UNCERTAINTY_ASSIGNED_CONTEXT ( ( #280 ) ) GLOBAL_UNIT_ASSIGNED_CONTEXT ( ( #6155, #196, #7158 ) ) REPRESENTATION_CONTEXT ( 'NONE', 'WORKASPACE' ) );
#10425 = MECHANICAL_DESIGN_GEOMETRIC_PRESENTATION_REPRESENTATION (  '', ( #8434 ), #11078 ) ;
#10426 = CARTESIAN_POINT ( 'NONE',  ( -0.5439116535429402433, 0.1000000000000000056, 1.276162611327208651 ) ) ;
#10427 = EDGE_CURVE ( 'NONE', #9551, #11812, #9840, .T. ) ;
#10428 = COLOUR_RGB ( '',1.000000000000000000, 1.000000000000000000, 1.000000000000000000 ) ;
#10429 = ORIENTED_EDGE ( 'NONE', *, *, #10486, .F. ) ;
#10430 = CARTESIAN_POINT ( 'NONE',  ( 1.257124604555293734, -0.05000000000000000278, -0.1623686072350682963 ) ) ;
#10431 = AXIS2_PLACEMENT_3D ( 'NONE', #8279, #2364, #9274 ) ;
#10432 = CARTESIAN_POINT ( 'NONE',  ( -0.4849999999999994316, 0.0000000000000000000, -1.277681107331943622 ) ) ;
#10433 = UNCERTAINTY_MEASURE_WITH_UNIT (LENGTH_MEASURE( 1.000000000000000082E-05 ), #9118, 'distance_accuracy_value', 'NONE');
#10434 = COLOUR_RGB ( '',1.000000000000000000, 1.000000000000000000, 1.000000000000000000 ) ;
#10435 =( NAMED_UNIT ( * ) SI_UNIT ( $, .STERADIAN. ) SOLID_ANGLE_UNIT ( ) );
#10436 = ORIENTED_EDGE ( 'NONE', *, *, #4609, .T. ) ;
#10437 = CARTESIAN_POINT ( 'NONE',  ( -1.044003024146626046, 0.1000000000000000056, -0.3087081087201543061 ) ) ;
#10438 = SURFACE_STYLE_FILL_AREA ( #6373 ) ;
#10439 = DIRECTION ( 'NONE',  ( -1.000000000000000000, 0.0000000000000000000, 0.0000000000000000000 ) ) ;
#10440 = AXIS2_PLACEMENT_3D ( 'NONE', #12694, #6799, #846 ) ;
#10441 = EDGE_CURVE ( 'NONE', #11217, #5820, #9545, .T. ) ;
#10442 = SURFACE_SIDE_STYLE ('',( #3240 ) ) ;
#10443 = VECTOR ( 'NONE', #5062, 1000.000000000000000 ) ;
#10444 = EDGE_CURVE ( 'NONE', #9843, #717, #1972, .T. ) ;
#10445 = ORIENTED_EDGE ( 'NONE', *, *, #9982, .T. ) ;
#10447 = CARTESIAN_POINT ( 'NONE',  ( -1.134999999999999787, 0.1000000000000000056, 0.2369407634194544698 ) ) ;
#10446 = VECTOR ( 'NONE', #6500, 1000.000000000000000 ) ;
#10448 = UNCERTAINTY_MEASURE_WITH_UNIT (LENGTH_MEASURE( 1.000000000000000082E-05 ), #11543, 'distance_accuracy_value', 'NONE');
#10449 = FILL_AREA_STYLE ('',( #11375 ) ) ;
#10450 = MECHANICAL_DESIGN_GEOMETRIC_PRESENTATION_REPRESENTATION (  '', ( #8461 ), #11107 ) ;
#10451 = DIRECTION ( 'NONE',  ( 1.000000000000000000, 0.0000000000000000000, -0.0000000000000000000 ) ) ;
#10452 = CARTESIAN_POINT ( 'NONE',  ( 0.0000000000000000000, -0.05000000000000000278, -1.416874574924349872 ) ) ;
#10453 = ADVANCED_FACE ( 'NONE', ( #4318 ), #8488, .T. ) ;
#10454 = ORIENTED_EDGE ( 'NONE', *, *, #7535, .F. ) ;
#10455 = ADVANCED_FACE ( 'NONE', ( #3352 ), #4772, .F. ) ;
#10456 = SURFACE_SIDE_STYLE ('',( #11663 ) ) ;
#10457 = AXIS2_PLACEMENT_3D ( 'NONE', #3426, #10338, #4448 ) ;
#10458 = LINE ( 'NONE', #3024, #5221 ) ;
#10459 = CARTESIAN_POINT ( 'NONE',  ( 0.8149999999999995026, -0.05000000000000000278, 1.375493264616636679 ) ) ;
#10460 = MECHANICAL_DESIGN_GEOMETRIC_PRESENTATION_REPRESENTATION (  '', ( #9127 ), #11123 ) ;
#10461 = CARTESIAN_POINT ( 'NONE',  ( 0.5087622389318458005, 0.0000000000000000000, -1.277681107331943622 ) ) ;
#10462 = FILL_AREA_STYLE_COLOUR ( '', #1956 ) ;
#10463 = VECTOR ( 'NONE', #7698, 1000.000000000000000 ) ;
#10464 = FACE_OUTER_BOUND ( 'NONE', #10331, .T. ) ;
#10465 = COLOUR_RGB ( '',1.000000000000000000, 1.000000000000000000, 1.000000000000000000 ) ;
#10466 = VERTEX_POINT ( 'NONE', #640 ) ;
#10467 = CARTESIAN_POINT ( 'NONE',  ( 0.7912377610681550211, 0.1000000000000000056, -1.416874574924349872 ) ) ;
#10468 =( LENGTH_UNIT ( ) NAMED_UNIT ( * ) SI_UNIT ( .MILLI., .METRE. ) );
#10469 = VECTOR ( 'NONE', #4209, 1000.000000000000000 ) ;
#10470 = VERTEX_POINT ( 'NONE', #7585 ) ;
#10471 =( NAMED_UNIT ( * ) SI_UNIT ( $, .STERADIAN. ) SOLID_ANGLE_UNIT ( ) );
#10472 = FACE_OUTER_BOUND ( 'NONE', #3407, .T. ) ;
#10473 = VECTOR ( 'NONE', #9442, 1000.000000000000000 ) ;
#10474 = SURFACE_STYLE_FILL_AREA ( #3150 ) ;
#10475 = CARTESIAN_POINT ( 'NONE',  ( 0.0000000000000000000, 0.1000000000000000056, 1.649999999999999467 ) ) ;
#10476 = ORIENTED_EDGE ( 'NONE', *, *, #2939, .F. ) ;
#10477 =( LENGTH_UNIT ( ) NAMED_UNIT ( * ) SI_UNIT ( .MILLI., .METRE. ) );
#10478 = EDGE_LOOP ( 'NONE', ( #6214, #5139, #7435, #9607 ) ) ;
#10479 = ORIENTED_EDGE ( 'NONE', *, *, #12068, .T. ) ;
#10480 = LINE ( 'NONE', #3994, #12174 ) ;
#10481 = CARTESIAN_POINT ( 'NONE',  ( -0.4849999999999994316, 0.1000000000000000056, 0.0000000000000000000 ) ) ;
#10483 = EDGE_CURVE ( 'NONE', #5413, #5250, #12617, .T. ) ;
#10482 = CARTESIAN_POINT ( 'NONE',  ( -0.1060883464570583357, -0.05000000000000000278, 1.276162611327208651 ) ) ;
#10484 = LINE ( 'NONE', #9917, #241 ) ;
#10485 = ORIENTED_EDGE ( 'NONE', *, *, #10240, .T. ) ;
#10486 = EDGE_CURVE ( 'NONE', #499, #11135, #2424, .T. ) ;
#10487 = FILL_AREA_STYLE_COLOUR ( '', #2502 ) ;
#10488 = VECTOR ( 'NONE', #3707, 1000.000000000000000 ) ;
#10489 =( GEOMETRIC_REPRESENTATION_CONTEXT ( 3 ) GLOBAL_UNCERTAINTY_ASSIGNED_CONTEXT ( ( #6566 ) ) GLOBAL_UNIT_ASSIGNED_CONTEXT ( ( #7648, #1720, #8646 ) ) REPRESENTATION_CONTEXT ( 'NONE', 'WORKASPACE' ) );
#10490 = LINE ( 'NONE', #1415, #7869 ) ;
#10491 = ORIENTED_EDGE ( 'NONE', *, *, #7027, .T. ) ;
#10492 = VECTOR ( 'NONE', #8657, 1000.000000000000000 ) ;
#10493 = PLANE ( 'NONE',  #9090 ) ;
#10494 = ORIENTED_EDGE ( 'NONE', *, *, #12320, .T. ) ;
#10495 = ORIENTED_EDGE ( 'NONE', *, *, #7057, .T. ) ;
#10496 = ORIENTED_EDGE ( 'NONE', *, *, #4249, .T. ) ;
#10497 = DIRECTION ( 'NONE',  ( -1.000000000000000000, 0.0000000000000000000, -0.0000000000000000000 ) ) ;
#10498 = DIRECTION ( 'NONE',  ( 0.0000000000000000000, 0.0000000000000000000, 1.000000000000000000 ) ) ;
#10499 = SURFACE_STYLE_USAGE ( .BOTH. , #3587 ) ;
#10500 =( GEOMETRIC_REPRESENTATION_CONTEXT ( 3 ) GLOBAL_UNCERTAINTY_ASSIGNED_CONTEXT ( ( #2511 ) ) GLOBAL_UNIT_ASSIGNED_CONTEXT ( ( #2232, #10735, #6993 ) ) REPRESENTATION_CONTEXT ( 'NONE', 'WORKASPACE' ) );
#10501 = DIRECTION ( 'NONE',  ( 0.0000000000000000000, 0.0000000000000000000, 1.000000000000000000 ) ) ;
#10502 = AXIS2_PLACEMENT_3D ( 'NONE', #483, #7429, #1503 ) ;
#10503 = EDGE_CURVE ( 'NONE', #11878, #2356, #2124, .T. ) ;
#10504 = ORIENTED_EDGE ( 'NONE', *, *, #12224, .T. ) ;
#10505 = SURFACE_STYLE_USAGE ( .BOTH. , #10619 ) ;
#10506 = PRESENTATION_LAYER_ASSIGNMENT (  '', '', ( #8530 ) ) ;
#10507 = CARTESIAN_POINT ( 'NONE',  ( -0.1689977282522470148, 0.1000000000000000056, -0.0000000000000000000 ) ) ;
#10508 = FACE_OUTER_BOUND ( 'NONE', #7164, .T. ) ;
#10509 = SURFACE_STYLE_FILL_AREA ( #11212 ) ;
#10511 = EDGE_LOOP ( 'NONE', ( #8506, #5729, #1394, #4440 ) ) ;
#10510 = CARTESIAN_POINT ( 'NONE',  ( -0.4849999999999994316, 0.0000000000000000000, -1.199999999999999289 ) ) ;
#10512 = EDGE_CURVE ( 'NONE', #94, #8704, #12327, .T. ) ;
#10513 = DIRECTION ( 'NONE',  ( 0.0000000000000000000, 0.0000000000000000000, -1.000000000000000000 ) ) ;
#10514 = LINE ( 'NONE', #9756, #12816 ) ;
#10515 = FILL_AREA_STYLE_COLOUR ( '', #2357 ) ;
#10516 =( LENGTH_UNIT ( ) NAMED_UNIT ( * ) SI_UNIT ( .MILLI., .METRE. ) );
#10517 = SURFACE_SIDE_STYLE ('',( #4167 ) ) ;
#10518 = ORIENTED_EDGE ( 'NONE', *, *, #8214, .T. ) ;
#10519 = PRESENTATION_STYLE_ASSIGNMENT (( #3260 ) ) ;
#10520 = VECTOR ( 'NONE', #5958, 1000.000000000000000 ) ;
#10521 = VERTEX_POINT ( 'NONE', #8612 ) ;
#10522 = UNCERTAINTY_MEASURE_WITH_UNIT (LENGTH_MEASURE( 1.000000000000000082E-05 ), #4422, 'distance_accuracy_value', 'NONE');
#10523 = ADVANCED_FACE ( 'NONE', ( #12005 ), #8458, .F. ) ;
#10524 = DIRECTION ( 'NONE',  ( 1.000000000000000000, 0.0000000000000000000, 0.0000000000000000000 ) ) ;
#10525 = EDGE_CURVE ( 'NONE', #7880, #153, #11081, .T. ) ;
#10526 = PLANE ( 'NONE',  #2412 ) ;
#10527 = PRESENTATION_STYLE_ASSIGNMENT (( #1559 ) ) ;
#10528 = SURFACE_SIDE_STYLE ('',( #9229 ) ) ;
#10529 = DIRECTION ( 'NONE',  ( 1.000000000000000000, 0.0000000000000000000, -0.0000000000000000000 ) ) ;
#10530 = STYLED_ITEM ( 'NONE', ( #10527 ), #8756 ) ;
#10531 = FILL_AREA_STYLE ('',( #2827 ) ) ;
#10532 = ORIENTED_EDGE ( 'NONE', *, *, #3872, .F. ) ;
#10533 = VECTOR ( 'NONE', #7725, 1000.000000000000000 ) ;
#10534 = VECTOR ( 'NONE', #6563, 1000.000000000000000 ) ;
#10535 = VERTEX_POINT ( 'NONE', #3728 ) ;
#10536 = ORIENTED_EDGE ( 'NONE', *, *, #5167, .T. ) ;
#10537 = UNCERTAINTY_MEASURE_WITH_UNIT (LENGTH_MEASURE( 1.000000000000000082E-05 ), #10963, 'distance_accuracy_value', 'NONE');
#10538 = PLANE ( 'NONE',  #6833 ) ;
#10539 =( GEOMETRIC_REPRESENTATION_CONTEXT ( 3 ) GLOBAL_UNCERTAINTY_ASSIGNED_CONTEXT ( ( #7184 ) ) GLOBAL_UNIT_ASSIGNED_CONTEXT ( ( #9437, #3517, #10435 ) ) REPRESENTATION_CONTEXT ( 'NONE', 'WORKASPACE' ) );
#10540 = EDGE_CURVE ( 'NONE', #2275, #7485, #5829, .T. ) ;
#10541 = CIRCLE ( 'NONE', #6580, 0.02617424799283601944 ) ;
#10542 = CARTESIAN_POINT ( 'NONE',  ( -1.401837281655233358, 0.1499999999999999944, -1.400000000000000133 ) ) ;
#10543 = CARTESIAN_POINT ( 'NONE',  ( 0.0000000000000000000, -0.05000000000000000278, -0.07500000000000017764 ) ) ;
#10544 =( LENGTH_UNIT ( ) NAMED_UNIT ( * ) SI_UNIT ( .MILLI., .METRE. ) );
#10545 = PRESENTATION_STYLE_ASSIGNMENT (( #9288 ) ) ;
#10546 = DIRECTION ( 'NONE',  ( 0.0000000000000000000, 0.0000000000000000000, -1.000000000000000000 ) ) ;
#10547 = DIRECTION ( 'NONE',  ( 0.0000000000000000000, 1.000000000000000000, 0.0000000000000000000 ) ) ;
#10548 = FACE_OUTER_BOUND ( 'NONE', #9861, .T. ) ;
#10549 = DIRECTION ( 'NONE',  ( -1.000000000000000000, 0.0000000000000000000, 0.0000000000000000000 ) ) ;
#10550 = ORIENTED_EDGE ( 'NONE', *, *, #4126, .T. ) ;
#10551 = LINE ( 'NONE', #1615, #2670 ) ;
#10552 = ORIENTED_EDGE ( 'NONE', *, *, #10197, .T. ) ;
#10553 = PLANE ( 'NONE',  #8845 ) ;
#10554 = DIRECTION ( 'NONE',  ( 0.0000000000000000000, 0.0000000000000000000, 1.000000000000000000 ) ) ;
#10555 = CARTESIAN_POINT ( 'NONE',  ( -1.540045451220497963, 0.0000000000000000000, 0.1083811245156857256 ) ) ;
#10556 = PRESENTATION_LAYER_ASSIGNMENT (  '', '', ( #11207 ) ) ;
#10557 = EDGE_CURVE ( 'NONE', #1837, #3430, #857, .T. ) ;
#10558 = EDGE_CURVE ( 'NONE', #1951, #4305, #3506, .T. ) ;
#10559 = CARTESIAN_POINT ( 'NONE',  ( 0.0000000000000000000, 0.1000000000000000056, -1.500000000000000000 ) ) ;
#10560 =( GEOMETRIC_REPRESENTATION_CONTEXT ( 3 ) GLOBAL_UNCERTAINTY_ASSIGNED_CONTEXT ( ( #3886 ) ) GLOBAL_UNIT_ASSIGNED_CONTEXT ( ( #2003, #8903, #2977 ) ) REPRESENTATION_CONTEXT ( 'NONE', 'WORKASPACE' ) );
#10561 = DIRECTION ( 'NONE',  ( 0.0000000000000000000, 0.0000000000000000000, -1.000000000000000000 ) ) ;
#10562 = DIRECTION ( 'NONE',  ( 0.0000000000000000000, -1.000000000000000000, 0.0000000000000000000 ) ) ;
#10563 = ORIENTED_EDGE ( 'NONE', *, *, #1321, .T. ) ;
#10564 = DIRECTION ( 'NONE',  ( 0.0000000000000000000, 1.000000000000000000, 0.0000000000000000000 ) ) ;
#10565 = SURFACE_SIDE_STYLE ('',( #5682 ) ) ;
#10566 = DIRECTION ( 'NONE',  ( -0.1874275599918963364, 0.9642312064598242971, -0.1874275599918963642 ) ) ;
#10567 = EDGE_LOOP ( 'NONE', ( #927, #10038, #6616, #10491 ) ) ;
#10568 = PRESENTATION_STYLE_ASSIGNMENT (( #1479 ) ) ;
#10569 = CARTESIAN_POINT ( 'NONE',  ( -1.291219160478732864, 0.6999999999999998446, -1.191219160478733219 ) ) ;
#10570 = FACE_OUTER_BOUND ( 'NONE', #6390, .T. ) ;
#10571 = DIRECTION ( 'NONE',  ( 0.0000000000000000000, 0.0000000000000000000, -1.000000000000000000 ) ) ;
#10572 = STYLED_ITEM ( 'NONE', ( #4409 ), #2530 ) ;
#10573 = FILL_AREA_STYLE ('',( #10039 ) ) ;
#10574 = ORIENTED_EDGE ( 'NONE', *, *, #11549, .T. ) ;
#10575 =( LENGTH_UNIT ( ) NAMED_UNIT ( * ) SI_UNIT ( .MILLI., .METRE. ) );
#10576 =( GEOMETRIC_REPRESENTATION_CONTEXT ( 3 ) GLOBAL_UNCERTAINTY_ASSIGNED_CONTEXT ( ( #6024 ) ) GLOBAL_UNIT_ASSIGNED_CONTEXT ( ( #12776, #6885, #943 ) ) REPRESENTATION_CONTEXT ( 'NONE', 'WORKASPACE' ) );
#10577 = SURFACE_SIDE_STYLE ('',( #4159 ) ) ;
#10578 =( LENGTH_UNIT ( ) NAMED_UNIT ( * ) SI_UNIT ( .MILLI., .METRE. ) );
#10579 = ORIENTED_EDGE ( 'NONE', *, *, #10072, .F. ) ;
#10580 = DIRECTION ( 'NONE',  ( 0.0000000000000000000, 0.0000000000000000000, 1.000000000000000000 ) ) ;
#10581 = SURFACE_STYLE_FILL_AREA ( #4084 ) ;
#10582 = ORIENTED_EDGE ( 'NONE', *, *, #1010, .F. ) ;
#10583 = VECTOR ( 'NONE', #4550, 1000.000000000000000 ) ;
#10584 = DIRECTION ( 'NONE',  ( 0.0000000000000000000, 1.000000000000000000, -0.0000000000000000000 ) ) ;
#10585 = DIRECTION ( 'NONE',  ( 0.0000000000000000000, 0.0000000000000000000, 1.000000000000000000 ) ) ;
#10586 = UNCERTAINTY_MEASURE_WITH_UNIT (LENGTH_MEASURE( 1.000000000000000082E-05 ), #4533, 'distance_accuracy_value', 'NONE');
#10587 = AXIS2_PLACEMENT_3D ( 'NONE', #2149, #2069, #2027 ) ;
#10588 = CIRCLE ( 'NONE', #7475, 0.03338112451568553407 ) ;
#10589 = ORIENTED_EDGE ( 'NONE', *, *, #12465, .F. ) ;
#10590 = DIRECTION ( 'NONE',  ( 1.000000000000000000, 0.0000000000000000000, -0.0000000000000000000 ) ) ;
#10591 = PRESENTATION_STYLE_ASSIGNMENT (( #4424 ) ) ;
#10592 = DIRECTION ( 'NONE',  ( 0.0000000000000000000, 0.0000000000000000000, 1.000000000000000000 ) ) ;
#10593 = SURFACE_SIDE_STYLE ('',( #7072 ) ) ;
#10594 = AXIS2_PLACEMENT_3D ( 'NONE', #8672, #2662, #2730 ) ;
#10595 = FACE_OUTER_BOUND ( 'NONE', #9310, .T. ) ;
#10596 = CARTESIAN_POINT ( 'NONE',  ( 1.257124604555293956, -0.05000000000000000278, -0.1031605786060936225 ) ) ;
#10597 = LINE ( 'NONE', #223, #56 ) ;
#10598 = SURFACE_STYLE_USAGE ( .BOTH. , #3686 ) ;
#10599 = CARTESIAN_POINT ( 'NONE',  ( 0.0000000000000000000, 0.0000000000000000000, 0.0000000000000000000 ) ) ;
#10600 = ORIENTED_EDGE ( 'NONE', *, *, #12250, .T. ) ;
#10601 = UNCERTAINTY_MEASURE_WITH_UNIT (LENGTH_MEASURE( 1.000000000000000082E-05 ), #6345, 'distance_accuracy_value', 'NONE');
#10602 = FILL_AREA_STYLE ('',( #3690 ) ) ;
#10603 = CARTESIAN_POINT ( 'NONE',  ( -1.540045451220497963, 0.1000000000000000056, 0.1083811245156857256 ) ) ;
#10604 =( GEOMETRIC_REPRESENTATION_CONTEXT ( 3 ) GLOBAL_UNCERTAINTY_ASSIGNED_CONTEXT ( ( #10433 ) ) GLOBAL_UNIT_ASSIGNED_CONTEXT ( ( #9118, #3182, #10101 ) ) REPRESENTATION_CONTEXT ( 'NONE', 'WORKASPACE' ) );
#10605 = EDGE_CURVE ( 'NONE', #5892, #359, #535, .T. ) ;
#10606 = DIRECTION ( 'NONE',  ( 1.000000000000000000, 0.0000000000000000000, 0.0000000000000000000 ) ) ;
#10607 = PRESENTATION_STYLE_ASSIGNMENT (( #4407 ) ) ;
#10608 = AXIS2_PLACEMENT_3D ( 'NONE', #10437, #3521, #8500 ) ;
#10609 = ORIENTED_EDGE ( 'NONE', *, *, #2118, .F. ) ;
#10610 = CIRCLE ( 'NONE', #7689, 0.05593526370766899181 ) ;
#10611 = SURFACE_STYLE_USAGE ( .BOTH. , #3704 ) ;
#10612 = VECTOR ( 'NONE', #4884, 1000.000000000000000 ) ;
#10613 = FILL_AREA_STYLE_COLOUR ( '', #12378 ) ;
#10614 = SURFACE_STYLE_FILL_AREA ( #6274 ) ;
#10615 = CARTESIAN_POINT ( 'NONE',  ( -0.1412377610681545548, -0.05000000000000000278, 0.0000000000000000000 ) ) ;
#10616 = DIRECTION ( 'NONE',  ( -1.000000000000000000, 0.0000000000000000000, -0.0000000000000000000 ) ) ;
#10617 = CARTESIAN_POINT ( 'NONE',  ( 1.197916575926319283, -0.05000000000000000278, -0.2000076143446563315 ) ) ;
#10618 = EDGE_LOOP ( 'NONE', ( #11124, #750, #11732, #2127 ) ) ;
#10619 = SURFACE_SIDE_STYLE ('',( #8244 ) ) ;
#10620 = ORIENTED_EDGE ( 'NONE', *, *, #2714, .T. ) ;
#10622 = ORIENTED_EDGE ( 'NONE', *, *, #1476, .T. ) ;
#10621 = PRESENTATION_LAYER_ASSIGNMENT (  '', '', ( #9950 ) ) ;
#10623 = SURFACE_STYLE_FILL_AREA ( #911 ) ;
#10624 = CARTESIAN_POINT ( 'NONE',  ( -1.044003024146626046, 0.1000000000000000056, -0.4000099329729214226 ) ) ;
#10625 = LINE ( 'NONE', #6866, #12334 ) ;
#10626 =( LENGTH_UNIT ( ) NAMED_UNIT ( * ) SI_UNIT ( .MILLI., .METRE. ) );
#10627 = LINE ( 'NONE', #342, #2736 ) ;
#10628 = ORIENTED_EDGE ( 'NONE', *, *, #3784, .T. ) ;
#10629 =( NAMED_UNIT ( * ) SI_UNIT ( $, .STERADIAN. ) SOLID_ANGLE_UNIT ( ) );
#10630 =( NAMED_UNIT ( * ) SI_UNIT ( $, .STERADIAN. ) SOLID_ANGLE_UNIT ( ) );
#10631 = ORIENTED_EDGE ( 'NONE', *, *, #11432, .F. ) ;
#10632 = ORIENTED_EDGE ( 'NONE', *, *, #6744, .T. ) ;
#10633 = CARTESIAN_POINT ( 'NONE',  ( -0.5700859015357763182, 0.0000000000000000000, 1.276162611327208873 ) ) ;
#10634 = MECHANICAL_DESIGN_GEOMETRIC_PRESENTATION_REPRESENTATION (  '', ( #9319 ), #11298 ) ;
#10635 = EDGE_LOOP ( 'NONE', ( #12573, #10259, #12416, #11492 ) ) ;
#10636 = PRESENTATION_STYLE_ASSIGNMENT (( #6252 ) ) ;
#10637 = SURFACE_STYLE_USAGE ( .BOTH. , #3732 ) ;
#10638 = CARTESIAN_POINT ( 'NONE',  ( -0.5127599671840918916, 0.1000000000000000056, -1.277681107331943622 ) ) ;
#10639 = ORIENTED_EDGE ( 'NONE', *, *, #11930, .F. ) ;
#10640 = DIRECTION ( 'NONE',  ( 0.0000000000000000000, -1.000000000000000000, 0.0000000000000000000 ) ) ;
#10641 = STYLED_ITEM ( 'NONE', ( #8268 ), #2081 ) ;
#10642 = SURFACE_STYLE_USAGE ( .BOTH. , #3738 ) ;
#10643 = EDGE_CURVE ( 'NONE', #1665, #5250, #5527, .T. ) ;
#10644 = LINE ( 'NONE', #12392, #3058 ) ;
#10645 = COLOUR_RGB ( '',1.000000000000000000, 1.000000000000000000, 1.000000000000000000 ) ;
#10646 = ORIENTED_EDGE ( 'NONE', *, *, #976, .F. ) ;
#10647 = VERTEX_POINT ( 'NONE', #12662 ) ;
#10648 = STYLED_ITEM ( 'NONE', ( #9424 ), #7103 ) ;
#10649 = CARTESIAN_POINT ( 'NONE',  ( -1.197916575926319283, -0.05000000000000000278, 0.0000000000000000000 ) ) ;
#10650 = VECTOR ( 'NONE', #3322, 1000.000000000000000 ) ;
#10651 = VECTOR ( 'NONE', #4993, 1000.000000000000000 ) ;
#10652 = CARTESIAN_POINT ( 'NONE',  ( -1.134999999999999787, -0.05000000000000000278, -1.649999999999998579 ) ) ;
#10653 = ORIENTED_EDGE ( 'NONE', *, *, #547, .F. ) ;
#10654 = DIRECTION ( 'NONE',  ( 0.0000000000000000000, 1.000000000000000000, 0.0000000000000000000 ) ) ;
#10655 = VERTEX_POINT ( 'NONE', #6742 ) ;
#10656 = ADVANCED_BREP_SHAPE_REPRESENTATION ( 'FDMC8327L', ( #8638, #10277, #7282, #5933, #11856, #1312, #3439 ), #10970 ) ;
#10657 = SURFACE_STYLE_FILL_AREA ( #1082 ) ;
#10658 = SURFACE_STYLE_FILL_AREA ( #2204 ) ;
#10659 = SURFACE_STYLE_USAGE ( .BOTH. , #3751 ) ;
#10660 = ORIENTED_EDGE ( 'NONE', *, *, #4753, .T. ) ;
#10661 = ORIENTED_EDGE ( 'NONE', *, *, #6890, .F. ) ;
#10662 = CARTESIAN_POINT ( 'NONE',  ( 0.4810022717477533405, -0.05000000000000000278, -1.199999999999999289 ) ) ;
#10663 = DIRECTION ( 'NONE',  ( 0.0000000000000000000, 0.0000000000000000000, -1.000000000000000000 ) ) ;
#10664 = SURFACE_STYLE_USAGE ( .BOTH. , #3754 ) ;
#10665 = AXIS2_PLACEMENT_3D ( 'NONE', #12800, #6901, #958 ) ;
#10666 = EDGE_CURVE ( 'NONE', #12840, #6762, #10770, .T. ) ;
#10667 = DIRECTION ( 'NONE',  ( 0.0000000000000000000, 1.000000000000000000, 0.0000000000000000000 ) ) ;
#10668 = DIRECTION ( 'NONE',  ( 0.0000000000000000000, -0.0000000000000000000, 1.000000000000000000 ) ) ;
#10669 = DIRECTION ( 'NONE',  ( 0.0000000000000000000, 1.000000000000000000, -0.0000000000000000000 ) ) ;
#10670 = VECTOR ( 'NONE', #5325, 1000.000000000000000 ) ;
#10671 = COLOUR_RGB ( '',1.000000000000000000, 1.000000000000000000, 1.000000000000000000 ) ;
#10672 = DIRECTION ( 'NONE',  ( -1.000000000000000000, 0.0000000000000000000, 0.0000000000000000000 ) ) ;
#10673 = SURFACE_STYLE_FILL_AREA ( #7366 ) ;
#10674 = UNCERTAINTY_MEASURE_WITH_UNIT (LENGTH_MEASURE( 1.000000000000000082E-05 ), #4063, 'distance_accuracy_value', 'NONE');
#10675 = CARTESIAN_POINT ( 'NONE',  ( -1.171933149074798175, -0.05000000000000000278, 0.2000076143446563315 ) ) ;
#10676 =( NAMED_UNIT ( * ) SI_UNIT ( $, .STERADIAN. ) SOLID_ANGLE_UNIT ( ) );
#10677 =( NAMED_UNIT ( * ) SI_UNIT ( $, .STERADIAN. ) SOLID_ANGLE_UNIT ( ) );
#10678 = SURFACE_STYLE_FILL_AREA ( #4358 ) ;
#10679 = PRESENTATION_STYLE_ASSIGNMENT (( #11291 ) ) ;
#10680 = STYLED_ITEM ( 'NONE', ( #9232 ), #10453 ) ;
#10681 = VERTEX_POINT ( 'NONE', #8733 ) ;
#10682 = EDGE_CURVE ( 'NONE', #7026, #12805, #221, .T. ) ;
#10683 = LINE ( 'NONE', #4538, #2789 ) ;
#10684 = DIRECTION ( 'NONE',  ( 0.0000000000000000000, 0.0000000000000000000, 1.000000000000000000 ) ) ;
#10685 = EDGE_CURVE ( 'NONE', #4764, #3185, #5228, .T. ) ;
#10686 = VERTEX_POINT ( 'NONE', #7790 ) ;
#10687 = FILL_AREA_STYLE_COLOUR ( '', #6456 ) ;
#10688 = ORIENTED_EDGE ( 'NONE', *, *, #1590, .F. ) ;
#10689 = FILL_AREA_STYLE ('',( #8712 ) ) ;
#10690 = SURFACE_SIDE_STYLE ('',( #7068 ) ) ;
#10691 = CARTESIAN_POINT ( 'NONE',  ( -0.8149999999999995026, -0.05000000000000000278, 1.375493264616636679 ) ) ;
#10692 = CARTESIAN_POINT ( 'NONE',  ( -0.5439116535429402433, 0.1000000000000000056, 1.320000718934352335 ) ) ;
#10693 = PRESENTATION_LAYER_ASSIGNMENT (  '', '', ( #9362 ) ) ;
#10694 = FILL_AREA_STYLE ('',( #211 ) ) ;
#10695 = SURFACE_STYLE_FILL_AREA ( #7507 ) ;
#10696 = FILL_AREA_STYLE_COLOUR ( '', #10817 ) ;
#10697 = ADVANCED_FACE ( 'NONE', ( #10143 ), #1862, .T. ) ;
#10698 = SURFACE_STYLE_FILL_AREA ( #11821 ) ;
#10699 = SURFACE_STYLE_USAGE ( .BOTH. , #3791 ) ;
#10700 = AXIS2_PLACEMENT_3D ( 'NONE', #1115, #8057, #2131 ) ;
#10701 = PRESENTATION_LAYER_ASSIGNMENT (  '', '', ( #10036 ) ) ;
#10702 = CARTESIAN_POINT ( 'NONE',  ( 0.0000000000000000000, 0.1000000000000000056, -1.199999999999999289 ) ) ;
#10703 = DIRECTION ( 'NONE',  ( 0.0000000000000000000, -1.000000000000000000, 0.0000000000000000000 ) ) ;
#10704 = ADVANCED_FACE ( 'NONE', ( #1653 ), #3022, .F. ) ;
#10705 = ORIENTED_EDGE ( 'NONE', *, *, #11468, .T. ) ;
#10706 = ADVANCED_FACE ( 'NONE', ( #10925 ), #8870, .T. ) ;
#10707 = ORIENTED_EDGE ( 'NONE', *, *, #11876, .F. ) ;
#10708 = FILL_AREA_STYLE ('',( #694 ) ) ;
#10709 = ORIENTED_EDGE ( 'NONE', *, *, #11141, .F. ) ;
#10710 = CARTESIAN_POINT ( 'NONE',  ( 1.044003024146626046, 0.1000000000000000056, -0.4000099329729214226 ) ) ;
#10711 = ORIENTED_EDGE ( 'NONE', *, *, #3556, .T. ) ;
#10712 = FACE_BOUND ( 'NONE', #12443, .T. ) ;
#10713 = CARTESIAN_POINT ( 'NONE',  ( 1.134999999999999787, -0.05000000000000000278, -1.277681107331943622 ) ) ;
#10714 = DIRECTION ( 'NONE',  ( 0.0000000000000000000, 1.000000000000000000, -0.0000000000000000000 ) ) ;
#10715 = EDGE_LOOP ( 'NONE', ( #4534, #3879, #2636, #1691 ) ) ;
#10716 = DIRECTION ( 'NONE',  ( 1.000000000000000000, -0.0000000000000000000, 0.0000000000000000000 ) ) ;
#10717 = DIRECTION ( 'NONE',  ( 0.0000000000000000000, 0.0000000000000000000, 1.000000000000000000 ) ) ;
#10718 = PRESENTATION_LAYER_ASSIGNMENT (  '', '', ( #11381 ) ) ;
#10719 = EDGE_CURVE ( 'NONE', #1677, #12398, #7360, .T. ) ;
#10720 = EDGE_CURVE ( 'NONE', #11726, #11697, #2113, .T. ) ;
#10721 = ADVANCED_FACE ( 'NONE', ( #4457 ), #841, .T. ) ;
#10722 = EDGE_LOOP ( 'NONE', ( #11292, #11406, #4492, #10454 ) ) ;
#10723 = MECHANICAL_DESIGN_GEOMETRIC_PRESENTATION_REPRESENTATION (  '', ( #8740 ), #11390 ) ;
#10724 = CARTESIAN_POINT ( 'NONE',  ( -0.1689977282522470148, -0.05000000000000000278, -1.416874574924349872 ) ) ;
#10725 = EDGE_CURVE ( 'NONE', #240, #974, #11376, .T. ) ;
#10726 = DIRECTION ( 'NONE',  ( 0.0000000000000000000, 0.0000000000000000000, -1.000000000000000000 ) ) ;
#10727 = CARTESIAN_POINT ( 'NONE',  ( -0.8189977282522473701, 0.0000000000000000000, -1.500000000000000000 ) ) ;
#10728 = DIRECTION ( 'NONE',  ( 0.0000000000000000000, 0.0000000000000000000, 1.000000000000000000 ) ) ;
#10729 = VERTEX_POINT ( 'NONE', #4032 ) ;
#10730 = SURFACE_SIDE_STYLE ('',( #11850 ) ) ;
#10731 =( LENGTH_UNIT ( ) NAMED_UNIT ( * ) SI_UNIT ( .MILLI., .METRE. ) );
#10732 = ORIENTED_EDGE ( 'NONE', *, *, #9323, .T. ) ;
#10733 = STYLED_ITEM ( 'NONE', ( #1549 ), #825 ) ;
#10735 =( NAMED_UNIT ( * ) PLANE_ANGLE_UNIT ( ) SI_UNIT ( $, .RADIAN. ) );
#10734 = VECTOR ( 'NONE', #9808, 1000.000000000000000 ) ;
#10736 = AXIS2_PLACEMENT_3D ( 'NONE', #7155, #1214, #8139 ) ;
#10737 = CARTESIAN_POINT ( 'NONE',  ( -1.499999999999999778, 0.1499999999999999944, 1.301837281655233491 ) ) ;
#10738 = EDGE_CURVE ( 'NONE', #985, #2408, #8750, .T. ) ;
#10739 = VECTOR ( 'NONE', #11020, 1000.000000000000000 ) ;
#10740 = VERTEX_POINT ( 'NONE', #5047 ) ;
#10741 = CARTESIAN_POINT ( 'NONE',  ( -1.162759967184092247, -0.05000000000000000278, -1.416874574924349872 ) ) ;
#10742 = AXIS2_PLACEMENT_3D ( 'NONE', #6433, #488, #7436 ) ;
#10743 = DIRECTION ( 'NONE',  ( -0.0000000000000000000, 0.0000000000000000000, -1.000000000000000000 ) ) ;
#10744 = EDGE_CURVE ( 'NONE', #4320, #9246, #8442, .T. ) ;
#10745 = CIRCLE ( 'NONE', #3062, 0.05593526370766899181 ) ;
#10746 = DIRECTION ( 'NONE',  ( -1.000000000000000000, 0.0000000000000000000, 0.0000000000000000000 ) ) ;
#10747 = DIRECTION ( 'NONE',  ( 1.000000000000000000, -0.0000000000000000000, 0.0000000000000000000 ) ) ;
#10748 = DIRECTION ( 'NONE',  ( 1.000000000000000000, -0.0000000000000000000, 0.0000000000000000000 ) ) ;
#10749 = UNCERTAINTY_MEASURE_WITH_UNIT (LENGTH_MEASURE( 1.000000000000000082E-05 ), #10192, 'distance_accuracy_value', 'NONE');
#10750 = DIRECTION ( 'NONE',  ( 0.0000000000000000000, 1.000000000000000000, -0.0000000000000000000 ) ) ;
#10751 = ORIENTED_EDGE ( 'NONE', *, *, #7351, .T. ) ;
#10752 = LINE ( 'NONE', #7502, #12750 ) ;
#10753 = FILL_AREA_STYLE_COLOUR ( '', #588 ) ;
#10754 = ADVANCED_FACE ( 'NONE', ( #11065 ), #61, .T. ) ;
#10755 =( GEOMETRIC_REPRESENTATION_CONTEXT ( 3 ) GLOBAL_UNCERTAINTY_ASSIGNED_CONTEXT ( ( #11529 ) ) GLOBAL_UNIT_ASSIGNED_CONTEXT ( ( #2465, #2320, #2272 ) ) REPRESENTATION_CONTEXT ( 'NONE', 'WORKASPACE' ) );
#10756 = MECHANICAL_DESIGN_GEOMETRIC_PRESENTATION_REPRESENTATION (  '', ( #9435 ), #11430 ) ;
#10757 = DIRECTION ( 'NONE',  ( 0.0000000000000000000, 0.0000000000000000000, -1.000000000000000000 ) ) ;
#10758 = EDGE_CURVE ( 'NONE', #2146, #7112, #12458, .T. ) ;
#10759 =( LENGTH_UNIT ( ) NAMED_UNIT ( * ) SI_UNIT ( .MILLI., .METRE. ) );
#10760 = ADVANCED_FACE ( 'NONE', ( #7211 ), #5133, .T. ) ;
#10761 = VERTEX_POINT ( 'NONE', #4121 ) ;
#10762 = SURFACE_STYLE_USAGE ( .BOTH. , #3860 ) ;
#10763 = UNCERTAINTY_MEASURE_WITH_UNIT (LENGTH_MEASURE( 1.000000000000000082E-05 ), #9640, 'distance_accuracy_value', 'NONE');
#10764 = SURFACE_STYLE_USAGE ( .BOTH. , #3861 ) ;
#10765 = MECHANICAL_DESIGN_GEOMETRIC_PRESENTATION_REPRESENTATION (  '', ( #8785 ), #11439 ) ;
#10766 = LINE ( 'NONE', #7981, #2865 ) ;
#10767 = CARTESIAN_POINT ( 'NONE',  ( -1.042656287931754022, -0.05000000000000000278, -0.3999999999999976907 ) ) ;
#10768 =( NAMED_UNIT ( * ) SI_UNIT ( $, .STERADIAN. ) SOLID_ANGLE_UNIT ( ) );
#10769 = DIRECTION ( 'NONE',  ( 1.000000000000000000, -0.0000000000000000000, 0.0000000000000000000 ) ) ;
#10770 = CIRCLE ( 'NONE', #8453, 0.05593526370766899181 ) ;
#10771 = DIRECTION ( 'NONE',  ( 1.000000000000000000, -0.0000000000000000000, 0.0000000000000000000 ) ) ;
#10772 = ORIENTED_EDGE ( 'NONE', *, *, #6129, .F. ) ;
#10773 = VECTOR ( 'NONE', #5455, 1000.000000000000000 ) ;
#10775 = ADVANCED_FACE ( 'NONE', ( #11521 ), #7144, .T. ) ;
#10774 = DIRECTION ( 'NONE',  ( 0.0000000000000000000, 1.000000000000000000, 0.0000000000000000000 ) ) ;
#10776 = ORIENTED_EDGE ( 'NONE', *, *, #7854, .F. ) ;
#10777 = VECTOR ( 'NONE', #12254, 1000.000000000000000 ) ;
#10778 = LINE ( 'NONE', #9615, #5535 ) ;
#10779 = EDGE_CURVE ( 'NONE', #717, #7616, #7987, .T. ) ;
#10780 = PRESENTATION_LAYER_ASSIGNMENT (  '', '', ( #10108 ) ) ;
#10781 = VECTOR ( 'NONE', #1458, 1000.000000000000000 ) ;
#10782 = LINE ( 'NONE', #11977, #3193 ) ;
#10783 = CARTESIAN_POINT ( 'NONE',  ( -1.401837281655233358, 0.1499999999999999944, 1.399999999999999911 ) ) ;
#10784 = ORIENTED_EDGE ( 'NONE', *, *, #4477, .F. ) ;
#10785 = ORIENTED_EDGE ( 'NONE', *, *, #10512, .F. ) ;
#10786 = LINE ( 'NONE', #1917, #239 ) ;
#10787 = VERTEX_POINT ( 'NONE', #2254 ) ;
#10788 = DIRECTION ( 'NONE',  ( 0.0000000000000000000, 0.1908089953765452762, 0.9816271834476639757 ) ) ;
#10789 = EDGE_LOOP ( 'NONE', ( #10250, #4881, #1952, #7906 ) ) ;
#10790 = SURFACE_STYLE_USAGE ( .BOTH. , #3890 ) ;
#10791 = VECTOR ( 'NONE', #2676, 1000.000000000000000 ) ;
#10792 = FILL_AREA_STYLE ('',( #5826 ) ) ;
#10793 = DIRECTION ( 'NONE',  ( 0.0000000000000000000, 1.000000000000000000, 0.0000000000000000000 ) ) ;
#10794 = FACE_OUTER_BOUND ( 'NONE', #11266, .T. ) ;
#10795 = CARTESIAN_POINT ( 'NONE',  ( 0.7912377610681550211, 0.1000000000000000056, -1.416874574924349872 ) ) ;
#10796 = ORIENTED_EDGE ( 'NONE', *, *, #4900, .T. ) ;
#10797 = ORIENTED_EDGE ( 'NONE', *, *, #2236, .F. ) ;
#10798 = ORIENTED_EDGE ( 'NONE', *, *, #1370, .F. ) ;
#10799 = COLOUR_RGB ( '',0.7921568627450980005, 0.8196078431372548767, 0.9333333333333333481 ) ;
#10800 = AXIS2_PLACEMENT_3D ( 'NONE', #743, #7676, #1755 ) ;
#10801 = ORIENTED_EDGE ( 'NONE', *, *, #964, .F. ) ;
#10802 = PRESENTATION_STYLE_ASSIGNMENT (( #12507 ) ) ;
#10803 =( GEOMETRIC_REPRESENTATION_CONTEXT ( 3 ) GLOBAL_UNCERTAINTY_ASSIGNED_CONTEXT ( ( #12661 ) ) GLOBAL_UNIT_ASSIGNED_CONTEXT ( ( #593, #7534, #1612 ) ) REPRESENTATION_CONTEXT ( 'NONE', 'WORKASPACE' ) );
#10804 = EDGE_CURVE ( 'NONE', #5746, #7393, #10597, .T. ) ;
#10805 = LINE ( 'NONE', #4070, #8177 ) ;
#10806 = EDGE_LOOP ( 'NONE', ( #1520, #2143, #4478, #4775 ) ) ;
#10807 = EDGE_CURVE ( 'NONE', #4589, #9219, #2710, .T. ) ;
#10808 = DIRECTION ( 'NONE',  ( -1.000000000000000000, 0.0000000000000000000, -0.0000000000000000000 ) ) ;
#10809 = SURFACE_STYLE_FILL_AREA ( #9363 ) ;
#10810 = PRESENTATION_LAYER_ASSIGNMENT (  '', '', ( #11471 ) ) ;
#10811 = DIRECTION ( 'NONE',  ( 1.000000000000000000, -0.0000000000000000000, 0.0000000000000000000 ) ) ;
#10812 = CARTESIAN_POINT ( 'NONE',  ( 1.507075080061872185, 0.1000000000000000056, -0.1031605786060936225 ) ) ;
#10813 = EDGE_LOOP ( 'NONE', ( #1282, #3698, #5548, #9384 ) ) ;
#10814 = CARTESIAN_POINT ( 'NONE',  ( 0.5700859015357763182, -0.05000000000000000278, 1.276162611327208873 ) ) ;
#10815 = SURFACE_STYLE_USAGE ( .BOTH. , #3905 ) ;
#10816 = SURFACE_STYLE_FILL_AREA ( #2148 ) ;
#10817 = COLOUR_RGB ( '',1.000000000000000000, 1.000000000000000000, 1.000000000000000000 ) ;
#10818 = VERTEX_POINT ( 'NONE', #1251 ) ;
#10819 = STYLED_ITEM ( 'NONE', ( #6204 ), #584 ) ;
#10820 = LINE ( 'NONE', #1355, #2916 ) ;
#10821 = LINE ( 'NONE', #5291, #587 ) ;
#10822 = ORIENTED_EDGE ( 'NONE', *, *, #8555, .F. ) ;
#10823 = ORIENTED_EDGE ( 'NONE', *, *, #1944, .T. ) ;
#10824 = VERTEX_POINT ( 'NONE', #5261 ) ;
#10825 = PLANE ( 'NONE',  #3423 ) ;
#10826 = CARTESIAN_POINT ( 'NONE',  ( 1.507075080061872185, -0.05000000000000000278, -0.1031605786060936225 ) ) ;
#10827 = CARTESIAN_POINT ( 'NONE',  ( 0.0000000000000000000, -0.05000000000000000278, 1.649999999999999467 ) ) ;
#10828 = VECTOR ( 'NONE', #11681, 1000.000000000000000 ) ;
#10829 = ORIENTED_EDGE ( 'NONE', *, *, #10779, .T. ) ;
#10830 = DIRECTION ( 'NONE',  ( 1.000000000000000000, 0.0000000000000000000, -2.189696164768673130E-14 ) ) ;
#10831 = AXIS2_PLACEMENT_3D ( 'NONE', #2398, #6286, #2359 ) ;
#10832 = EDGE_CURVE ( 'NONE', #94, #1664, #5372, .T. ) ;
#10833 = LINE ( 'NONE', #8416, #8203 ) ;
#10834 =( GEOMETRIC_REPRESENTATION_CONTEXT ( 3 ) GLOBAL_UNCERTAINTY_ASSIGNED_CONTEXT ( ( #9262 ) ) GLOBAL_UNIT_ASSIGNED_CONTEXT ( ( #9637, #3725, #10629 ) ) REPRESENTATION_CONTEXT ( 'NONE', 'WORKASPACE' ) );
#10835 = UNCERTAINTY_MEASURE_WITH_UNIT (LENGTH_MEASURE( 1.000000000000000082E-05 ), #951, 'distance_accuracy_value', 'NONE');
#10836 =( LENGTH_UNIT ( ) NAMED_UNIT ( * ) SI_UNIT ( .MILLI., .METRE. ) );
#10837 = CYLINDRICAL_SURFACE ( 'NONE', #3970, 0.03693314907479822162 ) ;
#10838 = CIRCLE ( 'NONE', #11551, 0.03693314907479819387 ) ;
#10839 = VERTEX_POINT ( 'NONE', #6138 ) ;
#10840 = VERTEX_POINT ( 'NONE', #281 ) ;
#10841 = DIRECTION ( 'NONE',  ( 0.0000000000000000000, 0.0000000000000000000, -1.000000000000000000 ) ) ;
#10842 = VECTOR ( 'NONE', #2414, 1000.000000000000000 ) ;
#10843 = ORIENTED_EDGE ( 'NONE', *, *, #1321, .F. ) ;
#10844 = DIRECTION ( 'NONE',  ( 0.0000000000000000000, 1.000000000000000000, -0.0000000000000000000 ) ) ;
#10845 = PLANE ( 'NONE',  #3395 ) ;
#10846 = SPHERICAL_SURFACE ( 'NONE', #10313, 0.1000000000000000056 ) ;
#10847 = PLANE ( 'NONE',  #10019 ) ;
#10849 = ORIENTED_EDGE ( 'NONE', *, *, #6837, .T. ) ;
#10848 = CARTESIAN_POINT ( 'NONE',  ( 0.0000000000000000000, -0.05000000000000000278, -1.649999999999998579 ) ) ;
#10850 = FILL_AREA_STYLE_COLOUR ( '', #6675 ) ;
#10851 = ORIENTED_EDGE ( 'NONE', *, *, #948, .F. ) ;
#10852 = PRESENTATION_LAYER_ASSIGNMENT (  '', '', ( #10168 ) ) ;
#10853 =( GEOMETRIC_REPRESENTATION_CONTEXT ( 3 ) GLOBAL_UNCERTAINTY_ASSIGNED_CONTEXT ( ( #9946 ) ) GLOBAL_UNIT_ASSIGNED_CONTEXT ( ( #5107, #5060, #4987 ) ) REPRESENTATION_CONTEXT ( 'NONE', 'WORKASPACE' ) );
#10854 = CIRCLE ( 'NONE', #7177, 0.1441859702731563275 ) ;
#10855 = ORIENTED_EDGE ( 'NONE', *, *, #2201, .F. ) ;
#10856 = FILL_AREA_STYLE ('',( #3297 ) ) ;
#10857 = UNCERTAINTY_MEASURE_WITH_UNIT (LENGTH_MEASURE( 1.000000000000000082E-05 ), #7114, 'distance_accuracy_value', 'NONE');
#10858 = COLOUR_RGB ( '',0.2509803921568627416, 0.2509803921568627416, 0.2509803921568627416 ) ;
#10859 = STYLED_ITEM ( 'NONE', ( #1336 ), #8300 ) ;
#10860 = DIRECTION ( 'NONE',  ( 0.0000000000000000000, 1.000000000000000000, 0.0000000000000000000 ) ) ;
#10861 = VERTEX_POINT ( 'NONE', #9198 ) ;
#10862 = CARTESIAN_POINT ( 'NONE',  ( 1.044003024146626046, 0.1000000000000000056, -0.3087081087201543061 ) ) ;
#10863 =( LENGTH_UNIT ( ) NAMED_UNIT ( * ) SI_UNIT ( .MILLI., .METRE. ) );
#10864 = COLOUR_RGB ( '',1.000000000000000000, 1.000000000000000000, 1.000000000000000000 ) ;
#10865 = MECHANICAL_DESIGN_GEOMETRIC_PRESENTATION_REPRESENTATION (  '', ( #8873 ), #11509 ) ;
#10866 = EDGE_CURVE ( 'NONE', #10247, #5618, #10293, .T. ) ;
#10867 = EDGE_CURVE ( 'NONE', #12186, #5110, #2406, .T. ) ;
#10868 = ORIENTED_EDGE ( 'NONE', *, *, #3269, .T. ) ;
#10869 = LINE ( 'NONE', #12453, #5619 ) ;
#10870 = CARTESIAN_POINT ( 'NONE',  ( 0.5087622389318458005, 0.1000000000000000056, -1.277681107331943622 ) ) ;
#10871 = VERTEX_POINT ( 'NONE', #5311 ) ;
#10872 = ORIENTED_EDGE ( 'NONE', *, *, #161, .T. ) ;
#10873 = SURFACE_SIDE_STYLE ('',( #3366 ) ) ;
#10874 = CARTESIAN_POINT ( 'NONE',  ( -0.1549999999999993883, -0.05000000000000000278, 1.649999999999999467 ) ) ;
#10875 = STYLED_ITEM ( 'NONE', ( #5255 ), #9202 ) ;
#10876 = ORIENTED_EDGE ( 'NONE', *, *, #6962, .F. ) ;
#10877 =( LENGTH_UNIT ( ) NAMED_UNIT ( * ) SI_UNIT ( .MILLI., .METRE. ) );
#10878 = EDGE_LOOP ( 'NONE', ( #2685, #2557, #2282, #1978 ) ) ;
#10879 = PRESENTATION_STYLE_ASSIGNMENT (( #10505 ) ) ;
#10880 = CARTESIAN_POINT ( 'NONE',  ( -1.197916575926319283, 0.1000000000000000056, 0.1623686072350682963 ) ) ;
#10881 = CARTESIAN_POINT ( 'NONE',  ( -1.499999999999999778, 0.1499999999999999944, 1.359764889246170005 ) ) ;
#10882 = EDGE_LOOP ( 'NONE', ( #10436, #6260, #7183, #2040 ) ) ;
#10883 =( LENGTH_UNIT ( ) NAMED_UNIT ( * ) SI_UNIT ( .MILLI., .METRE. ) );
#10884 = CARTESIAN_POINT ( 'NONE',  ( 0.8189977282522473701, 0.1000000000000000056, -1.500000000000000000 ) ) ;
#10885 =( GEOMETRIC_REPRESENTATION_CONTEXT ( 3 ) GLOBAL_UNCERTAINTY_ASSIGNED_CONTEXT ( ( #2970 ) ) GLOBAL_UNIT_ASSIGNED_CONTEXT ( ( #1909, #8835, #2883 ) ) REPRESENTATION_CONTEXT ( 'NONE', 'WORKASPACE' ) );
#10886 = AXIS2_PLACEMENT_3D ( 'NONE', #7688, #1764, #8694 ) ;
#10887 = ORIENTED_EDGE ( 'NONE', *, *, #3356, .F. ) ;
#10888 = CIRCLE ( 'NONE', #10457, 0.02617424799283601944 ) ;
#10889 = ORIENTED_EDGE ( 'NONE', *, *, #3892, .T. ) ;
#10890 = FILL_AREA_STYLE_COLOUR ( '', #3266 ) ;
#10891 = PRESENTATION_LAYER_ASSIGNMENT (  '', '', ( #10234 ) ) ;
#10892 = VERTEX_POINT ( 'NONE', #8219 ) ;
#10893 =( NAMED_UNIT ( * ) PLANE_ANGLE_UNIT ( ) SI_UNIT ( $, .RADIAN. ) );
#10894 = FACE_OUTER_BOUND ( 'NONE', #4015, .T. ) ;
#10895 = CARTESIAN_POINT ( 'NONE',  ( 0.1650000000000009237, 0.1000000000000000056, -0.0000000000000000000 ) ) ;
#10896 = DIRECTION ( 'NONE',  ( 0.0000000000000000000, -1.000000000000000000, 0.0000000000000000000 ) ) ;
#10897 = EDGE_CURVE ( 'NONE', #3520, #10186, #12304, .T. ) ;
#10898 = ORIENTED_EDGE ( 'NONE', *, *, #7430, .F. ) ;
#10899 = ORIENTED_EDGE ( 'NONE', *, *, #7615, .T. ) ;
#10900 = LINE ( 'NONE', #3509, #10583 ) ;
#10901 = EDGE_CURVE ( 'NONE', #11726, #12186, #9961, .T. ) ;
#10902 = AXIS2_PLACEMENT_3D ( 'NONE', #6826, #10793, #4895 ) ;
#10903 = FILL_AREA_STYLE ('',( #2982 ) ) ;
#10904 = CARTESIAN_POINT ( 'NONE',  ( -1.499999999999999778, 0.1499999999999999944, -1.301837281655233269 ) ) ;
#10905 = CARTESIAN_POINT ( 'NONE',  ( 1.599999999999999645, 0.0000000000000000000, -0.07500000000000017764 ) ) ;
#10906 = ORIENTED_EDGE ( 'NONE', *, *, #1196, .T. ) ;
#10907 = SURFACE_STYLE_FILL_AREA ( #9647 ) ;
#10908 = EDGE_LOOP ( 'NONE', ( #148, #12564, #2969, #10074 ) ) ;
#10909 = FILL_AREA_STYLE ('',( #11936 ) ) ;
#10910 =( NAMED_UNIT ( * ) SI_UNIT ( $, .STERADIAN. ) SOLID_ANGLE_UNIT ( ) );
#10911 = LINE ( 'NONE', #2930, #5965 ) ;
#10912 = DIRECTION ( 'NONE',  ( 0.0000000000000000000, 0.0000000000000000000, 1.000000000000000000 ) ) ;
#10913 =( GEOMETRIC_REPRESENTATION_CONTEXT ( 3 ) GLOBAL_UNCERTAINTY_ASSIGNED_CONTEXT ( ( #8455 ) ) GLOBAL_UNIT_ASSIGNED_CONTEXT ( ( #4094, #8123, #8920 ) ) REPRESENTATION_CONTEXT ( 'NONE', 'WORKASPACE' ) );
#10914 = STYLED_ITEM ( 'NONE', ( #12368 ), #9994 ) ;
#10915 = STYLED_ITEM ( 'NONE', ( #4554 ), #3168 ) ;
#10916 = EDGE_CURVE ( 'NONE', #9838, #1484, #7050, .T. ) ;
#10917 = ORIENTED_EDGE ( 'NONE', *, *, #12071, .F. ) ;
#10918 = FILL_AREA_STYLE ('',( #8926 ) ) ;
#10919 = DIRECTION ( 'NONE',  ( -1.000000000000000000, 0.0000000000000000000, -0.0000000000000000000 ) ) ;
#10920 = FILL_AREA_STYLE_COLOUR ( '', #7405 ) ;
#10921 = FACE_OUTER_BOUND ( 'NONE', #2988, .T. ) ;
#10922 = EDGE_CURVE ( 'NONE', #3674, #1778, #4450, .T. ) ;
#10923 =( NAMED_UNIT ( * ) PLANE_ANGLE_UNIT ( ) SI_UNIT ( $, .RADIAN. ) );
#10924 = LINE ( 'NONE', #4588, #8289 ) ;
#10925 = FACE_OUTER_BOUND ( 'NONE', #11808, .T. ) ;
#10926 = VECTOR ( 'NONE', #1437, 1000.000000000000000 ) ;
#10927 = ORIENTED_EDGE ( 'NONE', *, *, #7796, .F. ) ;
#10928 = UNCERTAINTY_MEASURE_WITH_UNIT (LENGTH_MEASURE( 1.000000000000000082E-05 ), #11670, 'distance_accuracy_value', 'NONE');
#10929 = FILL_AREA_STYLE ('',( #4074 ) ) ;
#10930 = VECTOR ( 'NONE', #5274, 1000.000000000000000 ) ;
#10931 =( NAMED_UNIT ( * ) PLANE_ANGLE_UNIT ( ) SI_UNIT ( $, .RADIAN. ) );
#10932 = EDGE_CURVE ( 'NONE', #7715, #1047, #4751, .T. ) ;
#10933 = VERTEX_POINT ( 'NONE', #12234 ) ;
#10934 = SURFACE_STYLE_USAGE ( .BOTH. , #4030 ) ;
#10935 = SURFACE_STYLE_FILL_AREA ( #1578 ) ;
#10936 = PLANE ( 'NONE',  #3014 ) ;
#10937 = ORIENTED_EDGE ( 'NONE', *, *, #3865, .F. ) ;
#10938 = COLOUR_RGB ( '',1.000000000000000000, 1.000000000000000000, 1.000000000000000000 ) ;
#10939 = VERTEX_POINT ( 'NONE', #7487 ) ;
#10940 = STYLED_ITEM ( 'NONE', ( #4523 ), #8836 ) ;
#10941 = EDGE_LOOP ( 'NONE', ( #8018, #4876, #5033, #5243 ) ) ;
#10942 = VECTOR ( 'NONE', #6823, 1000.000000000000000 ) ;
#10943 = PRESENTATION_STYLE_ASSIGNMENT (( #12427 ) ) ;
#10944 = CARTESIAN_POINT ( 'NONE',  ( -1.134999999999999787, 0.1000000000000000056, -0.2369407634194544698 ) ) ;
#10945 = CARTESIAN_POINT ( 'NONE',  ( 0.7912377610681550211, 0.1000000000000000056, 0.0000000000000000000 ) ) ;
#10946 = ORIENTED_EDGE ( 'NONE', *, *, #1143, .F. ) ;
#10947 = EDGE_LOOP ( 'NONE', ( #6131, #7787, #12721, #8235 ) ) ;
#10948 = DIRECTION ( 'NONE',  ( -0.0000000000000000000, 0.0000000000000000000, 1.000000000000000000 ) ) ;
#10949 = VECTOR ( 'NONE', #8803, 1000.000000000000000 ) ;
#10950 = CARTESIAN_POINT ( 'NONE',  ( 0.1650000000000009237, 0.1000000000000000056, 0.0000000000000000000 ) ) ;
#10951 = VERTEX_POINT ( 'NONE', #1562 ) ;
#10952 = ADVANCED_FACE ( 'NONE', ( #6729 ), #4360, .T. ) ;
#10953 = VERTEX_POINT ( 'NONE', #585 ) ;
#10954 = ORIENTED_EDGE ( 'NONE', *, *, #863, .T. ) ;
#10955 = VERTEX_POINT ( 'NONE', #3591 ) ;
#10956 = PRESENTATION_LAYER_ASSIGNMENT (  '', '', ( #9627 ) ) ;
#10957 = DIRECTION ( 'NONE',  ( -1.000000000000000000, 0.0000000000000000000, -0.0000000000000000000 ) ) ;
#10958 = FACE_OUTER_BOUND ( 'NONE', #9236, .T. ) ;
#10959 = ORIENTED_EDGE ( 'NONE', *, *, #4792, .F. ) ;
#10960 = CARTESIAN_POINT ( 'NONE',  ( -1.507075080061872185, -0.05000000000000000278, 0.1031605786060936225 ) ) ;
#10961 = ORIENTED_EDGE ( 'NONE', *, *, #3491, .F. ) ;
#10962 = CIRCLE ( 'NONE', #10410, 0.1441859702731563275 ) ;
#10963 =( LENGTH_UNIT ( ) NAMED_UNIT ( * ) SI_UNIT ( .MILLI., .METRE. ) );
#10964 = ORIENTED_EDGE ( 'NONE', *, *, #1798, .T. ) ;
#10965 =( NAMED_UNIT ( * ) PLANE_ANGLE_UNIT ( ) SI_UNIT ( $, .RADIAN. ) );
#10966 = DIRECTION ( 'NONE',  ( 0.0000000000000000000, 0.0000000000000000000, 1.000000000000000000 ) ) ;
#10967 = DIRECTION ( 'NONE',  ( 0.0000000000000000000, 0.0000000000000000000, 1.000000000000000000 ) ) ;
#10968 = CARTESIAN_POINT ( 'NONE',  ( 1.257124604555293956, 0.0000000000000000000, 0.1031605786060936225 ) ) ;
#10969 = VECTOR ( 'NONE', #2921, 1000.000000000000000 ) ;
#10970 =( GEOMETRIC_REPRESENTATION_CONTEXT ( 3 ) GLOBAL_UNCERTAINTY_ASSIGNED_CONTEXT ( ( #92 ) ) GLOBAL_UNIT_ASSIGNED_CONTEXT ( ( #10124, #11129, #5230 ) ) REPRESENTATION_CONTEXT ( 'NONE', 'WORKASPACE' ) );
#10971 =( GEOMETRIC_REPRESENTATION_CONTEXT ( 3 ) GLOBAL_UNCERTAINTY_ASSIGNED_CONTEXT ( ( #9421 ) ) GLOBAL_UNIT_ASSIGNED_CONTEXT ( ( #7319, #1401, #8316 ) ) REPRESENTATION_CONTEXT ( 'NONE', 'WORKASPACE' ) );
#10972 = EDGE_CURVE ( 'NONE', #9811, #1202, #10745, .T. ) ;
#10973 = PRESENTATION_STYLE_ASSIGNMENT (( #5654 ) ) ;
#10974 = EDGE_CURVE ( 'NONE', #571, #12398, #1482, .T. ) ;
#10975 = VECTOR ( 'NONE', #1842, 1000.000000000000000 ) ;
#10976 = ORIENTED_EDGE ( 'NONE', *, *, #445, .T. ) ;
#10977 = PRESENTATION_STYLE_ASSIGNMENT (( #11250 ) ) ;
#10978 = ORIENTED_EDGE ( 'NONE', *, *, #3460, .T. ) ;
#10979 = PRESENTATION_LAYER_ASSIGNMENT (  '', '', ( #9646 ) ) ;
#10980 = DIRECTION ( 'NONE',  ( 0.0000000000000000000, 0.0000000000000000000, 1.000000000000000000 ) ) ;
#10981 = CARTESIAN_POINT ( 'NONE',  ( -1.405086914306735713, 0.6382854961714153896, -1.206924195961968982 ) ) ;
#10982 = PLANE ( 'NONE',  #7013 ) ;
#10983 = DIRECTION ( 'NONE',  ( 0.0000000000000000000, 1.000000000000000000, -0.0000000000000000000 ) ) ;
#10984 = COLOUR_RGB ( '',1.000000000000000000, 1.000000000000000000, 1.000000000000000000 ) ;
#10985 = ADVANCED_FACE ( 'NONE', ( #515 ), #1647, .T. ) ;
#10986 = ORIENTED_EDGE ( 'NONE', *, *, #2898, .T. ) ;
#10987 = UNCERTAINTY_MEASURE_WITH_UNIT (LENGTH_MEASURE( 1.000000000000000082E-05 ), #7299, 'distance_accuracy_value', 'NONE');
#10988 = VECTOR ( 'NONE', #3797, 1000.000000000000000 ) ;
#10989 = SURFACE_SIDE_STYLE ('',( #10581 ) ) ;
#10990 = DIRECTION ( 'NONE',  ( 0.0000000000000000000, 0.0000000000000000000, -1.000000000000000000 ) ) ;
#10991 = ORIENTED_EDGE ( 'NONE', *, *, #8420, .F. ) ;
#10992 = DIRECTION ( 'NONE',  ( 0.0000000000000000000, 0.0000000000000000000, 1.000000000000000000 ) ) ;
#10993 = AXIS2_PLACEMENT_3D ( 'NONE', #5308, #2379, #12276 ) ;
#10994 = DIRECTION ( 'NONE',  ( 0.0000000000000000000, 0.0000000000000000000, -1.000000000000000000 ) ) ;
#10996 = EDGE_CURVE ( 'NONE', #11423, #9321, #7200, .T. ) ;
#10995 = DIRECTION ( 'NONE',  ( 0.0000000000000000000, 1.000000000000000000, 0.0000000000000000000 ) ) ;
#10997 =( GEOMETRIC_REPRESENTATION_CONTEXT ( 3 ) GLOBAL_UNCERTAINTY_ASSIGNED_CONTEXT ( ( #6707 ) ) GLOBAL_UNIT_ASSIGNED_CONTEXT ( ( #4298, #11182, #5307 ) ) REPRESENTATION_CONTEXT ( 'NONE', 'WORKASPACE' ) );
#10998 = DIRECTION ( 'NONE',  ( 0.0000000000000000000, 0.0000000000000000000, -1.000000000000000000 ) ) ;
#10999 =( LENGTH_UNIT ( ) NAMED_UNIT ( * ) SI_UNIT ( .MILLI., .METRE. ) );
#11000 = VECTOR ( 'NONE', #11517, 1000.000000000000000 ) ;
#11001 = EDGE_LOOP ( 'NONE', ( #4639, #4476, #4427, #4247, #4092, #3508, #3450, #3171, #3037, #2980, #2894, #2850 ) ) ;
#11002 = DIRECTION ( 'NONE',  ( -1.000000000000000000, 0.0000000000000000000, -0.0000000000000000000 ) ) ;
#11003 = UNCERTAINTY_MEASURE_WITH_UNIT (LENGTH_MEASURE( 1.000000000000000082E-05 ), #262, 'distance_accuracy_value', 'NONE');
#11004 = FILL_AREA_STYLE_COLOUR ( '', #1302 ) ;
#11005 = LINE ( 'NONE', #6164, #6069 ) ;
#11006 = CARTESIAN_POINT ( 'NONE',  ( -0.5127599671840918916, 0.1000000000000000056, 0.0000000000000000000 ) ) ;
#11007 = VECTOR ( 'NONE', #11749, 1000.000000000000000 ) ;
#11008 =( LENGTH_UNIT ( ) NAMED_UNIT ( * ) SI_UNIT ( .MILLI., .METRE. ) );
#11009 = LINE ( 'NONE', #5754, #472 ) ;
#11010 =( LENGTH_UNIT ( ) NAMED_UNIT ( * ) SI_UNIT ( .MILLI., .METRE. ) );
#11011 =( GEOMETRIC_REPRESENTATION_CONTEXT ( 3 ) GLOBAL_UNCERTAINTY_ASSIGNED_CONTEXT ( ( #7916 ) ) GLOBAL_UNIT_ASSIGNED_CONTEXT ( ( #9294, #9226, #8763 ) ) REPRESENTATION_CONTEXT ( 'NONE', 'WORKASPACE' ) );
#11012 = AXIS2_PLACEMENT_3D ( 'NONE', #9312, #3399, #10301 ) ;
#11013 = COLOUR_RGB ( '',1.000000000000000000, 1.000000000000000000, 1.000000000000000000 ) ;
#11014 = EDGE_CURVE ( 'NONE', #7559, #8023, #4603, .T. ) ;
#11015 =( GEOMETRIC_REPRESENTATION_CONTEXT ( 3 ) GLOBAL_UNCERTAINTY_ASSIGNED_CONTEXT ( ( #4207 ) ) GLOBAL_UNIT_ASSIGNED_CONTEXT ( ( #7817, #1905, #8827 ) ) REPRESENTATION_CONTEXT ( 'NONE', 'WORKASPACE' ) );
#11016 = PRESENTATION_STYLE_ASSIGNMENT (( #6841 ) ) ;
#11017 = DIRECTION ( 'NONE',  ( 0.0000000000000000000, 0.0000000000000000000, 1.000000000000000000 ) ) ;
#11018 =( NAMED_UNIT ( * ) PLANE_ANGLE_UNIT ( ) SI_UNIT ( $, .RADIAN. ) );
#11019 = VERTEX_POINT ( 'NONE', #8601 ) ;
#11020 = DIRECTION ( 'NONE',  ( 0.0000000000000000000, 0.0000000000000000000, -1.000000000000000000 ) ) ;
#11021 = CARTESIAN_POINT ( 'NONE',  ( -0.5439116535429402433, 0.1000000000000000056, 1.320000718934352335 ) ) ;
#11022 = EDGE_CURVE ( 'NONE', #9300, #12723, #12135, .T. ) ;
#11023 = VECTOR ( 'NONE', #5765, 1000.000000000000000 ) ;
#11024 = AXIS2_PLACEMENT_3D ( 'NONE', #4754, #9648, #3777 ) ;
#11025 = CARTESIAN_POINT ( 'NONE',  ( 1.171933149074798175, -0.05000000000000000278, -0.2000076143446563315 ) ) ;
#11026 = CARTESIAN_POINT ( 'NONE',  ( -0.8189977282522473701, 0.1000000000000000056, 0.0000000000000000000 ) ) ;
#11027 = CARTESIAN_POINT ( 'NONE',  ( 0.0000000000000000000, 0.0000000000000000000, -1.277681107331943622 ) ) ;
#11028 = CARTESIAN_POINT ( 'NONE',  ( -0.7660883464570584778, 0.1000000000000000056, 1.320000718934352335 ) ) ;
#11029 = ORIENTED_EDGE ( 'NONE', *, *, #219, .T. ) ;
#11030 = PLANE ( 'NONE',  #4060 ) ;
#11031 = DIRECTION ( 'NONE',  ( -0.0000000000000000000, 0.0000000000000000000, 1.000000000000000000 ) ) ;
#11032 = AXIS2_PLACEMENT_3D ( 'NONE', #861, #7801, #1875 ) ;
#11033 = DIRECTION ( 'NONE',  ( 0.0000000000000000000, 1.000000000000000000, 0.0000000000000000000 ) ) ;
#11034 = CYLINDRICAL_SURFACE ( 'NONE', #3525, 0.09130182425276713032 ) ;
#11035 = ORIENTED_EDGE ( 'NONE', *, *, #1824, .T. ) ;
#11036 = DIRECTION ( 'NONE',  ( 0.0000000000000000000, 0.0000000000000000000, -1.000000000000000000 ) ) ;
#11037 = ADVANCED_FACE ( 'NONE', ( #11826 ), #9919, .T. ) ;
#11038 =( NAMED_UNIT ( * ) PLANE_ANGLE_UNIT ( ) SI_UNIT ( $, .RADIAN. ) );
#11039 = EDGE_LOOP ( 'NONE', ( #12735, #10082, #805, #4411 ) ) ;
#11040 = EDGE_LOOP ( 'NONE', ( #2910, #3393, #3551, #3724 ) ) ;
#11041 = CARTESIAN_POINT ( 'NONE',  ( -0.5439116535429402433, 0.1000000000000000056, 1.320000718934352335 ) ) ;
#11042 = PRESENTATION_LAYER_ASSIGNMENT (  '', '', ( #9714 ) ) ;
#11043 = FILL_AREA_STYLE ('',( #4924 ) ) ;
#11045 = EDGE_CURVE ( 'NONE', #1837, #12586, #5205, .T. ) ;
#11044 = DIRECTION ( 'NONE',  ( 0.0000000000000000000, -1.000000000000000000, 0.0000000000000000000 ) ) ;
#11047 = ADVANCED_FACE ( 'NONE', ( #12748 ), #9192, .T. ) ;
#11046 = CARTESIAN_POINT ( 'NONE',  ( 0.0000000000000000000, 0.1000000000000000056, -1.277681107331943622 ) ) ;
#11048 = CARTESIAN_POINT ( 'NONE',  ( -0.4849999999999994316, -0.05000000000000000278, -1.199999999999999289 ) ) ;
#11049 = CARTESIAN_POINT ( 'NONE',  ( 0.1650000000000009237, -0.05000000000000000278, -1.199999999999999289 ) ) ;
#11050 = SURFACE_STYLE_FILL_AREA ( #11204 ) ;
#11051 = VECTOR ( 'NONE', #908, 1000.000000000000000 ) ;
#11052 = LINE ( 'NONE', #8241, #8731 ) ;
#11053 =( NAMED_UNIT ( * ) PLANE_ANGLE_UNIT ( ) SI_UNIT ( $, .RADIAN. ) );
#11054 = CARTESIAN_POINT ( 'NONE',  ( 0.1650000000000009237, 0.0000000000000000000, 1.375493264616636679 ) ) ;
#11055 = DIRECTION ( 'NONE',  ( -1.000000000000000000, 0.0000000000000000000, 0.0000000000000000000 ) ) ;
#11056 = ORIENTED_EDGE ( 'NONE', *, *, #11723, .T. ) ;
#11057 =( NAMED_UNIT ( * ) PLANE_ANGLE_UNIT ( ) SI_UNIT ( $, .RADIAN. ) );
#11058 = DIRECTION ( 'NONE',  ( 1.000000000000000000, 0.0000000000000000000, -0.0000000000000000000 ) ) ;
#11059 = EDGE_CURVE ( 'NONE', #8059, #9732, #11830, .T. ) ;
#11060 = SURFACE_STYLE_FILL_AREA ( #6738 ) ;
#11061 = STYLED_ITEM ( 'NONE', ( #5418 ), #7222 ) ;
#11062 = CARTESIAN_POINT ( 'NONE',  ( 0.1160883464570598989, -0.05000000000000000278, -0.0000000000000000000 ) ) ;
#11063 =( NAMED_UNIT ( * ) PLANE_ANGLE_UNIT ( ) SI_UNIT ( $, .RADIAN. ) );
#11064 = CARTESIAN_POINT ( 'NONE',  ( 0.5700859015357763182, -0.05000000000000000278, 1.276162611327208873 ) ) ;
#11065 = FACE_OUTER_BOUND ( 'NONE', #12425, .T. ) ;
#11066 = UNCERTAINTY_MEASURE_WITH_UNIT (LENGTH_MEASURE( 1.000000000000000082E-05 ), #1324, 'distance_accuracy_value', 'NONE');
#11067 =( LENGTH_UNIT ( ) NAMED_UNIT ( * ) SI_UNIT ( .MILLI., .METRE. ) );
#11068 = FILL_AREA_STYLE_COLOUR ( '', #10984 ) ;
#11069 = ORIENTED_EDGE ( 'NONE', *, *, #1459, .T. ) ;
#11070 = LINE ( 'NONE', #6776, #3172 ) ;
#11071 = FILL_AREA_STYLE ('',( #4186 ) ) ;
#11072 = LINE ( 'NONE', #3736, #8452 ) ;
#11073 = COLOUR_RGB ( '',1.000000000000000000, 1.000000000000000000, 1.000000000000000000 ) ;
#11074 = CARTESIAN_POINT ( 'NONE',  ( 1.507075080061872185, 0.1000000000000000056, 0.1031605786060936225 ) ) ;
#11075 = STYLED_ITEM ( 'NONE', ( #5530 ), #1369 ) ;
#11076 = CARTESIAN_POINT ( 'NONE',  ( 0.8189977282522473701, 0.0000000000000000000, -1.500000000000000000 ) ) ;
#11077 = PRESENTATION_LAYER_ASSIGNMENT (  '', '', ( #7774 ) ) ;
#11078 =( GEOMETRIC_REPRESENTATION_CONTEXT ( 3 ) GLOBAL_UNCERTAINTY_ASSIGNED_CONTEXT ( ( #4028 ) ) GLOBAL_UNIT_ASSIGNED_CONTEXT ( ( #9752, #9703, #9660 ) ) REPRESENTATION_CONTEXT ( 'NONE', 'WORKASPACE' ) );
#11079 = CARTESIAN_POINT ( 'NONE',  ( 0.0000000000000000000, 0.1000000000000000056, -1.277681107331943622 ) ) ;
#11080 = EDGE_CURVE ( 'NONE', #5992, #4660, #1632, .T. ) ;
#11081 = CIRCLE ( 'NONE', #9112, 0.05920802862897456276 ) ;
#11082 = CARTESIAN_POINT ( 'NONE',  ( -1.499999999999999778, 0.7190808995376546386, -1.289381878823499639 ) ) ;
#11083 = CARTESIAN_POINT ( 'NONE',  ( 1.540045451220498407, -0.05000000000000000278, 0.07500000000000017764 ) ) ;
#11084 = VERTEX_POINT ( 'NONE', #11989 ) ;
#11085 = DIRECTION ( 'NONE',  ( 0.0000000000000000000, -1.000000000000000000, 0.0000000000000000000 ) ) ;
#11086 = LINE ( 'NONE', #3448, #5533 ) ;
#11087 =( LENGTH_UNIT ( ) NAMED_UNIT ( * ) SI_UNIT ( .MILLI., .METRE. ) );
#11088 = ORIENTED_EDGE ( 'NONE', *, *, #7420, .T. ) ;
#11089 = AXIS2_PLACEMENT_3D ( 'NONE', #4340, #11208, #5332 ) ;
#11090 =( NAMED_UNIT ( * ) SI_UNIT ( $, .STERADIAN. ) SOLID_ANGLE_UNIT ( ) );
#11091 = VECTOR ( 'NONE', #2663, 1000.000000000000000 ) ;
#11092 = ADVANCED_FACE ( 'NONE', ( #6891 ), #2150, .T. ) ;
#11093 = ORIENTED_EDGE ( 'NONE', *, *, #24, .T. ) ;
#11094 = COLOUR_RGB ( '',1.000000000000000000, 1.000000000000000000, 1.000000000000000000 ) ;
#11095 = ORIENTED_EDGE ( 'NONE', *, *, #12068, .F. ) ;
#11096 = ORIENTED_EDGE ( 'NONE', *, *, #5515, .T. ) ;
#11097 = STYLED_ITEM ( 'NONE', ( #7536 ), #10697 ) ;
#11098 = EDGE_CURVE ( 'NONE', #357, #9300, #3004, .T. ) ;
#11099 = DIRECTION ( 'NONE',  ( 0.0000000000000000000, 1.000000000000000000, 0.0000000000000000000 ) ) ;
#11100 = EDGE_CURVE ( 'NONE', #3259, #3826, #353, .T. ) ;
#11101 = CARTESIAN_POINT ( 'NONE',  ( 1.134999999999999787, 0.1000000000000000056, -0.2369407634194544698 ) ) ;
#11102 = COLOUR_RGB ( '',1.000000000000000000, 1.000000000000000000, 1.000000000000000000 ) ;
#11103 = ORIENTED_EDGE ( 'NONE', *, *, #11800, .F. ) ;
#11104 =( NAMED_UNIT ( * ) SI_UNIT ( $, .STERADIAN. ) SOLID_ANGLE_UNIT ( ) );
#11105 = CARTESIAN_POINT ( 'NONE',  ( -1.650000000000000355, -0.05000000000000000278, 0.0000000000000000000 ) ) ;
#11106 = VERTEX_POINT ( 'NONE', #10084 ) ;
#11107 =( GEOMETRIC_REPRESENTATION_CONTEXT ( 3 ) GLOBAL_UNCERTAINTY_ASSIGNED_CONTEXT ( ( #2437 ) ) GLOBAL_UNIT_ASSIGNED_CONTEXT ( ( #3165, #10089, #4199 ) ) REPRESENTATION_CONTEXT ( 'NONE', 'WORKASPACE' ) );
#11108 = SURFACE_STYLE_FILL_AREA ( #11504 ) ;
#11109 = FACE_OUTER_BOUND ( 'NONE', #6535, .T. ) ;
#11110 =( LENGTH_UNIT ( ) NAMED_UNIT ( * ) SI_UNIT ( .MILLI., .METRE. ) );
#11111 = DIRECTION ( 'NONE',  ( 0.0000000000000000000, 0.0000000000000000000, 1.000000000000000000 ) ) ;
#11112 = SURFACE_STYLE_USAGE ( .BOTH. , #4224 ) ;
#11113 =( NAMED_UNIT ( * ) PLANE_ANGLE_UNIT ( ) SI_UNIT ( $, .RADIAN. ) );
#11114 = LINE ( 'NONE', #6398, #8185 ) ;
#11115 = COLOUR_RGB ( '',1.000000000000000000, 1.000000000000000000, 1.000000000000000000 ) ;
#11116 =( LENGTH_UNIT ( ) NAMED_UNIT ( * ) SI_UNIT ( .MILLI., .METRE. ) );
#11117 = ORIENTED_EDGE ( 'NONE', *, *, #6858, .T. ) ;
#11118 = VECTOR ( 'NONE', #12241, 1000.000000000000000 ) ;
#11119 = SURFACE_STYLE_FILL_AREA ( #2815 ) ;
#11120 = AXIS2_PLACEMENT_3D ( 'NONE', #3332, #9258, #7312 ) ;
#11121 = EDGE_LOOP ( 'NONE', ( #11939, #641, #9475, #166 ) ) ;
#11122 = VECTOR ( 'NONE', #6247, 1000.000000000000000 ) ;
#11123 =( GEOMETRIC_REPRESENTATION_CONTEXT ( 3 ) GLOBAL_UNCERTAINTY_ASSIGNED_CONTEXT ( ( #2691 ) ) GLOBAL_UNIT_ASSIGNED_CONTEXT ( ( #11368, #5471, #12374 ) ) REPRESENTATION_CONTEXT ( 'NONE', 'WORKASPACE' ) );
#11124 = ORIENTED_EDGE ( 'NONE', *, *, #1368, .T. ) ;
#11125 = CARTESIAN_POINT ( 'NONE',  ( -1.134999999999999787, 0.1000000000000000056, 0.2369407634194544698 ) ) ;
#11126 = FACE_OUTER_BOUND ( 'NONE', #1611, .T. ) ;
#11127 = VECTOR ( 'NONE', #12639, 1000.000000000000000 ) ;
#11128 = CARTESIAN_POINT ( 'NONE',  ( 0.7660883464570584778, -0.05000000000000000278, 1.320000718934352335 ) ) ;
#11129 =( NAMED_UNIT ( * ) PLANE_ANGLE_UNIT ( ) SI_UNIT ( $, .RADIAN. ) );
#11130 = VECTOR ( 'NONE', #5051, 1000.000000000000000 ) ;
#11131 = DIRECTION ( 'NONE',  ( 0.0000000000000000000, 0.0000000000000000000, 1.000000000000000000 ) ) ;
#11132 = VECTOR ( 'NONE', #10365, 1000.000000000000000 ) ;
#11133 =( NAMED_UNIT ( * ) SI_UNIT ( $, .STERADIAN. ) SOLID_ANGLE_UNIT ( ) );
#11134 = VECTOR ( 'NONE', #1939, 1000.000000000000000 ) ;
#11135 = VERTEX_POINT ( 'NONE', #2195 ) ;
#11136 = EDGE_LOOP ( 'NONE', ( #7558, #2194, #3077, #11904 ) ) ;
#11137 = PLANE ( 'NONE',  #2546 ) ;
#11138 = CARTESIAN_POINT ( 'NONE',  ( 0.0000000000000000000, 0.0000000000000000000, 1.500000000000000000 ) ) ;
#11139 = EDGE_CURVE ( 'NONE', #11667, #7096, #2704, .T. ) ;
#11140 = VERTEX_POINT ( 'NONE', #5193 ) ;
#11141 = EDGE_CURVE ( 'NONE', #2519, #7080, #10283, .T. ) ;
#11142 = ORIENTED_EDGE ( 'NONE', *, *, #9342, .F. ) ;
#11143 = UNCERTAINTY_MEASURE_WITH_UNIT (LENGTH_MEASURE( 1.000000000000000082E-05 ), #10252, 'distance_accuracy_value', 'NONE');
#11144 = DIRECTION ( 'NONE',  ( 0.0000000000000000000, 0.0000000000000000000, -1.000000000000000000 ) ) ;
#11145 = DIRECTION ( 'NONE',  ( 0.0000000000000000000, 1.000000000000000000, 0.0000000000000000000 ) ) ;
#11146 = DIRECTION ( 'NONE',  ( 0.0000000000000000000, 1.000000000000000000, 0.0000000000000000000 ) ) ;
#11147 = DIRECTION ( 'NONE',  ( 0.0000000000000000000, -1.000000000000000000, 0.0000000000000000000 ) ) ;
#11148 = FACE_OUTER_BOUND ( 'NONE', #10635, .T. ) ;
#11149 = PLANE ( 'NONE',  #8193 ) ;
#11150 = DIRECTION ( 'NONE',  ( 0.0000000000000000000, 1.000000000000000000, -0.0000000000000000000 ) ) ;
#11151 =( LENGTH_UNIT ( ) NAMED_UNIT ( * ) SI_UNIT ( .MILLI., .METRE. ) );
#11152 = COLOUR_RGB ( '',1.000000000000000000, 1.000000000000000000, 1.000000000000000000 ) ;
#11153 =( NAMED_UNIT ( * ) SI_UNIT ( $, .STERADIAN. ) SOLID_ANGLE_UNIT ( ) );
#11154 = AXIS2_PLACEMENT_3D ( 'NONE', #12306, #6389, #441 ) ;
#11155 = STYLED_ITEM ( 'NONE', ( #5617 ), #3061 ) ;
#11156 = PRESENTATION_STYLE_ASSIGNMENT (( #7308 ) ) ;
#11157 = EDGE_CURVE ( 'NONE', #9933, #10006, #10588, .T. ) ;
#11158 = UNCERTAINTY_MEASURE_WITH_UNIT (LENGTH_MEASURE( 1.000000000000000082E-05 ), #1382, 'distance_accuracy_value', 'NONE');
#11159 = FACE_OUTER_BOUND ( 'NONE', #7724, .T. ) ;
#11160 = MECHANICAL_DESIGN_GEOMETRIC_PRESENTATION_REPRESENTATION (  '', ( #8530 ), #11823 ) ;
#11161 = EDGE_CURVE ( 'NONE', #9121, #3248, #5049, .T. ) ;
#11162 = SURFACE_STYLE_FILL_AREA ( #10144 ) ;
#11163 = SURFACE_STYLE_USAGE ( .BOTH. , #6948 ) ;
#11164 =( NAMED_UNIT ( * ) SI_UNIT ( $, .STERADIAN. ) SOLID_ANGLE_UNIT ( ) );
#11165 = VERTEX_POINT ( 'NONE', #11128 ) ;
#11166 = ORIENTED_EDGE ( 'NONE', *, *, #655, .F. ) ;
#11167 = DIRECTION ( 'NONE',  ( 0.0000000000000000000, -1.000000000000000000, 0.0000000000000000000 ) ) ;
#11168 = DIRECTION ( 'NONE',  ( 0.0000000000000000000, 0.0000000000000000000, 1.000000000000000000 ) ) ;
#11169 =( NAMED_UNIT ( * ) PLANE_ANGLE_UNIT ( ) SI_UNIT ( $, .RADIAN. ) );
#11170 = FILL_AREA_STYLE_COLOUR ( '', #7706 ) ;
#11171 =( NAMED_UNIT ( * ) PLANE_ANGLE_UNIT ( ) SI_UNIT ( $, .RADIAN. ) );
#11172 = DIRECTION ( 'NONE',  ( 1.000000000000000000, -0.0000000000000000000, 0.0000000000000000000 ) ) ;
#11173 = VECTOR ( 'NONE', #12826, 1000.000000000000000 ) ;
#11174 = ORIENTED_EDGE ( 'NONE', *, *, #6467, .T. ) ;
#11175 = FILL_AREA_STYLE ('',( #11068 ) ) ;
#11176 = EDGE_CURVE ( 'NONE', #5189, #3620, #7973, .T. ) ;
#11177 = ORIENTED_EDGE ( 'NONE', *, *, #10932, .F. ) ;
#11178 = PRESENTATION_LAYER_ASSIGNMENT (  '', '', ( #10530 ) ) ;
#11179 = VERTEX_POINT ( 'NONE', #1268 ) ;
#11180 = LINE ( 'NONE', #10291, #8251 ) ;
#11181 = FILL_AREA_STYLE_COLOUR ( '', #8852 ) ;
#11182 =( NAMED_UNIT ( * ) PLANE_ANGLE_UNIT ( ) SI_UNIT ( $, .RADIAN. ) );
#11183 = DIRECTION ( 'NONE',  ( 0.0000000000000000000, -1.000000000000000000, 0.0000000000000000000 ) ) ;
#11184 = CARTESIAN_POINT ( 'NONE',  ( -0.8149999999999995026, 0.0000000000000000000, -0.0000000000000000000 ) ) ;
#11185 = DIRECTION ( 'NONE',  ( -1.000000000000000000, 0.0000000000000000000, 0.0000000000000000000 ) ) ;
#11186 = ORIENTED_EDGE ( 'NONE', *, *, #7226, .F. ) ;
#11187 = ORIENTED_EDGE ( 'NONE', *, *, #10972, .F. ) ;
#11188 = AXIS2_PLACEMENT_3D ( 'NONE', #9523, #3603, #10524 ) ;
#11189 = EDGE_CURVE ( 'NONE', #4800, #12622, #9955, .T. ) ;
#11190 = SURFACE_STYLE_USAGE ( .BOTH. , #7227 ) ;
#11191 = STYLED_ITEM ( 'NONE', ( #4303 ), #4525 ) ;
#11192 =( NAMED_UNIT ( * ) SI_UNIT ( $, .STERADIAN. ) SOLID_ANGLE_UNIT ( ) );
#11193 = CARTESIAN_POINT ( 'NONE',  ( 1.171933149074797953, 0.1000000000000000056, 0.2369407634194545809 ) ) ;
#11194 = CARTESIAN_POINT ( 'NONE',  ( 1.134999999999999787, 0.1000000000000000056, 0.2369407634194544698 ) ) ;
#11195 = DIRECTION ( 'NONE',  ( 0.0000000000000000000, 1.000000000000000000, -0.0000000000000000000 ) ) ;
#11196 = LINE ( 'NONE', #4299, #3627 ) ;
#11197 = VERTEX_POINT ( 'NONE', #3262 ) ;
#11198 = ORIENTED_EDGE ( 'NONE', *, *, #6577, .T. ) ;
#11199 =( LENGTH_UNIT ( ) NAMED_UNIT ( * ) SI_UNIT ( .MILLI., .METRE. ) );
#11200 = DIRECTION ( 'NONE',  ( 0.0000000000000000000, 0.0000000000000000000, -1.000000000000000000 ) ) ;
#11201 = DIRECTION ( 'NONE',  ( 0.0000000000000000000, 0.0000000000000000000, -1.000000000000000000 ) ) ;
#11202 = VERTEX_POINT ( 'NONE', #7203 ) ;
#11203 = FACE_OUTER_BOUND ( 'NONE', #10316, .T. ) ;
#11204 = FILL_AREA_STYLE ('',( #4382 ) ) ;
#11205 = DIRECTION ( 'NONE',  ( 0.0000000000000000000, 0.0000000000000000000, 1.000000000000000000 ) ) ;
#11206 = STYLED_ITEM ( 'NONE', ( #6847 ), #12711 ) ;
#11207 = STYLED_ITEM ( 'NONE', ( #4286 ), #5882 ) ;
#11209 = EDGE_CURVE ( 'NONE', #3543, #2471, #12293, .T. ) ;
#11208 = DIRECTION ( 'NONE',  ( -1.000000000000000000, 0.0000000000000000000, -0.0000000000000000000 ) ) ;
#11210 = LINE ( 'NONE', #6881, #8281 ) ;
#11211 = EDGE_CURVE ( 'NONE', #1188, #7425, #12593, .T. ) ;
#11212 = FILL_AREA_STYLE ('',( #10233 ) ) ;
#11213 = UNCERTAINTY_MEASURE_WITH_UNIT (LENGTH_MEASURE( 1.000000000000000082E-05 ), #3979, 'distance_accuracy_value', 'NONE');
#11214 =( NAMED_UNIT ( * ) SI_UNIT ( $, .STERADIAN. ) SOLID_ANGLE_UNIT ( ) );
#11215 = PRESENTATION_LAYER_ASSIGNMENT (  '', '', ( #11884 ) ) ;
#11216 = DIRECTION ( 'NONE',  ( -1.000000000000000000, 0.0000000000000000000, -0.0000000000000000000 ) ) ;
#11217 = VERTEX_POINT ( 'NONE', #8236 ) ;
#11218 = VECTOR ( 'NONE', #5857, 1000.000000000000000 ) ;
#11219 = FACE_OUTER_BOUND ( 'NONE', #10363, .T. ) ;
#11220 = SURFACE_SIDE_STYLE ('',( #10678 ) ) ;
#11221 = UNCERTAINTY_MEASURE_WITH_UNIT (LENGTH_MEASURE( 1.000000000000000082E-05 ), #7262, 'distance_accuracy_value', 'NONE');
#11222 = DIRECTION ( 'NONE',  ( -2.189696164768673130E-14, 0.0000000000000000000, 1.000000000000000000 ) ) ;
#11223 = PRESENTATION_LAYER_ASSIGNMENT (  '', '', ( #10572 ) ) ;
#11224 = VECTOR ( 'NONE', #2420, 1000.000000000000000 ) ;
#11225 = ORIENTED_EDGE ( 'NONE', *, *, #786, .F. ) ;
#11226 =( LENGTH_UNIT ( ) NAMED_UNIT ( * ) SI_UNIT ( .MILLI., .METRE. ) );
#11227 = SURFACE_STYLE_USAGE ( .BOTH. , #4368 ) ;
#11228 = SURFACE_STYLE_USAGE ( .BOTH. , #4369 ) ;
#11229 = CARTESIAN_POINT ( 'NONE',  ( -1.197916575926319283, 0.1000000000000000056, 0.0000000000000000000 ) ) ;
#11230 = LINE ( 'NONE', #4268, #10930 ) ;
#11231 = ORIENTED_EDGE ( 'NONE', *, *, #10804, .F. ) ;
#11232 = CARTESIAN_POINT ( 'NONE',  ( 0.0000000000000000000, 0.0000000000000000000, 0.0000000000000000000 ) ) ;
#11233 = ORIENTED_EDGE ( 'NONE', *, *, #8860, .F. ) ;
#11234 = FACE_OUTER_BOUND ( 'NONE', #11516, .T. ) ;
#11235 = VECTOR ( 'NONE', #9297, 1000.000000000000000 ) ;
#11236 = EDGE_LOOP ( 'NONE', ( #9131, #5501, #6478, #10057 ) ) ;
#11237 = ORIENTED_EDGE ( 'NONE', *, *, #217, .F. ) ;
#11238 = CARTESIAN_POINT ( 'NONE',  ( 0.4810022717477533405, 0.1000000000000000056, -1.199999999999999289 ) ) ;
#11239 =( LENGTH_UNIT ( ) NAMED_UNIT ( * ) SI_UNIT ( .MILLI., .METRE. ) );
#11240 = AXIS2_PLACEMENT_3D ( 'NONE', #7070, #7216, #9449 ) ;
#11241 = PRESENTATION_LAYER_ASSIGNMENT (  '', '', ( #9926 ) ) ;
#11242 =( NAMED_UNIT ( * ) PLANE_ANGLE_UNIT ( ) SI_UNIT ( $, .RADIAN. ) );
#11243 = ORIENTED_EDGE ( 'NONE', *, *, #8860, .T. ) ;
#11244 = LINE ( 'NONE', #4925, #8633 ) ;
#11245 = ORIENTED_EDGE ( 'NONE', *, *, #10441, .F. ) ;
#11246 = DIRECTION ( 'NONE',  ( 0.0000000000000000000, 1.000000000000000000, -0.0000000000000000000 ) ) ;
#11247 = CIRCLE ( 'NONE', #9566, 0.03693314907479822162 ) ;
#11248 = ORIENTED_EDGE ( 'NONE', *, *, #5577, .T. ) ;
#11249 = FACE_OUTER_BOUND ( 'NONE', #6012, .T. ) ;
#11250 = SURFACE_STYLE_USAGE ( .BOTH. , #6457 ) ;
#11251 = CARTESIAN_POINT ( 'NONE',  ( -1.044003024146626046, 0.1000000000000000056, -0.3087081087201543061 ) ) ;
#11252 = ORIENTED_EDGE ( 'NONE', *, *, #1275, .T. ) ;
#11253 = FACE_OUTER_BOUND ( 'NONE', #4128, .T. ) ;
#11254 = ORIENTED_EDGE ( 'NONE', *, *, #4249, .F. ) ;
#11255 = MECHANICAL_DESIGN_GEOMETRIC_PRESENTATION_REPRESENTATION (  '', ( #9928 ), #11920 ) ;
#11256 = PLANE ( 'NONE',  #9745 ) ;
#11257 = FILL_AREA_STYLE_COLOUR ( '', #11481 ) ;
#11258 = SURFACE_STYLE_FILL_AREA ( #12440 ) ;
#11259 = CARTESIAN_POINT ( 'NONE',  ( -1.257124604555293734, 0.0000000000000000000, -0.1623686072350682963 ) ) ;
#11260 = LINE ( 'NONE', #4991, #8648 ) ;
#11261 = CYLINDRICAL_SURFACE ( 'NONE', #245, 0.05593526370766899181 ) ;
#11262 =( LENGTH_UNIT ( ) NAMED_UNIT ( * ) SI_UNIT ( .MILLI., .METRE. ) );
#11263 = VECTOR ( 'NONE', #3405, 1000.000000000000000 ) ;
#11264 = EDGE_LOOP ( 'NONE', ( #3419, #11750, #12193, #10008 ) ) ;
#11265 = COLOUR_RGB ( '',1.000000000000000000, 1.000000000000000000, 1.000000000000000000 ) ;
#11266 = EDGE_LOOP ( 'NONE', ( #10937, #12344, #10495, #4783 ) ) ;
#11267 = EDGE_CURVE ( 'NONE', #9783, #4005, #7042, .T. ) ;
#11268 = CARTESIAN_POINT ( 'NONE',  ( -0.5509352637076680992, -0.05000000000000000278, 1.375493264616636457 ) ) ;
#11269 = DIRECTION ( 'NONE',  ( 1.000000000000000000, 0.0000000000000000000, -0.0000000000000000000 ) ) ;
#11270 = CARTESIAN_POINT ( 'NONE',  ( -1.171933149074798175, 0.0000000000000000000, 0.2000076143446563315 ) ) ;
#11271 =( LENGTH_UNIT ( ) NAMED_UNIT ( * ) SI_UNIT ( .MILLI., .METRE. ) );
#11272 = FILL_AREA_STYLE_COLOUR ( '', #10238 ) ;
#11273 = ORIENTED_EDGE ( 'NONE', *, *, #8272, .F. ) ;
#11274 = MECHANICAL_DESIGN_GEOMETRIC_PRESENTATION_REPRESENTATION (  '', ( #9941 ), #11938 ) ;
#11275 = PRESENTATION_STYLE_ASSIGNMENT (( #10112 ) ) ;
#11276 = PRESENTATION_STYLE_ASSIGNMENT (( #5566 ) ) ;
#11277 = VECTOR ( 'NONE', #9581, 1000.000000000000000 ) ;
#11278 = CARTESIAN_POINT ( 'NONE',  ( -1.257124604555293734, 0.1000000000000000056, -0.1623686072350682963 ) ) ;
#11279 = ADVANCED_FACE ( 'NONE', ( #2091 ), #5330, .T. ) ;
#11280 = LINE ( 'NONE', #1752, #10975 ) ;
#11281 = VECTOR ( 'NONE', #11085, 1000.000000000000000 ) ;
#11283 = ORIENTED_EDGE ( 'NONE', *, *, #2147, .T. ) ;
#11282 = SURFACE_SIDE_STYLE ('',( #5871 ) ) ;
#11284 = CARTESIAN_POINT ( 'NONE',  ( 0.1650000000000009237, 0.1000000000000000056, 1.375493264616636679 ) ) ;
#11285 = ADVANCED_FACE ( 'NONE', ( #3472 ), #5365, .T. ) ;
#11286 = MECHANICAL_DESIGN_GEOMETRIC_PRESENTATION_REPRESENTATION (  '', ( #9950 ), #11948 ) ;
#11287 = FILL_AREA_STYLE_COLOUR ( '', #2550 ) ;
#11288 = CARTESIAN_POINT ( 'NONE',  ( -1.257124604555293734, 0.1000000000000000056, 0.1623686072350682963 ) ) ;
#11289 = STYLED_ITEM ( 'NONE', ( #2436 ), #5368 ) ;
#11290 = LINE ( 'NONE', #4359, #3590 ) ;
#11291 = SURFACE_STYLE_USAGE ( .BOTH. , #11307 ) ;
#11292 = ORIENTED_EDGE ( 'NONE', *, *, #10263, .F. ) ;
#11293 = CARTESIAN_POINT ( 'NONE',  ( 0.0000000000000000000, 0.1000000000000000056, -1.277681107331943622 ) ) ;
#11294 = CARTESIAN_POINT ( 'NONE',  ( 0.5439116535429402433, 0.1000000000000000056, 1.320000718934352335 ) ) ;
#11295 =( NAMED_UNIT ( * ) PLANE_ANGLE_UNIT ( ) SI_UNIT ( $, .RADIAN. ) );
#11297 = ADVANCED_FACE ( 'NONE', ( #2538 ), #5400, .T. ) ;
#11296 = CARTESIAN_POINT ( 'NONE',  ( 1.389381878823499061, 0.7190808995376546386, 1.399999999999999911 ) ) ;
#11298 =( GEOMETRIC_REPRESENTATION_CONTEXT ( 3 ) GLOBAL_UNCERTAINTY_ASSIGNED_CONTEXT ( ( #9496 ) ) GLOBAL_UNIT_ASSIGNED_CONTEXT ( ( #8622, #11169, #8373 ) ) REPRESENTATION_CONTEXT ( 'NONE', 'WORKASPACE' ) );
#11299 = COLOUR_RGB ( '',1.000000000000000000, 1.000000000000000000, 1.000000000000000000 ) ;
#11300 = FACE_OUTER_BOUND ( 'NONE', #4632, .T. ) ;
#11301 = UNCERTAINTY_MEASURE_WITH_UNIT (LENGTH_MEASURE( 1.000000000000000082E-05 ), #8342, 'distance_accuracy_value', 'NONE');
#11302 =( NAMED_UNIT ( * ) SI_UNIT ( $, .STERADIAN. ) SOLID_ANGLE_UNIT ( ) );
#11303 = PRESENTATION_STYLE_ASSIGNMENT (( #10368 ) ) ;
#11304 = ORIENTED_EDGE ( 'NONE', *, *, #11801, .T. ) ;
#11305 = CARTESIAN_POINT ( 'NONE',  ( 1.499999999999999556, 0.1499999999999999944, 1.301837281655233491 ) ) ;
#11306 = AXIS2_PLACEMENT_3D ( 'NONE', #6358, #5499, #5421 ) ;
#11307 = SURFACE_SIDE_STYLE ('',( #3096 ) ) ;
#11308 = LINE ( 'NONE', #8111, #3431 ) ;
#11309 = EDGE_CURVE ( 'NONE', #6877, #9470, #9360, .T. ) ;
#11310 = COLOUR_RGB ( '',1.000000000000000000, 1.000000000000000000, 1.000000000000000000 ) ;
#11311 = AXIS2_PLACEMENT_3D ( 'NONE', #9051, #8116, #12083 ) ;
#11312 = CARTESIAN_POINT ( 'NONE',  ( -1.291219160478732864, 0.6999999999999998446, -1.191219160478732997 ) ) ;
#11313 = CARTESIAN_POINT ( 'NONE',  ( -1.197916575926319283, 0.1000000000000000056, 0.0000000000000000000 ) ) ;
#11314 = CARTESIAN_POINT ( 'NONE',  ( 0.0000000000000000000, 0.1000000000000000056, -1.416874574924349872 ) ) ;
#11315 = SURFACE_STYLE_FILL_AREA ( #1734 ) ;
#11316 = DIRECTION ( 'NONE',  ( 0.0000000000000000000, 0.0000000000000000000, 1.000000000000000000 ) ) ;
#11317 = DIRECTION ( 'NONE',  ( 1.000000000000000000, -0.0000000000000000000, 0.0000000000000000000 ) ) ;
#11318 = SURFACE_STYLE_USAGE ( .BOTH. , #4439 ) ;
#11319 = SURFACE_STYLE_USAGE ( .BOTH. , #11608 ) ;
#11320 = CARTESIAN_POINT ( 'NONE',  ( -1.257124604555293734, 0.1000000000000000056, 0.1623686072350682963 ) ) ;
#11321 = UNCERTAINTY_MEASURE_WITH_UNIT (LENGTH_MEASURE( 1.000000000000000082E-05 ), #2097, 'distance_accuracy_value', 'NONE');
#11322 = ORIENTED_EDGE ( 'NONE', *, *, #11485, .F. ) ;
#11323 = CARTESIAN_POINT ( 'NONE',  ( -1.257124604555293956, -0.05000000000000000278, 0.1031605786060936225 ) ) ;
#11324 = VECTOR ( 'NONE', #11577, 1000.000000000000000 ) ;
#11325 = STYLED_ITEM ( 'NONE', ( #4937 ), #1238 ) ;
#11326 = PRESENTATION_LAYER_ASSIGNMENT (  '', '', ( #9980 ) ) ;
#11327 = AXIS2_PLACEMENT_3D ( 'NONE', #11774, #11730, #11644 ) ;
#11328 = CARTESIAN_POINT ( 'NONE',  ( -0.7912377610681550211, 0.1000000000000000056, -0.0000000000000000000 ) ) ;
#11329 = ORIENTED_EDGE ( 'NONE', *, *, #5288, .F. ) ;
#11330 = EDGE_CURVE ( 'NONE', #1280, #8798, #11988, .T. ) ;
#11331 = FILL_AREA_STYLE_COLOUR ( '', #11822 ) ;
#11332 = DIRECTION ( 'NONE',  ( 1.000000000000000000, -0.0000000000000000000, 0.0000000000000000000 ) ) ;
#11333 = STYLED_ITEM ( 'NONE', ( #3703 ), #177 ) ;
#11335 = EDGE_LOOP ( 'NONE', ( #4871, #2536, #953, #339 ) ) ;
#11334 = STYLED_ITEM ( 'NONE', ( #6158 ), #8102 ) ;
#11336 = CARTESIAN_POINT ( 'NONE',  ( -0.5439116535429402433, -0.05000000000000000278, 1.320000718934352335 ) ) ;
#11337 = VECTOR ( 'NONE', #3767, 1000.000000000000000 ) ;
#11338 = DIRECTION ( 'NONE',  ( -2.189696164768673130E-14, 0.0000000000000000000, -1.000000000000000000 ) ) ;
#11339 = FILL_AREA_STYLE_COLOUR ( '', #1371 ) ;
#11340 = ORIENTED_EDGE ( 'NONE', *, *, #1129, .F. ) ;
#11341 =( NAMED_UNIT ( * ) PLANE_ANGLE_UNIT ( ) SI_UNIT ( $, .RADIAN. ) );
#11342 = CARTESIAN_POINT ( 'NONE',  ( -0.1549999999999993883, 0.0000000000000000000, 1.375493264616636679 ) ) ;
#11343 = DIRECTION ( 'NONE',  ( 0.0000000000000000000, 0.0000000000000000000, 1.000000000000000000 ) ) ;
#11344 = PRODUCT_DEFINITION_CONTEXT ( 'detailed design', #6249, 'design' ) ;
#11345 =( NAMED_UNIT ( * ) PLANE_ANGLE_UNIT ( ) SI_UNIT ( $, .RADIAN. ) );
#11346 = CARTESIAN_POINT ( 'NONE',  ( 1.455814029726843373, 0.0000000000000000000, -1.355814029726843728 ) ) ;
#11347 = PRESENTATION_LAYER_ASSIGNMENT (  '', '', ( #10680 ) ) ;
#11348 = EDGE_CURVE ( 'NONE', #1222, #12025, #1779, .T. ) ;
#11349 = SURFACE_STYLE_FILL_AREA ( #2225 ) ;
#11350 = CARTESIAN_POINT ( 'NONE',  ( -1.291219160478732864, 0.7999999999999999334, 1.191219160478732997 ) ) ;
#11351 = EDGE_CURVE ( 'NONE', #4589, #1971, #4119, .T. ) ;
#11352 = PRESENTATION_STYLE_ASSIGNMENT (( #2697 ) ) ;
#11353 = FILL_AREA_STYLE ('',( #11396 ) ) ;
#11354 = MECHANICAL_DESIGN_GEOMETRIC_PRESENTATION_REPRESENTATION (  '', ( #9362 ), #12011 ) ;
#11355 =( NAMED_UNIT ( * ) PLANE_ANGLE_UNIT ( ) SI_UNIT ( $, .RADIAN. ) );
#11356 = CARTESIAN_POINT ( 'NONE',  ( 0.0000000000000000000, 0.1000000000000000056, -0.07500000000000017764 ) ) ;
#11357 = CARTESIAN_POINT ( 'NONE',  ( 0.0000000000000000000, 0.0000000000000000000, -1.277681107331943622 ) ) ;
#11358 = VERTEX_POINT ( 'NONE', #6418 ) ;
#11359 =( NAMED_UNIT ( * ) PLANE_ANGLE_UNIT ( ) SI_UNIT ( $, .RADIAN. ) );
#11360 = LINE ( 'NONE', #876, #8428 ) ;
#11361 = ORIENTED_EDGE ( 'NONE', *, *, #4680, .F. ) ;
#11362 = ADVANCED_FACE ( 'NONE', ( #6734 ), #203, .T. ) ;
#11363 = PRESENTATION_STYLE_ASSIGNMENT (( #370 ) ) ;
#11364 = AXIS2_PLACEMENT_3D ( 'NONE', #5178, #12061, #6147 ) ;
#11365 =( LENGTH_UNIT ( ) NAMED_UNIT ( * ) SI_UNIT ( .MILLI., .METRE. ) );
#11366 = MECHANICAL_DESIGN_GEOMETRIC_PRESENTATION_REPRESENTATION (  '', ( #10036 ), #12028 ) ;
#11367 = DIRECTION ( 'NONE',  ( 0.0000000000000000000, 0.0000000000000000000, -1.000000000000000000 ) ) ;
#11368 =( LENGTH_UNIT ( ) NAMED_UNIT ( * ) SI_UNIT ( .MILLI., .METRE. ) );
#11369 = SURFACE_SIDE_STYLE ('',( #3504 ) ) ;
#11370 = ORIENTED_EDGE ( 'NONE', *, *, #8249, .T. ) ;
#11371 = CARTESIAN_POINT ( 'NONE',  ( 0.0000000000000000000, -0.05000000000000000278, 0.07500000000000017764 ) ) ;
#11372 = DIRECTION ( 'NONE',  ( -1.000000000000000000, 0.0000000000000000000, -0.0000000000000000000 ) ) ;
#11373 = FACE_OUTER_BOUND ( 'NONE', #8954, .T. ) ;
#11374 = UNCERTAINTY_MEASURE_WITH_UNIT (LENGTH_MEASURE( 1.000000000000000082E-05 ), #11262, 'distance_accuracy_value', 'NONE');
#11375 = FILL_AREA_STYLE_COLOUR ( '', #6064 ) ;
#11376 = LINE ( 'NONE', #11926, #6128 ) ;
#11377 = CARTESIAN_POINT ( 'NONE',  ( 0.0000000000000000000, 0.1000000000000000056, 1.500000000000000000 ) ) ;
#11378 = FILL_AREA_STYLE_COLOUR ( '', #8035 ) ;
#11379 = VECTOR ( 'NONE', #10065, 1000.000000000000000 ) ;
#11380 = ORIENTED_EDGE ( 'NONE', *, *, #769, .T. ) ;
#11381 = STYLED_ITEM ( 'NONE', ( #12560 ), #6119 ) ;
#11383 = EDGE_CURVE ( 'NONE', #985, #3599, #5510, .T. ) ;
#11382 = DIRECTION ( 'NONE',  ( 0.0000000000000000000, 1.000000000000000000, 0.0000000000000000000 ) ) ;
#11384 =( NAMED_UNIT ( * ) PLANE_ANGLE_UNIT ( ) SI_UNIT ( $, .RADIAN. ) );
#11385 = EDGE_CURVE ( 'NONE', #3354, #3828, #2851, .T. ) ;
#11386 = CARTESIAN_POINT ( 'NONE',  ( -0.7912377610681550211, 0.0000000000000000000, -1.416874574924349872 ) ) ;
#11387 = DIRECTION ( 'NONE',  ( -0.1874275599918973634, 0.9642312064598241861, -0.1874275599918962809 ) ) ;
#11388 = LINE ( 'NONE', #11635, #8759 ) ;
#11389 = CIRCLE ( 'NONE', #3511, 0.03693314907479819387 ) ;
#11390 =( GEOMETRIC_REPRESENTATION_CONTEXT ( 3 ) GLOBAL_UNCERTAINTY_ASSIGNED_CONTEXT ( ( #610 ) ) GLOBAL_UNIT_ASSIGNED_CONTEXT ( ( #4485, #11359, #5463 ) ) REPRESENTATION_CONTEXT ( 'NONE', 'WORKASPACE' ) );
#11391 = CARTESIAN_POINT ( 'NONE',  ( -0.8189977282522473701, 0.0000000000000000000, -1.416874574924349872 ) ) ;
#11392 = EDGE_CURVE ( 'NONE', #6184, #446, #8128, .T. ) ;
#11393 = CARTESIAN_POINT ( 'NONE',  ( -0.8189977282522473701, 0.1000000000000000056, -0.0000000000000000000 ) ) ;
#11394 = UNCERTAINTY_MEASURE_WITH_UNIT (LENGTH_MEASURE( 1.000000000000000082E-05 ), #2521, 'distance_accuracy_value', 'NONE');
#11395 = CYLINDRICAL_SURFACE ( 'NONE', #5270, 0.05920802862897456276 ) ;
#11396 = FILL_AREA_STYLE_COLOUR ( '', #11299 ) ;
#11397 = ORIENTED_EDGE ( 'NONE', *, *, #10685, .F. ) ;
#11398 = LINE ( 'NONE', #10447, #864 ) ;
#11399 = VECTOR ( 'NONE', #651, 1000.000000000000000 ) ;
#11400 =( NAMED_UNIT ( * ) PLANE_ANGLE_UNIT ( ) SI_UNIT ( $, .RADIAN. ) );
#11401 =( NAMED_UNIT ( * ) SI_UNIT ( $, .STERADIAN. ) SOLID_ANGLE_UNIT ( ) );
#11402 = AXIS2_PLACEMENT_3D ( 'NONE', #10181, #6713, #6544 ) ;
#11403 = CARTESIAN_POINT ( 'NONE',  ( 1.197916575926319283, -0.05000000000000000278, 0.2000076143446563315 ) ) ;
#11404 = STYLED_ITEM ( 'NONE', ( #3645 ), #9725 ) ;
#11405 = AXIS2_PLACEMENT_3D ( 'NONE', #615, #5883, #10967 ) ;
#11406 = ORIENTED_EDGE ( 'NONE', *, *, #4919, .F. ) ;
#11407 = EDGE_CURVE ( 'NONE', #8008, #6334, #10752, .T. ) ;
#11408 = PRESENTATION_STYLE_ASSIGNMENT (( #1444 ) ) ;
#11409 = VERTEX_POINT ( 'NONE', #12460 ) ;
#11410 = ORIENTED_EDGE ( 'NONE', *, *, #4719, .F. ) ;
#11411 = ORIENTED_EDGE ( 'NONE', *, *, #5495, .F. ) ;
#11412 = PRESENTATION_LAYER_ASSIGNMENT (  '', '', ( #10075 ) ) ;
#11413 = CARTESIAN_POINT ( 'NONE',  ( -1.197916575926319283, -0.05000000000000000278, -0.2000076143446563315 ) ) ;
#11414 = ORIENTED_EDGE ( 'NONE', *, *, #2761, .T. ) ;
#11415 = DIRECTION ( 'NONE',  ( 0.0000000000000000000, 0.0000000000000000000, 1.000000000000000000 ) ) ;
#11416 = FILL_AREA_STYLE ('',( #4544 ) ) ;
#11417 = EDGE_CURVE ( 'NONE', #10387, #3354, #7816, .T. ) ;
#11418 = DIRECTION ( 'NONE',  ( -1.000000000000000000, 0.0000000000000000000, -0.0000000000000000000 ) ) ;
#11419 = DIRECTION ( 'NONE',  ( 0.0000000000000000000, 0.0000000000000000000, -1.000000000000000000 ) ) ;
#11420 = SURFACE_STYLE_FILL_AREA ( #3164 ) ;
#11421 = ORIENTED_EDGE ( 'NONE', *, *, #8196, .T. ) ;
#11422 = FACE_OUTER_BOUND ( 'NONE', #2890, .T. ) ;
#11423 = VERTEX_POINT ( 'NONE', #7541 ) ;
#11424 = EDGE_LOOP ( 'NONE', ( #7117, #6961, #6650, #6357 ) ) ;
#11425 = ADVANCED_FACE ( 'NONE', ( #10121 ), #1620, .T. ) ;
#11426 = DIRECTION ( 'NONE',  ( 0.0000000000000000000, 1.000000000000000000, 0.0000000000000000000 ) ) ;
#11427 = LINE ( 'NONE', #5549, #889 ) ;
#11428 = EDGE_LOOP ( 'NONE', ( #8006, #5685, #8484, #3980 ) ) ;
#11429 = SURFACE_SIDE_STYLE ('',( #6007 ) ) ;
#11430 =( GEOMETRIC_REPRESENTATION_CONTEXT ( 3 ) GLOBAL_UNCERTAINTY_ASSIGNED_CONTEXT ( ( #5475 ) ) GLOBAL_UNIT_ASSIGNED_CONTEXT ( ( #6582, #646, #7592 ) ) REPRESENTATION_CONTEXT ( 'NONE', 'WORKASPACE' ) );
#11431 = DIRECTION ( 'NONE',  ( 0.0000000000000000000, 0.0000000000000000000, -1.000000000000000000 ) ) ;
#11432 = EDGE_CURVE ( 'NONE', #1758, #5961, #3954, .T. ) ;
#11433 = DIRECTION ( 'NONE',  ( -0.0000000000000000000, 0.0000000000000000000, 1.000000000000000000 ) ) ;
#11434 = ORIENTED_EDGE ( 'NONE', *, *, #12480, .F. ) ;
#11435 = VECTOR ( 'NONE', #7280, 1000.000000000000000 ) ;
#11436 = LINE ( 'NONE', #3030, #1813 ) ;
#11437 = LINE ( 'NONE', #2774, #8499 ) ;
#11438 = FILL_AREA_STYLE ('',( #1544 ) ) ;
#11439 =( GEOMETRIC_REPRESENTATION_CONTEXT ( 3 ) GLOBAL_UNCERTAINTY_ASSIGNED_CONTEXT ( ( #10114 ) ) GLOBAL_UNIT_ASSIGNED_CONTEXT ( ( #93, #7049, #1103 ) ) REPRESENTATION_CONTEXT ( 'NONE', 'WORKASPACE' ) );
#11440 = LINE ( 'NONE', #7242, #905 ) ;
#11441 = ORIENTED_EDGE ( 'NONE', *, *, #4717, .F. ) ;
#11442 = ORIENTED_EDGE ( 'NONE', *, *, #9803, .F. ) ;
#11443 =( LENGTH_UNIT ( ) NAMED_UNIT ( * ) SI_UNIT ( .MILLI., .METRE. ) );
#11444 = LINE ( 'NONE', #2085, #3557 ) ;
#11445 = LINE ( 'NONE', #3752, #5885 ) ;
#11446 = FILL_AREA_STYLE_COLOUR ( '', #7701 ) ;
#11447 = PLANE ( 'NONE',  #3799 ) ;
#11448 = LINE ( 'NONE', #11935, #11130 ) ;
#11449 = VECTOR ( 'NONE', #1467, 1000.000000000000000 ) ;
#11450 = STYLED_ITEM ( 'NONE', ( #821 ), #11285 ) ;
#11451 = EDGE_CURVE ( 'NONE', #8838, #1188, #11832, .T. ) ;
#11452 = LINE ( 'NONE', #5827, #5890 ) ;
#11453 = MECHANICAL_DESIGN_GEOMETRIC_PRESENTATION_REPRESENTATION (  '', ( #10108 ), #12101 ) ;
#11454 = FILL_AREA_STYLE ('',( #4611 ) ) ;
#11455 = ORIENTED_EDGE ( 'NONE', *, *, #6522, .T. ) ;
#11456 = DIRECTION ( 'NONE',  ( -1.000000000000000000, 0.0000000000000000000, -0.0000000000000000000 ) ) ;
#11457 = DIRECTION ( 'NONE',  ( 0.0000000000000000000, 1.000000000000000000, -0.0000000000000000000 ) ) ;
#11458 = DIRECTION ( 'NONE',  ( 0.0000000000000000000, 1.000000000000000000, -0.0000000000000000000 ) ) ;
#11459 = ORIENTED_EDGE ( 'NONE', *, *, #8101, .T. ) ;
#11460 =( LENGTH_UNIT ( ) NAMED_UNIT ( * ) SI_UNIT ( .MILLI., .METRE. ) );
#11461 = CARTESIAN_POINT ( 'NONE',  ( -1.162759967184092247, 0.1000000000000000056, 0.0000000000000000000 ) ) ;
#11462 = PLANE ( 'NONE',  #7576 ) ;
#11463 = ORIENTED_EDGE ( 'NONE', *, *, #907, .F. ) ;
#11464 = PLANE ( 'NONE',  #12767 ) ;
#11465 = PRESENTATION_LAYER_ASSIGNMENT (  '', '', ( #10125 ) ) ;
#11466 =( NAMED_UNIT ( * ) SI_UNIT ( $, .STERADIAN. ) SOLID_ANGLE_UNIT ( ) );
#11467 = EDGE_CURVE ( 'NONE', #8048, #10006, #1304, .T. ) ;
#11468 = EDGE_CURVE ( 'NONE', #5127, #7135, #8895, .T. ) ;
#11469 = VECTOR ( 'NONE', #11201, 1000.000000000000000 ) ;
#11470 = VECTOR ( 'NONE', #3812, 1000.000000000000000 ) ;
#11471 = STYLED_ITEM ( 'NONE', ( #5161 ), #6191 ) ;
#11472 = UNCERTAINTY_MEASURE_WITH_UNIT (LENGTH_MEASURE( 1.000000000000000082E-05 ), #7207, 'distance_accuracy_value', 'NONE');
#11473 = DIRECTION ( 'NONE',  ( 1.000000000000000000, -0.0000000000000000000, 0.0000000000000000000 ) ) ;
#11474 =( NAMED_UNIT ( * ) SI_UNIT ( $, .STERADIAN. ) SOLID_ANGLE_UNIT ( ) );
#11475 = CARTESIAN_POINT ( 'NONE',  ( 0.8189977282522473701, 0.0000000000000000000, -0.0000000000000000000 ) ) ;
#11476 = DIRECTION ( 'NONE',  ( 0.0000000000000000000, -1.000000000000000000, 0.0000000000000000000 ) ) ;
#11477 = SURFACE_STYLE_FILL_AREA ( #8252 ) ;
#11478 = DIRECTION ( 'NONE',  ( 0.0000000000000000000, 0.0000000000000000000, 1.000000000000000000 ) ) ;
#11479 = AXIS2_PLACEMENT_3D ( 'NONE', #5196, #5285, #5649 ) ;
#11480 = FILL_AREA_STYLE_COLOUR ( '', #12214 ) ;
#11481 = COLOUR_RGB ( '',1.000000000000000000, 1.000000000000000000, 1.000000000000000000 ) ;
#11482 = ORIENTED_EDGE ( 'NONE', *, *, #8196, .F. ) ;
#11483 = EDGE_LOOP ( 'NONE', ( #7288, #2788, #8069, #12538 ) ) ;
#11484 = MECHANICAL_DESIGN_GEOMETRIC_PRESENTATION_REPRESENTATION (  '', ( #10147 ), #12140 ) ;
#11485 = EDGE_CURVE ( 'NONE', #9121, #7493, #6575, .T. ) ;
#11486 = DIRECTION ( 'NONE',  ( 0.0000000000000000000, 1.000000000000000000, 0.0000000000000000000 ) ) ;
#11487 = VECTOR ( 'NONE', #941, 1000.000000000000000 ) ;
#11488 = CARTESIAN_POINT ( 'NONE',  ( -1.291219160478732864, 0.6999999999999998446, 0.0000000000000000000 ) ) ;
#11489 =( NAMED_UNIT ( * ) PLANE_ANGLE_UNIT ( ) SI_UNIT ( $, .RADIAN. ) );
#11490 =( NAMED_UNIT ( * ) PLANE_ANGLE_UNIT ( ) SI_UNIT ( $, .RADIAN. ) );
#11491 = FILL_AREA_STYLE_COLOUR ( '', #11764 ) ;
#11492 = ORIENTED_EDGE ( 'NONE', *, *, #6431, .T. ) ;
#11493 = FILL_AREA_STYLE_COLOUR ( '', #5507 ) ;
#11494 = ORIENTED_EDGE ( 'NONE', *, *, #180, .T. ) ;
#11495 = STYLED_ITEM ( 'NONE', ( #2114 ), #1450 ) ;
#11496 = MECHANICAL_DESIGN_GEOMETRIC_PRESENTATION_REPRESENTATION (  '', ( #10168 ), #12151 ) ;
#11497 = FILL_AREA_STYLE_COLOUR ( '', #3019 ) ;
#11498 = COLOUR_RGB ( '',1.000000000000000000, 1.000000000000000000, 1.000000000000000000 ) ;
#11499 = ORIENTED_EDGE ( 'NONE', *, *, #1275, .F. ) ;
#11500 =( NAMED_UNIT ( * ) SI_UNIT ( $, .STERADIAN. ) SOLID_ANGLE_UNIT ( ) );
#11501 = AXIS2_PLACEMENT_3D ( 'NONE', #2569, #9488, #3573 ) ;
#11502 = VERTEX_POINT ( 'NONE', #11588 ) ;
#11503 = FILL_AREA_STYLE ('',( #2616 ) ) ;
#11504 = FILL_AREA_STYLE ('',( #8540 ) ) ;
#11505 =( NAMED_UNIT ( * ) PLANE_ANGLE_UNIT ( ) SI_UNIT ( $, .RADIAN. ) );
#11506 =( LENGTH_UNIT ( ) NAMED_UNIT ( * ) SI_UNIT ( .MILLI., .METRE. ) );
#11507 = CARTESIAN_POINT ( 'NONE',  ( -1.134999999999999787, 0.1000000000000000056, 0.0000000000000000000 ) ) ;
#11508 = DIRECTION ( 'NONE',  ( 1.000000000000000000, -0.0000000000000000000, 0.0000000000000000000 ) ) ;
#11509 =( GEOMETRIC_REPRESENTATION_CONTEXT ( 3 ) GLOBAL_UNCERTAINTY_ASSIGNED_CONTEXT ( ( #12714 ) ) GLOBAL_UNIT_ASSIGNED_CONTEXT ( ( #1016, #7968, #2051 ) ) REPRESENTATION_CONTEXT ( 'NONE', 'WORKASPACE' ) );
#11510 = EDGE_CURVE ( 'NONE', #3642, #4802, #3327, .T. ) ;
#11511 = CARTESIAN_POINT ( 'NONE',  ( 1.162759967184092247, 0.1000000000000000056, -1.277681107331943622 ) ) ;
#11512 = SURFACE_STYLE_FILL_AREA ( #9047 ) ;
#11513 = EDGE_CURVE ( 'NONE', #12, #12093, #3635, .T. ) ;
#11514 = ORIENTED_EDGE ( 'NONE', *, *, #5267, .T. ) ;
#11515 = VECTOR ( 'NONE', #10561, 1000.000000000000000 ) ;
#11516 = EDGE_LOOP ( 'NONE', ( #4650, #8382, #8321, #5016 ) ) ;
#11517 = DIRECTION ( 'NONE',  ( 0.0000000000000000000, -1.000000000000000000, 0.0000000000000000000 ) ) ;
#11518 = AXIS2_PLACEMENT_3D ( 'NONE', #2400, #9314, #3403 ) ;
#11519 = DIRECTION ( 'NONE',  ( 0.0000000000000000000, -1.000000000000000000, 0.0000000000000000000 ) ) ;
#11520 = DIRECTION ( 'NONE',  ( 1.000000000000000000, -0.0000000000000000000, 0.0000000000000000000 ) ) ;
#11521 = FACE_OUTER_BOUND ( 'NONE', #3922, .T. ) ;
#11522 = DIRECTION ( 'NONE',  ( -1.000000000000000000, 0.0000000000000000000, -0.0000000000000000000 ) ) ;
#11523 = CLOSED_SHELL ( 'NONE', ( #456, #6756, #12216, #3168, #580, #181, #6439, #5356, #11037, #9001, #12729, #8756, #12459, #7423 ) ) ;
#11524 =( NAMED_UNIT ( * ) SI_UNIT ( $, .STERADIAN. ) SOLID_ANGLE_UNIT ( ) );
#11525 = VECTOR ( 'NONE', #9975, 1000.000000000000000 ) ;
#11526 =( NAMED_UNIT ( * ) SI_UNIT ( $, .STERADIAN. ) SOLID_ANGLE_UNIT ( ) );
#11527 = AXIS2_PLACEMENT_3D ( 'NONE', #3666, #5634, #10585 ) ;
#11528 = FILL_AREA_STYLE_COLOUR ( '', #6472 ) ;
#11529 = UNCERTAINTY_MEASURE_WITH_UNIT (LENGTH_MEASURE( 1.000000000000000082E-05 ), #2465, 'distance_accuracy_value', 'NONE');
#11530 = CARTESIAN_POINT ( 'NONE',  ( 0.0000000000000000000, 0.1499999999999999944, 1.500000000000000000 ) ) ;
#11531 = VECTOR ( 'NONE', #2345, 1000.000000000000000 ) ;
#11532 = CARTESIAN_POINT ( 'NONE',  ( 0.7399140984642225138, -0.05000000000000000278, 1.276162611327208873 ) ) ;
#11533 = DIRECTION ( 'NONE',  ( 0.0000000000000000000, 0.0000000000000000000, 1.000000000000000000 ) ) ;
#11534 = LINE ( 'NONE', #1232, #8917 ) ;
#11535 = PLANE ( 'NONE',  #436 ) ;
#11536 = MECHANICAL_DESIGN_GEOMETRIC_PRESENTATION_REPRESENTATION (  '', ( #10234 ), #12220 ) ;
#11537 = ADVANCED_FACE ( 'NONE', ( #11203 ), #2096, .F. ) ;
#11538 = CARTESIAN_POINT ( 'NONE',  ( 0.0000000000000000000, 0.0000000000000000000, -1.416874574924349872 ) ) ;
#11539 = CARTESIAN_POINT ( 'NONE',  ( 0.0000000000000000000, -0.05000000000000000278, 1.649999999999999467 ) ) ;
#11540 = ORIENTED_EDGE ( 'NONE', *, *, #8525, .F. ) ;
#11541 = UNCERTAINTY_MEASURE_WITH_UNIT (LENGTH_MEASURE( 1.000000000000000082E-05 ), #3089, 'distance_accuracy_value', 'NONE');
#11542 = EDGE_LOOP ( 'NONE', ( #3574, #3447, #6355, #8796 ) ) ;
#11544 = EDGE_CURVE ( 'NONE', #9535, #7311, #4746, .T. ) ;
#11543 =( LENGTH_UNIT ( ) NAMED_UNIT ( * ) SI_UNIT ( .MILLI., .METRE. ) );
#11545 = VERTEX_POINT ( 'NONE', #1775 ) ;
#11546 = CIRCLE ( 'NONE', #1794, 0.05920802862897456276 ) ;
#11547 = CARTESIAN_POINT ( 'NONE',  ( 1.299898377913066394, 0.6744301966303768436, 1.298061096257832503 ) ) ;
#11548 = ORIENTED_EDGE ( 'NONE', *, *, #6344, .F. ) ;
#11549 = EDGE_CURVE ( 'NONE', #2593, #2519, #12595, .T. ) ;
#11550 = VECTOR ( 'NONE', #2769, 1000.000000000000000 ) ;
#11551 = AXIS2_PLACEMENT_3D ( 'NONE', #2035, #8935, #3003 ) ;
#11552 = SURFACE_SIDE_STYLE ('',( #6036 ) ) ;
#11553 = PRESENTATION_STYLE_ASSIGNMENT (( #8240 ) ) ;
#11554 = ORIENTED_EDGE ( 'NONE', *, *, #10922, .F. ) ;
#11555 = CIRCLE ( 'NONE', #2683, 0.02617424799283601944 ) ;
#11556 = DIRECTION ( 'NONE',  ( -0.1874275599918963087, -0.9642312064598242971, -0.1874275599918963087 ) ) ;
#11557 = DIRECTION ( 'NONE',  ( 0.0000000000000000000, 1.000000000000000000, 0.0000000000000000000 ) ) ;
#11558 = ORIENTED_EDGE ( 'NONE', *, *, #10557, .T. ) ;
#11559 = EDGE_LOOP ( 'NONE', ( #11093, #567, #3832, #11570 ) ) ;
#11560 = PRESENTATION_STYLE_ASSIGNMENT (( #2757 ) ) ;
#11561 = ORIENTED_EDGE ( 'NONE', *, *, #3460, .F. ) ;
#11562 =( NAMED_UNIT ( * ) SI_UNIT ( $, .STERADIAN. ) SOLID_ANGLE_UNIT ( ) );
#11563 =( LENGTH_UNIT ( ) NAMED_UNIT ( * ) SI_UNIT ( .MILLI., .METRE. ) );
#11564 =( NAMED_UNIT ( * ) SI_UNIT ( $, .STERADIAN. ) SOLID_ANGLE_UNIT ( ) );
#11565 = PLANE ( 'NONE',  #12470 ) ;
#11566 = SURFACE_STYLE_FILL_AREA ( #1174 ) ;
#11567 = AXIS2_PLACEMENT_3D ( 'NONE', #1710, #8631, #2703 ) ;
#11568 = AXIS2_PLACEMENT_3D ( 'NONE', #8157, #12303, #5614 ) ;
#11569 = EDGE_CURVE ( 'NONE', #9557, #12189, #12294, .T. ) ;
#11570 = ORIENTED_EDGE ( 'NONE', *, *, #5810, .T. ) ;
#11571 = FACE_OUTER_BOUND ( 'NONE', #2753, .T. ) ;
#11572 = VECTOR ( 'NONE', #6735, 1000.000000000000000 ) ;
#11574 = EDGE_LOOP ( 'NONE', ( #6938, #6941, #12648, #6009 ) ) ;
#11573 = CARTESIAN_POINT ( 'NONE',  ( -1.540045451220498407, 0.0000000000000000000, 0.07500000000000017764 ) ) ;
#11575 = EDGE_CURVE ( 'NONE', #3828, #2593, #7341, .T. ) ;
#11576 = STYLED_ITEM ( 'NONE', ( #1806 ), #7983 ) ;
#11577 = DIRECTION ( 'NONE',  ( 0.0000000000000000000, 0.0000000000000000000, -1.000000000000000000 ) ) ;
#11578 = DIRECTION ( 'NONE',  ( -1.000000000000000000, 0.0000000000000000000, -0.0000000000000000000 ) ) ;
#11579 = SURFACE_STYLE_FILL_AREA ( #9193 ) ;
#11580 = FILL_AREA_STYLE_COLOUR ( '', #9859 ) ;
#11581 = VECTOR ( 'NONE', #3147, 1000.000000000000000 ) ;
#11582 = DIRECTION ( 'NONE',  ( 1.000000000000000000, -0.0000000000000000000, 0.0000000000000000000 ) ) ;
#11583 =( LENGTH_UNIT ( ) NAMED_UNIT ( * ) SI_UNIT ( .MILLI., .METRE. ) );
#11584 = ORIENTED_EDGE ( 'NONE', *, *, #4294, .T. ) ;
#11585 = ORIENTED_EDGE ( 'NONE', *, *, #599, .T. ) ;
#11586 = LINE ( 'NONE', #9651, #11281 ) ;
#11587 = ORIENTED_EDGE ( 'NONE', *, *, #2219, .F. ) ;
#11588 = CARTESIAN_POINT ( 'NONE',  ( -1.042656287931754022, 0.0000000000000000000, -0.3999999999999976907 ) ) ;
#11589 = EDGE_CURVE ( 'NONE', #6622, #8048, #9659, .T. ) ;
#11590 =( NAMED_UNIT ( * ) PLANE_ANGLE_UNIT ( ) SI_UNIT ( $, .RADIAN. ) );
#11591 = DIRECTION ( 'NONE',  ( 0.0000000000000000000, 0.0000000000000000000, 1.000000000000000000 ) ) ;
#11592 = PRESENTATION_STYLE_ASSIGNMENT (( #5896 ) ) ;
#11593 = FILL_AREA_STYLE_COLOUR ( '', #3176 ) ;
#11594 = DIRECTION ( 'NONE',  ( 0.0000000000000000000, 0.0000000000000000000, 1.000000000000000000 ) ) ;
#11595 = AXIS2_PLACEMENT_3D ( 'NONE', #6651, #698, #7646 ) ;
#11596 = CARTESIAN_POINT ( 'NONE',  ( -1.134999999999999787, -0.05000000000000000278, 0.2369407634194544698 ) ) ;
#11597 = LINE ( 'NONE', #278, #8973 ) ;
#11598 = DIRECTION ( 'NONE',  ( 0.0000000000000000000, 0.0000000000000000000, -1.000000000000000000 ) ) ;
#11599 = VECTOR ( 'NONE', #5819, 1000.000000000000000 ) ;
#11600 = CARTESIAN_POINT ( 'NONE',  ( -1.134999999999999787, 0.1000000000000000056, -1.277681107331943622 ) ) ;
#11601 = CYLINDRICAL_SURFACE ( 'NONE', #554, 0.1441859702731563275 ) ;
#11602 =( NAMED_UNIT ( * ) PLANE_ANGLE_UNIT ( ) SI_UNIT ( $, .RADIAN. ) );
#11603 = STYLED_ITEM ( 'NONE', ( #188 ), #11661 ) ;
#11604 = UNCERTAINTY_MEASURE_WITH_UNIT (LENGTH_MEASURE( 1.000000000000000082E-05 ), #1889, 'distance_accuracy_value', 'NONE');
#11605 = MECHANICAL_DESIGN_GEOMETRIC_PRESENTATION_REPRESENTATION (  '', ( #9627 ), #12285 ) ;
#11606 = CARTESIAN_POINT ( 'NONE',  ( 0.4810022717477533405, 0.1000000000000000056, -1.199999999999999289 ) ) ;
#11607 = LINE ( 'NONE', #7967, #8684 ) ;
#11608 = SURFACE_SIDE_STYLE ('',( #1331 ) ) ;
#11609 = ORIENTED_EDGE ( 'NONE', *, *, #4988, .T. ) ;
#11610 = DIRECTION ( 'NONE',  ( 0.0000000000000000000, 1.000000000000000000, -0.0000000000000000000 ) ) ;
#11611 = ADVANCED_FACE ( 'NONE', ( #11975 ), #4837, .T. ) ;
#11612 = PRESENTATION_STYLE_ASSIGNMENT (( #10380 ) ) ;
#11613 = LINE ( 'NONE', #6121, #6371 ) ;
#11614 = LINE ( 'NONE', #5622, #3739 ) ;
#11615 = CARTESIAN_POINT ( 'NONE',  ( -0.5439116535429402433, 0.1000000000000000056, 1.276162611327208651 ) ) ;
#11616 =( NAMED_UNIT ( * ) SI_UNIT ( $, .STERADIAN. ) SOLID_ANGLE_UNIT ( ) );
#11617 = LINE ( 'NONE', #4666, #8698 ) ;
#11618 = VERTEX_POINT ( 'NONE', #2806 ) ;
#11619 = UNCERTAINTY_MEASURE_WITH_UNIT (LENGTH_MEASURE( 1.000000000000000082E-05 ), #4465, 'distance_accuracy_value', 'NONE');
#11620 = CARTESIAN_POINT ( 'NONE',  ( -1.540045451220497963, -0.05000000000000000278, 0.1083811245156857256 ) ) ;
#11621 = CARTESIAN_POINT ( 'NONE',  ( 0.0000000000000000000, -0.05000000000000000278, -1.277681107331943622 ) ) ;
#11622 = AXIS2_PLACEMENT_3D ( 'NONE', #9986, #6085, #10043 ) ;
#11623 = DIRECTION ( 'NONE',  ( 0.0000000000000000000, 0.0000000000000000000, 1.000000000000000000 ) ) ;
#11624 = DIRECTION ( 'NONE',  ( 0.0000000000000000000, 1.000000000000000000, -0.0000000000000000000 ) ) ;
#11625 = EDGE_CURVE ( 'NONE', #9706, #5302, #5803, .T. ) ;
#11626 = LINE ( 'NONE', #3839, #9002 ) ;
#11627 = EDGE_CURVE ( 'NONE', #3866, #11135, #3149, .T. ) ;
#11628 = SURFACE_STYLE_FILL_AREA ( #5129 ) ;
#11629 = ORIENTED_EDGE ( 'NONE', *, *, #10666, .F. ) ;
#11630 = MECHANICAL_DESIGN_GEOMETRIC_PRESENTATION_REPRESENTATION (  '', ( #9646 ), #12305 ) ;
#11631 =( NAMED_UNIT ( * ) PLANE_ANGLE_UNIT ( ) SI_UNIT ( $, .RADIAN. ) );
#11632 = CARTESIAN_POINT ( 'NONE',  ( -1.044003024146626046, 0.1000000000000000056, -0.3087081087201543061 ) ) ;
#11633 = ORIENTED_EDGE ( 'NONE', *, *, #7829, .T. ) ;
#11634 =( NAMED_UNIT ( * ) SI_UNIT ( $, .STERADIAN. ) SOLID_ANGLE_UNIT ( ) );
#11635 = CARTESIAN_POINT ( 'NONE',  ( 1.134999999999999787, 0.1000000000000000056, 0.0000000000000000000 ) ) ;
#11636 =( NAMED_UNIT ( * ) PLANE_ANGLE_UNIT ( ) SI_UNIT ( $, .RADIAN. ) );
#11637 = CARTESIAN_POINT ( 'NONE',  ( -1.197916575926319283, 0.1000000000000000056, -0.2000076143446563315 ) ) ;
#11638 = VECTOR ( 'NONE', #7489, 1000.000000000000000 ) ;
#11639 = CARTESIAN_POINT ( 'NONE',  ( 1.540045451220498407, 0.0000000000000000000, -0.07500000000000017764 ) ) ;
#11640 = FACE_OUTER_BOUND ( 'NONE', #1911, .T. ) ;
#11641 =( LENGTH_UNIT ( ) NAMED_UNIT ( * ) SI_UNIT ( .MILLI., .METRE. ) );
#11642 = MECHANICAL_DESIGN_GEOMETRIC_PRESENTATION_REPRESENTATION (  '', ( #10381 ), #12317 ) ;
#11643 = PRESENTATION_LAYER_ASSIGNMENT (  '', '', ( #10328 ) ) ;
#11644 = DIRECTION ( 'NONE',  ( 0.0000000000000000000, 0.0000000000000000000, 1.000000000000000000 ) ) ;
#11645 = VERTEX_POINT ( 'NONE', #1916 ) ;
#11646 = EDGE_CURVE ( 'NONE', #368, #8341, #5503, .T. ) ;
#11647 = CARTESIAN_POINT ( 'NONE',  ( 1.507075080061872185, 0.1000000000000000056, -0.1031605786060936225 ) ) ;
#11648 =( NAMED_UNIT ( * ) PLANE_ANGLE_UNIT ( ) SI_UNIT ( $, .RADIAN. ) );
#11649 = ORIENTED_EDGE ( 'NONE', *, *, #2084, .T. ) ;
#11650 = FILL_AREA_STYLE ('',( #8854 ) ) ;
#11651 =( NAMED_UNIT ( * ) PLANE_ANGLE_UNIT ( ) SI_UNIT ( $, .RADIAN. ) );
#11652 = FACE_OUTER_BOUND ( 'NONE', #10086, .T. ) ;
#11653 = CIRCLE ( 'NONE', #3779, 0.05593526370766899181 ) ;
#11654 = CARTESIAN_POINT ( 'NONE',  ( 0.0000000000000000000, 0.1000000000000000056, -0.1031605786060936225 ) ) ;
#11655 = PRESENTATION_LAYER_ASSIGNMENT (  '', '', ( #10351 ) ) ;
#11656 = CARTESIAN_POINT ( 'NONE',  ( -1.507075080061872185, 0.1000000000000000056, -0.1031605786060936225 ) ) ;
#11657 = ORIENTED_EDGE ( 'NONE', *, *, #1747, .F. ) ;
#11658 = DIRECTION ( 'NONE',  ( 0.0000000000000000000, 1.000000000000000000, 0.0000000000000000000 ) ) ;
#11659 = EDGE_CURVE ( 'NONE', #7949, #1356, #8120, .T. ) ;
#11660 = DIRECTION ( 'NONE',  ( 0.0000000000000000000, 0.0000000000000000000, 1.000000000000000000 ) ) ;
#11661 = ADVANCED_FACE ( 'NONE', ( #7803 ), #10825, .T. ) ;
#11662 =( LENGTH_UNIT ( ) NAMED_UNIT ( * ) SI_UNIT ( .MILLI., .METRE. ) );
#11663 = SURFACE_STYLE_FILL_AREA ( #3546 ) ;
#11664 = DIRECTION ( 'NONE',  ( 0.0000000000000000000, 0.0000000000000000000, 1.000000000000000000 ) ) ;
#11665 = FILL_AREA_STYLE_COLOUR ( '', #7700 ) ;
#11666 = SURFACE_STYLE_USAGE ( .BOTH. , #4794 ) ;
#11667 = VERTEX_POINT ( 'NONE', #7832 ) ;
#11668 = PRESENTATION_STYLE_ASSIGNMENT (( #2520 ) ) ;
#11669 = CARTESIAN_POINT ( 'NONE',  ( 1.257124604555293734, 0.0000000000000000000, -0.1623686072350682963 ) ) ;
#11670 =( LENGTH_UNIT ( ) NAMED_UNIT ( * ) SI_UNIT ( .MILLI., .METRE. ) );
#11671 = FILL_AREA_STYLE_COLOUR ( '', #3976 ) ;
#11672 = CARTESIAN_POINT ( 'NONE',  ( 1.455814029726843373, 0.0000000000000000000, -1.500000000000000000 ) ) ;
#11673 = STYLED_ITEM ( 'NONE', ( #200 ), #11047 ) ;
#11674 = EDGE_CURVE ( 'NONE', #4569, #4969, #9507, .T. ) ;
#11675 = MECHANICAL_DESIGN_GEOMETRIC_PRESENTATION_REPRESENTATION (  '', ( #10373 ), #12363 ) ;
#11676 = PRESENTATION_LAYER_ASSIGNMENT (  '', '', ( #10381 ) ) ;
#11677 = ORIENTED_EDGE ( 'NONE', *, *, #8875, .F. ) ;
#11678 =( NAMED_UNIT ( * ) PLANE_ANGLE_UNIT ( ) SI_UNIT ( $, .RADIAN. ) );
#11679 = SURFACE_STYLE_FILL_AREA ( #989 ) ;
#11680 = DIRECTION ( 'NONE',  ( 0.0000000000000000000, 1.000000000000000000, -0.0000000000000000000 ) ) ;
#11681 = DIRECTION ( 'NONE',  ( 1.000000000000000000, -0.0000000000000000000, 0.0000000000000000000 ) ) ;
#11682 = FACE_OUTER_BOUND ( 'NONE', #7427, .T. ) ;
#11683 = CARTESIAN_POINT ( 'NONE',  ( -1.650000000000000355, 0.1000000000000000056, -0.07500000000000017764 ) ) ;
#11684 = UNCERTAINTY_MEASURE_WITH_UNIT (LENGTH_MEASURE( 1.000000000000000082E-05 ), #5906, 'distance_accuracy_value', 'NONE');
#11685 =( NAMED_UNIT ( * ) PLANE_ANGLE_UNIT ( ) SI_UNIT ( $, .RADIAN. ) );
#11686 = SURFACE_STYLE_FILL_AREA ( #8221 ) ;
#11688 = ORIENTED_EDGE ( 'NONE', *, *, #8780, .T. ) ;
#11687 = MECHANICAL_DESIGN_GEOMETRIC_PRESENTATION_REPRESENTATION (  '', ( #9714 ), #12379 ) ;
#11689 = SURFACE_STYLE_USAGE ( .BOTH. , #3803 ) ;
#11690 = AXIS2_PLACEMENT_3D ( 'NONE', #4316, #11195, #5319 ) ;
#11691 = EDGE_CURVE ( 'NONE', #8678, #394, #12130, .T. ) ;
#11692 = ORIENTED_EDGE ( 'NONE', *, *, #1651, .T. ) ;
#11693 = FILL_AREA_STYLE ('',( #2794 ) ) ;
#11694 = CARTESIAN_POINT ( 'NONE',  ( 1.134999999999998010, 0.1000000000000000056, -0.3161628721251190655 ) ) ;
#11695 = SURFACE_STYLE_FILL_AREA ( #10909 ) ;
#11696 = CARTESIAN_POINT ( 'NONE',  ( -1.134999999999999787, -0.05000000000000000278, -1.199999999999999289 ) ) ;
#11697 = VERTEX_POINT ( 'NONE', #7937 ) ;
#11698 = CARTESIAN_POINT ( 'NONE',  ( -0.8189977282522473701, 0.1000000000000000056, -1.199999999999999289 ) ) ;
#11699 = PRESENTATION_STYLE_ASSIGNMENT (( #8406 ) ) ;
#11700 = PLANE ( 'NONE',  #7260 ) ;
#11701 = UNCERTAINTY_MEASURE_WITH_UNIT (LENGTH_MEASURE( 1.000000000000000082E-05 ), #7964, 'distance_accuracy_value', 'NONE');
#11702 = ORIENTED_EDGE ( 'NONE', *, *, #12704, .T. ) ;
#11703 = SURFACE_STYLE_FILL_AREA ( #1871 ) ;
#11704 = ORIENTED_EDGE ( 'NONE', *, *, #3800, .T. ) ;
#11705 = ORIENTED_EDGE ( 'NONE', *, *, #11385, .F. ) ;
#11706 = SURFACE_STYLE_FILL_AREA ( #5191 ) ;
#11707 = ORIENTED_EDGE ( 'NONE', *, *, #2147, .F. ) ;
#11708 =( LENGTH_UNIT ( ) NAMED_UNIT ( * ) SI_UNIT ( .MILLI., .METRE. ) );
#11709 = ORIENTED_EDGE ( 'NONE', *, *, #7304, .F. ) ;
#11710 = STYLED_ITEM ( 'NONE', ( #10423 ), #512 ) ;
#11711 = VERTEX_POINT ( 'NONE', #8911 ) ;
#11712 = CYLINDRICAL_SURFACE ( 'NONE', #9824, 0.1000000000000000472 ) ;
#11713 = FACE_OUTER_BOUND ( 'NONE', #3614, .T. ) ;
#11714 = FILL_AREA_STYLE ('',( #9733 ) ) ;
#11715 = VECTOR ( 'NONE', #10044, 1000.000000000000000 ) ;
#11716 = ORIENTED_EDGE ( 'NONE', *, *, #12727, .T. ) ;
#11717 = CARTESIAN_POINT ( 'NONE',  ( 0.0000000000000000000, -0.05000000000000000278, 0.2000076143446563315 ) ) ;
#11718 = VECTOR ( 'NONE', #3632, 1000.000000000000000 ) ;
#11719 = CARTESIAN_POINT ( 'NONE',  ( -1.197916575926319283, 0.0000000000000000000, 0.0000000000000000000 ) ) ;
#11720 = STYLED_ITEM ( 'NONE', ( #6550 ), #2295 ) ;
#11721 = ORIENTED_EDGE ( 'NONE', *, *, #5376, .T. ) ;
#11722 =( LENGTH_UNIT ( ) NAMED_UNIT ( * ) SI_UNIT ( .MILLI., .METRE. ) );
#11723 = EDGE_CURVE ( 'NONE', #4813, #1038, #6883, .T. ) ;
#11724 = PRESENTATION_STYLE_ASSIGNMENT (( #8502 ) ) ;
#11725 = LINE ( 'NONE', #10459, #6477 ) ;
#11726 = VERTEX_POINT ( 'NONE', #2012 ) ;
#11727 = PRESENTATION_LAYER_ASSIGNMENT (  '', '', ( #11061 ) ) ;
#11728 =( NAMED_UNIT ( * ) SI_UNIT ( $, .STERADIAN. ) SOLID_ANGLE_UNIT ( ) );
#11729 = CARTESIAN_POINT ( 'NONE',  ( -0.1549999999999993883, 0.0000000000000000000, -0.0000000000000000000 ) ) ;
#11730 = DIRECTION ( 'NONE',  ( 0.0000000000000000000, 1.000000000000000000, -0.0000000000000000000 ) ) ;
#11731 = ADVANCED_FACE ( 'NONE', ( #11815 ), #348, .T. ) ;
#11732 = ORIENTED_EDGE ( 'NONE', *, *, #11100, .F. ) ;
#11733 = VECTOR ( 'NONE', #289, 999.9999999999998863 ) ;
#11734 = SURFACE_STYLE_USAGE ( .BOTH. , #11775 ) ;
#11735 = ORIENTED_EDGE ( 'NONE', *, *, #120, .T. ) ;
#11736 = LINE ( 'NONE', #6173, #9110 ) ;
#11737 = PLANE ( 'NONE',  #12252 ) ;
#11738 = ORIENTED_EDGE ( 'NONE', *, *, #12123, .T. ) ;
#11739 = CARTESIAN_POINT ( 'NONE',  ( -0.1689977282522470148, 0.1000000000000000056, -1.500000000000000000 ) ) ;
#11740 = AXIS2_PLACEMENT_3D ( 'NONE', #9069, #3080, #8259 ) ;
#11741 = FILL_AREA_STYLE_COLOUR ( '', #7132 ) ;
#11742 = FILL_AREA_STYLE ('',( #2811 ) ) ;
#11743 = MECHANICAL_DESIGN_GEOMETRIC_PRESENTATION_REPRESENTATION (  '', ( #7774 ), #12414 ) ;
#11744 = EDGE_CURVE ( 'NONE', #10470, #6066, #5645, .T. ) ;
#11745 = LINE ( 'NONE', #8912, #6493 ) ;
#11746 = FILL_AREA_STYLE ('',( #11446 ) ) ;
#11747 = SURFACE_STYLE_FILL_AREA ( #3207 ) ;
#11748 = AXIS2_PLACEMENT_3D ( 'NONE', #1414, #8327, #2399 ) ;
#11749 = DIRECTION ( 'NONE',  ( 1.000000000000000000, -0.0000000000000000000, 0.0000000000000000000 ) ) ;
#11750 = ORIENTED_EDGE ( 'NONE', *, *, #9093, .F. ) ;
#11751 = CARTESIAN_POINT ( 'NONE',  ( -1.197916575926319283, 0.1000000000000000056, -0.1623686072350682963 ) ) ;
#11752 = VERTEX_POINT ( 'NONE', #11892 ) ;
#11753 = ORIENTED_EDGE ( 'NONE', *, *, #9821, .F. ) ;
#11754 = CARTESIAN_POINT ( 'NONE',  ( 0.0000000000000000000, 0.1000000000000000056, -1.500000000000000000 ) ) ;
#11755 =( NAMED_UNIT ( * ) SI_UNIT ( $, .STERADIAN. ) SOLID_ANGLE_UNIT ( ) );
#11756 =( NAMED_UNIT ( * ) PLANE_ANGLE_UNIT ( ) SI_UNIT ( $, .RADIAN. ) );
#11757 = COLOUR_RGB ( '',0.2509803921568627416, 0.2509803921568627416, 0.2509803921568627416 ) ;
#11758 =( NAMED_UNIT ( * ) PLANE_ANGLE_UNIT ( ) SI_UNIT ( $, .RADIAN. ) );
#11759 = PRESENTATION_STYLE_ASSIGNMENT (( #10062 ) ) ;
#11760 = PRESENTATION_LAYER_ASSIGNMENT (  '', '', ( #11097 ) ) ;
#11761 = ORIENTED_EDGE ( 'NONE', *, *, #11209, .F. ) ;
#11762 = EDGE_CURVE ( 'NONE', #2467, #11820, #8263, .T. ) ;
#11763 = LINE ( 'NONE', #9212, #9133 ) ;
#11764 = COLOUR_RGB ( '',1.000000000000000000, 1.000000000000000000, 1.000000000000000000 ) ;
#11765 = EDGE_CURVE ( 'NONE', #1192, #5149, #2994, .T. ) ;
#11766 = CARTESIAN_POINT ( 'NONE',  ( 0.0000000000000000000, -0.05000000000000000278, -1.277681107331943622 ) ) ;
#11767 = SURFACE_SIDE_STYLE ('',( #4903 ) ) ;
#11768 = CARTESIAN_POINT ( 'NONE',  ( -0.8189977282522473701, -0.05000000000000000278, -1.649999999999998579 ) ) ;
#11769 = FACE_OUTER_BOUND ( 'NONE', #12782, .T. ) ;
#11770 = UNCERTAINTY_MEASURE_WITH_UNIT (LENGTH_MEASURE( 1.000000000000000082E-05 ), #7323, 'distance_accuracy_value', 'NONE');
#11771 = DIRECTION ( 'NONE',  ( 0.0000000000000000000, 1.000000000000000000, -0.0000000000000000000 ) ) ;
#11772 = LINE ( 'NONE', #8732, #10068 ) ;
#11773 = ORIENTED_EDGE ( 'NONE', *, *, #3865, .T. ) ;
#11774 = CARTESIAN_POINT ( 'NONE',  ( 0.5509352637076680992, 0.1000000000000000056, 1.375493264616636457 ) ) ;
#11775 = SURFACE_SIDE_STYLE ('',( #10268 ) ) ;
#11776 = PRESENTATION_LAYER_ASSIGNMENT (  '', '', ( #9788 ) ) ;
#11777 = VECTOR ( 'NONE', #315, 1000.000000000000000 ) ;
#11778 = PRESENTATION_LAYER_ASSIGNMENT (  '', '', ( #12449 ) ) ;
#11779 =( NAMED_UNIT ( * ) PLANE_ANGLE_UNIT ( ) SI_UNIT ( $, .RADIAN. ) );
#11780 = SURFACE_STYLE_USAGE ( .BOTH. , #4893 ) ;
#11781 = DIRECTION ( 'NONE',  ( -1.000000000000000000, 0.0000000000000000000, 0.0000000000000000000 ) ) ;
#11782 = PLANE ( 'NONE',  #7851 ) ;
#11783 = SURFACE_STYLE_FILL_AREA ( #9318 ) ;
#11784 = ORIENTED_EDGE ( 'NONE', *, *, #3515, .T. ) ;
#11785 = EDGE_LOOP ( 'NONE', ( #7064, #10843, #12501, #5562 ) ) ;
#11786 = PLANE ( 'NONE',  #8590 ) ;
#11787 = UNCERTAINTY_MEASURE_WITH_UNIT (LENGTH_MEASURE( 1.000000000000000082E-05 ), #11199, 'distance_accuracy_value', 'NONE');
#11788 = ORIENTED_EDGE ( 'NONE', *, *, #3175, .F. ) ;
#11789 = ADVANCED_FACE ( 'NONE', ( #38 ), #7020, .T. ) ;
#11790 = ORIENTED_EDGE ( 'NONE', *, *, #2250, .T. ) ;
#11791 = VECTOR ( 'NONE', #5894, 1000.000000000000000 ) ;
#11792 = FILL_AREA_STYLE_COLOUR ( '', #3445 ) ;
#11793 = ORIENTED_EDGE ( 'NONE', *, *, #8348, .F. ) ;
#11794 = DIRECTION ( 'NONE',  ( -0.0000000000000000000, 0.0000000000000000000, 1.000000000000000000 ) ) ;
#11795 = VECTOR ( 'NONE', #4132, 1000.000000000000000 ) ;
#11796 = SURFACE_SIDE_STYLE ('',( #6352 ) ) ;
#11797 = ORIENTED_EDGE ( 'NONE', *, *, #5844, .T. ) ;
#11798 = DIRECTION ( 'NONE',  ( 0.0000000000000000000, 0.0000000000000000000, 1.000000000000000000 ) ) ;
#11799 =( NAMED_UNIT ( * ) PLANE_ANGLE_UNIT ( ) SI_UNIT ( $, .RADIAN. ) );
#11800 = EDGE_CURVE ( 'NONE', #10339, #9195, #1759, .T. ) ;
#11801 = EDGE_CURVE ( 'NONE', #5231, #2603, #11960, .T. ) ;
#11802 = ORIENTED_EDGE ( 'NONE', *, *, #4133, .T. ) ;
#11803 = STYLED_ITEM ( 'NONE', ( #6659 ), #6775 ) ;
#11804 = CARTESIAN_POINT ( 'NONE',  ( -1.499999999999999778, 0.7190808995376545276, 1.289381878823499417 ) ) ;
#11805 = CARTESIAN_POINT ( 'NONE',  ( 0.5087622389318458005, 0.1000000000000000056, -1.277681107331943622 ) ) ;
#11806 = DIRECTION ( 'NONE',  ( 1.000000000000000000, 0.0000000000000000000, 0.0000000000000000000 ) ) ;
#11807 = LINE ( 'NONE', #7567, #3929 ) ;
#11808 = EDGE_LOOP ( 'NONE', ( #5037, #2976, #5170, #2213 ) ) ;
#11809 = PRESENTATION_STYLE_ASSIGNMENT (( #6086 ) ) ;
#11810 = DIRECTION ( 'NONE',  ( 1.000000000000000000, 0.0000000000000000000, -0.0000000000000000000 ) ) ;
#11811 =( NAMED_UNIT ( * ) SI_UNIT ( $, .STERADIAN. ) SOLID_ANGLE_UNIT ( ) );
#11812 = VERTEX_POINT ( 'NONE', #5138 ) ;
#11813 =( NAMED_UNIT ( * ) PLANE_ANGLE_UNIT ( ) SI_UNIT ( $, .RADIAN. ) );
#11814 = STYLED_ITEM ( 'NONE', ( #7717 ), #897 ) ;
#11815 = FACE_OUTER_BOUND ( 'NONE', #996, .T. ) ;
#11816 = AXIS2_PLACEMENT_3D ( 'NONE', #9401, #3486, #10406 ) ;
#11817 = AXIS2_PLACEMENT_3D ( 'NONE', #11, #7002, #12642 ) ;
#11818 = CARTESIAN_POINT ( 'NONE',  ( 0.8149999999999995026, -0.05000000000000000278, 1.649999999999999467 ) ) ;
#11819 = EDGE_CURVE ( 'NONE', #368, #12568, #9339, .T. ) ;
#11820 = VERTEX_POINT ( 'NONE', #10024 ) ;
#11821 = FILL_AREA_STYLE ('',( #9823 ) ) ;
#11822 = COLOUR_RGB ( '',1.000000000000000000, 1.000000000000000000, 1.000000000000000000 ) ;
#11823 =( GEOMETRIC_REPRESENTATION_CONTEXT ( 3 ) GLOBAL_UNCERTAINTY_ASSIGNED_CONTEXT ( ( #6884 ) ) GLOBAL_UNIT_ASSIGNED_CONTEXT ( ( #11563, #5663, #12569 ) ) REPRESENTATION_CONTEXT ( 'NONE', 'WORKASPACE' ) );
#11824 = FILL_AREA_STYLE ('',( #3925 ) ) ;
#11825 = EDGE_CURVE ( 'NONE', #5208, #10420, #1466, .T. ) ;
#11826 = FACE_OUTER_BOUND ( 'NONE', #12712, .T. ) ;
#11827 = SURFACE_STYLE_USAGE ( .BOTH. , #4942 ) ;
#11828 = CARTESIAN_POINT ( 'NONE',  ( -1.134999999999999787, 0.1000000000000000056, -1.199999999999999289 ) ) ;
#11829 = DIRECTION ( 'NONE',  ( -1.000000000000000000, 0.0000000000000000000, 0.0000000000000000000 ) ) ;
#11830 = LINE ( 'NONE', #9985, #4279 ) ;
#11831 = ORIENTED_EDGE ( 'NONE', *, *, #12833, .T. ) ;
#11832 = LINE ( 'NONE', #4674, #11515 ) ;
#11833 = DIRECTION ( 'NONE',  ( -1.000000000000000000, 0.0000000000000000000, 0.0000000000000000000 ) ) ;
#11834 = DIRECTION ( 'NONE',  ( 0.0000000000000000000, 0.0000000000000000000, 1.000000000000000000 ) ) ;
#11835 = EDGE_CURVE ( 'NONE', #3681, #1202, #6706, .T. ) ;
#11836 = DIRECTION ( 'NONE',  ( -1.000000000000000000, 0.0000000000000000000, 0.0000000000000000000 ) ) ;
#11837 = VERTEX_POINT ( 'NONE', #184 ) ;
#11838 = CARTESIAN_POINT ( 'NONE',  ( -1.599999999999999645, 0.1000000000000000056, 0.07500000000000017764 ) ) ;
#11839 =( NAMED_UNIT ( * ) SI_UNIT ( $, .STERADIAN. ) SOLID_ANGLE_UNIT ( ) );
#11840 = MECHANICAL_DESIGN_GEOMETRIC_PRESENTATION_REPRESENTATION (  '', ( #10530 ), #12516 ) ;
#11841 = LINE ( 'NONE', #12021, #1649 ) ;
#11842 = DIRECTION ( 'NONE',  ( 0.0000000000000000000, -1.000000000000000000, 0.0000000000000000000 ) ) ;
#11843 = PRESENTATION_STYLE_ASSIGNMENT (( #10815 ) ) ;
#11844 = LINE ( 'NONE', #3249, #3972 ) ;
#11845 =( LENGTH_UNIT ( ) NAMED_UNIT ( * ) SI_UNIT ( .MILLI., .METRE. ) );
#11846 = ORIENTED_EDGE ( 'NONE', *, *, #1590, .T. ) ;
#11847 = DIRECTION ( 'NONE',  ( 0.0000000000000000000, 0.0000000000000000000, 1.000000000000000000 ) ) ;
#11848 = VERTEX_POINT ( 'NONE', #7150 ) ;
#11849 = AXIS2_PLACEMENT_3D ( 'NONE', #8493, #2563, #9483 ) ;
#11850 = SURFACE_STYLE_FILL_AREA ( #3827 ) ;
#11851 = EDGE_CURVE ( 'NONE', #502, #870, #3775, .T. ) ;
#11852 =( NAMED_UNIT ( * ) SI_UNIT ( $, .STERADIAN. ) SOLID_ANGLE_UNIT ( ) );
#11853 = AXIS2_PLACEMENT_3D ( 'NONE', #288, #7230, #1291 ) ;
#11854 = VECTOR ( 'NONE', #11382, 1000.000000000000000 ) ;
#11855 = SURFACE_SIDE_STYLE ('',( #7391 ) ) ;
#11856 = MANIFOLD_SOLID_BREP ( 'Boss-Extrude3[4]', #12020 ) ;
#11857 = ORIENTED_EDGE ( 'NONE', *, *, #8030, .F. ) ;
#11858 = COLOUR_RGB ( '',1.000000000000000000, 1.000000000000000000, 1.000000000000000000 ) ;
#11859 = ORIENTED_EDGE ( 'NONE', *, *, #11627, .T. ) ;
#11860 = ORIENTED_EDGE ( 'NONE', *, *, #3226, .F. ) ;
#11861 = CARTESIAN_POINT ( 'NONE',  ( 0.0000000000000000000, -0.05000000000000000278, -0.07500000000000017764 ) ) ;
#11862 = VERTEX_POINT ( 'NONE', #3189 ) ;
#11863 = LINE ( 'NONE', #12616, #6607 ) ;
#11864 = CARTESIAN_POINT ( 'NONE',  ( 0.0000000000000000000, 0.1000000000000000056, 0.1031605786060936225 ) ) ;
#11865 = SURFACE_STYLE_FILL_AREA ( #12684 ) ;
#11866 = DIRECTION ( 'NONE',  ( -1.000000000000000000, 0.0000000000000000000, 0.0000000000000000000 ) ) ;
#11867 = COLOUR_RGB ( '',1.000000000000000000, 1.000000000000000000, 1.000000000000000000 ) ;
#11868 = SURFACE_STYLE_FILL_AREA ( #7249 ) ;
#11869 = ORIENTED_EDGE ( 'NONE', *, *, #12298, .F. ) ;
#11870 = EDGE_LOOP ( 'NONE', ( #11738, #664, #12678, #9098 ) ) ;
#11871 = AXIS2_PLACEMENT_3D ( 'NONE', #8888, #2958, #9875 ) ;
#11872 = FILL_AREA_STYLE_COLOUR ( '', #5563 ) ;
#11873 = UNCERTAINTY_MEASURE_WITH_UNIT (LENGTH_MEASURE( 1.000000000000000082E-05 ), #3110, 'distance_accuracy_value', 'NONE');
#11874 = EDGE_LOOP ( 'NONE', ( #10361, #6634, #7623, #4004 ) ) ;
#11875 = AXIS2_PLACEMENT_3D ( 'NONE', #4781, #3765, #3806 ) ;
#11876 = EDGE_CURVE ( 'NONE', #11862, #8329, #2826, .T. ) ;
#11877 = VERTEX_POINT ( 'NONE', #8135 ) ;
#11878 = VERTEX_POINT ( 'NONE', #2258 ) ;
#11879 = EDGE_CURVE ( 'NONE', #1280, #9524, #7794, .T. ) ;
#11880 = VERTEX_POINT ( 'NONE', #12144 ) ;
#11881 = SURFACE_STYLE_USAGE ( .BOTH. , #5000 ) ;
#11882 = VERTEX_POINT ( 'NONE', #6241 ) ;
#11883 = CARTESIAN_POINT ( 'NONE',  ( 0.0000000000000000000, 0.0000000000000000000, -1.199999999999999289 ) ) ;
#11884 = STYLED_ITEM ( 'NONE', ( #3428 ), #6372 ) ;
#11885 = FILL_AREA_STYLE ('',( #9839 ) ) ;
#11886 = DIRECTION ( 'NONE',  ( 1.000000000000000000, -0.0000000000000000000, 0.0000000000000000000 ) ) ;
#11887 = ADVANCED_FACE ( 'NONE', ( #11652 ), #8222, .T. ) ;
#11888 = LINE ( 'NONE', #10271, #4011 ) ;
#11889 = VERTEX_POINT ( 'NONE', #12194 ) ;
#11890 = ORIENTED_EDGE ( 'NONE', *, *, #1944, .F. ) ;
#11891 = ORIENTED_EDGE ( 'NONE', *, *, #10427, .F. ) ;
#11892 = CARTESIAN_POINT ( 'NONE',  ( 1.499999999999999556, 0.1499999999999999944, -1.301837281655233713 ) ) ;
#11893 = PLANE ( 'NONE',  #9456 ) ;
#11894 = VECTOR ( 'NONE', #9152, 1000.000000000000000 ) ;
#11895 = PRESENTATION_STYLE_ASSIGNMENT (( #11827 ) ) ;
#11896 = ORIENTED_EDGE ( 'NONE', *, *, #10280, .F. ) ;
#11897 = MECHANICAL_DESIGN_GEOMETRIC_PRESENTATION_REPRESENTATION (  '', ( #10572 ), #12562 ) ;
#11898 = DIRECTION ( 'NONE',  ( 0.0000000000000000000, 1.000000000000000000, -0.0000000000000000000 ) ) ;
#11899 = CARTESIAN_POINT ( 'NONE',  ( 1.042656287931754022, -0.05000000000000000278, -0.3999999999999976907 ) ) ;
#11900 = LINE ( 'NONE', #146, #11581 ) ;
#11901 = AXIS2_PLACEMENT_3D ( 'NONE', #7931, #2001, #8901 ) ;
#11902 = ORIENTED_EDGE ( 'NONE', *, *, #9661, .F. ) ;
#11903 = LINE ( 'NONE', #11952, #1702 ) ;
#11904 = ORIENTED_EDGE ( 'NONE', *, *, #3269, .F. ) ;
#11905 = LINE ( 'NONE', #9011, #3708 ) ;
#11906 = VERTEX_POINT ( 'NONE', #8260 ) ;
#11907 =( NAMED_UNIT ( * ) SI_UNIT ( $, .STERADIAN. ) SOLID_ANGLE_UNIT ( ) );
#11908 =( NAMED_UNIT ( * ) PLANE_ANGLE_UNIT ( ) SI_UNIT ( $, .RADIAN. ) );
#11909 = PRESENTATION_STYLE_ASSIGNMENT (( #10499 ) ) ;
#11910 = SURFACE_STYLE_USAGE ( .BOTH. , #5029 ) ;
#11911 = LINE ( 'NONE', #4301, #1067 ) ;
#11912 = AXIS2_PLACEMENT_3D ( 'NONE', #10266, #2313, #10137 ) ;
#11914 = EDGE_LOOP ( 'NONE', ( #10653, #10206, #5582, #4861 ) ) ;
#11913 = FILL_AREA_STYLE_COLOUR ( '', #10211 ) ;
#11915 = VECTOR ( 'NONE', #6591, 1000.000000000000000 ) ;
#11916 = MECHANICAL_DESIGN_GEOMETRIC_PRESENTATION_REPRESENTATION (  '', ( #9926 ), #12577 ) ;
#11917 = FACE_OUTER_BOUND ( 'NONE', #5863, .T. ) ;
#11918 = ORIENTED_EDGE ( 'NONE', *, *, #946, .F. ) ;
#11919 = ADVANCED_FACE ( 'NONE', ( #4250 ), #656, .T. ) ;
#11920 =( GEOMETRIC_REPRESENTATION_CONTEXT ( 3 ) GLOBAL_UNCERTAINTY_ASSIGNED_CONTEXT ( ( #10928 ) ) GLOBAL_UNIT_ASSIGNED_CONTEXT ( ( #11670, #5776, #12675 ) ) REPRESENTATION_CONTEXT ( 'NONE', 'WORKASPACE' ) );
#11921 = SURFACE_SIDE_STYLE ('',( #5909 ) ) ;
#11922 = ORIENTED_EDGE ( 'NONE', *, *, #11825, .T. ) ;
#11923 = LINE ( 'NONE', #6361, #4053 ) ;
#11924 =( NAMED_UNIT ( * ) PLANE_ANGLE_UNIT ( ) SI_UNIT ( $, .RADIAN. ) );
#11925 = SURFACE_SIDE_STYLE ('',( #1078 ) ) ;
#11926 = CARTESIAN_POINT ( 'NONE',  ( -0.7660883464570584778, 0.1000000000000000056, 1.276162611327208651 ) ) ;
#11927 = VECTOR ( 'NONE', #3617, 1000.000000000000000 ) ;
#11928 = PRESENTATION_STYLE_ASSIGNMENT (( #2573 ) ) ;
#11929 = STYLED_ITEM ( 'NONE', ( #9041 ), #10952 ) ;
#11930 = EDGE_CURVE ( 'NONE', #8925, #12723, #3300, .T. ) ;
#11931 = UNCERTAINTY_MEASURE_WITH_UNIT (LENGTH_MEASURE( 1.000000000000000082E-05 ), #1262, 'distance_accuracy_value', 'NONE');
#11932 = DIRECTION ( 'NONE',  ( 0.0000000000000000000, 1.000000000000000000, 0.0000000000000000000 ) ) ;
#11933 = DIRECTION ( 'NONE',  ( -0.0000000000000000000, 0.0000000000000000000, -1.000000000000000000 ) ) ;
#11934 = PRESENTATION_STYLE_ASSIGNMENT (( #387 ) ) ;
#11935 = CARTESIAN_POINT ( 'NONE',  ( -1.134999999999999787, -0.05000000000000000278, 0.0000000000000000000 ) ) ;
#11936 = FILL_AREA_STYLE_COLOUR ( '', #9072 ) ;
#11937 = DIRECTION ( 'NONE',  ( 0.0000000000000000000, 0.0000000000000000000, 1.000000000000000000 ) ) ;
#11938 =( GEOMETRIC_REPRESENTATION_CONTEXT ( 3 ) GLOBAL_UNCERTAINTY_ASSIGNED_CONTEXT ( ( #5698 ) ) GLOBAL_UNIT_ASSIGNED_CONTEXT ( ( #1626, #8544, #2621 ) ) REPRESENTATION_CONTEXT ( 'NONE', 'WORKASPACE' ) );
#11939 = ORIENTED_EDGE ( 'NONE', *, *, #9572, .F. ) ;
#11940 = CARTESIAN_POINT ( 'NONE',  ( 1.459764889246169206, 0.1499999999999999667, -1.399999999999999689 ) ) ;
#11941 = VERTEX_POINT ( 'NONE', #3379 ) ;
#11942 = DIRECTION ( 'NONE',  ( 0.0000000000000000000, 0.0000000000000000000, -1.000000000000000000 ) ) ;
#11943 = ORIENTED_EDGE ( 'NONE', *, *, #1476, .F. ) ;
#11944 = UNCERTAINTY_MEASURE_WITH_UNIT (LENGTH_MEASURE( 1.000000000000000082E-05 ), #5045, 'distance_accuracy_value', 'NONE');
#11945 = FILL_AREA_STYLE ('',( #1168 ) ) ;
#11946 = DIRECTION ( 'NONE',  ( -1.000000000000000000, 0.0000000000000000000, 0.0000000000000000000 ) ) ;
#11947 = SURFACE_SIDE_STYLE ('',( #947 ) ) ;
#11948 =( GEOMETRIC_REPRESENTATION_CONTEXT ( 3 ) GLOBAL_UNCERTAINTY_ASSIGNED_CONTEXT ( ( #6624 ) ) GLOBAL_UNIT_ASSIGNED_CONTEXT ( ( #134, #7092, #1145 ) ) REPRESENTATION_CONTEXT ( 'NONE', 'WORKASPACE' ) );
#11949 = AXIS2_PLACEMENT_3D ( 'NONE', #4041, #10948, #5055 ) ;
#11950 =( NAMED_UNIT ( * ) SI_UNIT ( $, .STERADIAN. ) SOLID_ANGLE_UNIT ( ) );
#11951 = ORIENTED_EDGE ( 'NONE', *, *, #2248, .F. ) ;
#11952 = CARTESIAN_POINT ( 'NONE',  ( -1.507075080061872185, 0.1000000000000000056, -0.1031605786060936225 ) ) ;
#11953 = VECTOR ( 'NONE', #1521, 1000.000000000000000 ) ;
#11954 =( NAMED_UNIT ( * ) PLANE_ANGLE_UNIT ( ) SI_UNIT ( $, .RADIAN. ) );
#11955 = VECTOR ( 'NONE', #3963, 1000.000000000000000 ) ;
#11956 = VERTEX_POINT ( 'NONE', #8302 ) ;
#11957 = DIRECTION ( 'NONE',  ( -1.000000000000000000, 0.0000000000000000000, -0.0000000000000000000 ) ) ;
#11958 = SURFACE_SIDE_STYLE ('',( #7606 ) ) ;
#11959 = ORIENTED_EDGE ( 'NONE', *, *, #8050, .T. ) ;
#11960 = LINE ( 'NONE', #11025, #4093 ) ;
#11961 = DIRECTION ( 'NONE',  ( 0.0000000000000000000, -1.000000000000000000, 0.0000000000000000000 ) ) ;
#11962 = DIRECTION ( 'NONE',  ( -0.1874275599918963642, -0.9642312064598242971, -0.1874275599918963364 ) ) ;
#11963 = FILL_AREA_STYLE ('',( #10378 ) ) ;
#11964 = VECTOR ( 'NONE', #10127, 1000.000000000000000 ) ;
#11965 = SURFACE_SIDE_STYLE ('',( #5146 ) ) ;
#11966 = FILL_AREA_STYLE ('',( #9966 ) ) ;
#11967 = PRESENTATION_LAYER_ASSIGNMENT (  '', '', ( #10641 ) ) ;
#11968 = ORIENTED_EDGE ( 'NONE', *, *, #11157, .T. ) ;
#11969 = EDGE_CURVE ( 'NONE', #2824, #11878, #11180, .T. ) ;
#11970 = MECHANICAL_DESIGN_GEOMETRIC_PRESENTATION_REPRESENTATION (  '', ( #10648 ), #12629 ) ;
#11971 = COLOUR_RGB ( '',1.000000000000000000, 1.000000000000000000, 1.000000000000000000 ) ;
#11972 =( LENGTH_UNIT ( ) NAMED_UNIT ( * ) SI_UNIT ( .MILLI., .METRE. ) );
#11973 = DIRECTION ( 'NONE',  ( -0.0000000000000000000, 0.0000000000000000000, 1.000000000000000000 ) ) ;
#11974 = ORIENTED_EDGE ( 'NONE', *, *, #9500, .T. ) ;
#11975 = FACE_OUTER_BOUND ( 'NONE', #10789, .T. ) ;
#11976 =( NAMED_UNIT ( * ) SI_UNIT ( $, .STERADIAN. ) SOLID_ANGLE_UNIT ( ) );
#11977 = CARTESIAN_POINT ( 'NONE',  ( -1.650000000000000355, -0.05000000000000000278, 0.0000000000000000000 ) ) ;
#11978 = FILL_AREA_STYLE_COLOUR ( '', #10138 ) ;
#11979 = DIRECTION ( 'NONE',  ( 0.0000000000000000000, 1.000000000000000000, 0.0000000000000000000 ) ) ;
#11980 = COLOUR_RGB ( '',0.2509803921568627416, 0.2509803921568627416, 0.2509803921568627416 ) ;
#11981 = CARTESIAN_POINT ( 'NONE',  ( 0.0000000000000000000, 0.1000000000000000056, -1.277681107331943622 ) ) ;
#11982 = AXIS2_PLACEMENT_3D ( 'NONE', #3229, #5963, #9495 ) ;
#11983 = MECHANICAL_DESIGN_GEOMETRIC_PRESENTATION_REPRESENTATION (  '', ( #9980 ), #12643 ) ;
#11984 = AXIS2_PLACEMENT_3D ( 'NONE', #12354, #12339, #12309 ) ;
#11985 = DIRECTION ( 'NONE',  ( -1.000000000000000000, 0.0000000000000000000, -0.0000000000000000000 ) ) ;
#11986 = EDGE_CURVE ( 'NONE', #1119, #10466, #5941, .T. ) ;
#11987 = ORIENTED_EDGE ( 'NONE', *, *, #10974, .F. ) ;
#11988 = CIRCLE ( 'NONE', #7898, 0.02617424799283601944 ) ;
#11989 = CARTESIAN_POINT ( 'NONE',  ( 0.8189977282522473701, 0.0000000000000000000, -1.277681107331943622 ) ) ;
#11990 = DIRECTION ( 'NONE',  ( 1.000000000000000000, -0.0000000000000000000, 0.0000000000000000000 ) ) ;
#11991 =( NAMED_UNIT ( * ) SI_UNIT ( $, .STERADIAN. ) SOLID_ANGLE_UNIT ( ) );
#11992 = AXIS2_PLACEMENT_3D ( 'NONE', #1079, #6703, #9728 ) ;
#11993 =( NAMED_UNIT ( * ) SI_UNIT ( $, .STERADIAN. ) SOLID_ANGLE_UNIT ( ) );
#11994 = AXIS2_PLACEMENT_3D ( 'NONE', #126, #7079, #1132 ) ;
#11995 = FILL_AREA_STYLE ('',( #9142 ) ) ;
#11996 = DIRECTION ( 'NONE',  ( 0.0000000000000000000, 1.000000000000000000, -0.0000000000000000000 ) ) ;
#11997 = ORIENTED_EDGE ( 'NONE', *, *, #5207, .F. ) ;
#11998 = COLOUR_RGB ( '',1.000000000000000000, 1.000000000000000000, 1.000000000000000000 ) ;
#11999 = VECTOR ( 'NONE', #6940, 1000.000000000000000 ) ;
#12000 = LINE ( 'NONE', #7316, #6746 ) ;
#12001 = MECHANICAL_DESIGN_GEOMETRIC_PRESENTATION_REPRESENTATION (  '', ( #10680 ), #12668 ) ;
#12002 = EDGE_CURVE ( 'NONE', #9207, #6140, #10888, .T. ) ;
#12003 = SURFACE_SIDE_STYLE ('',( #11628 ) ) ;
#12004 = EDGE_CURVE ( 'NONE', #12186, #8473, #5637, .T. ) ;
#12005 = FACE_OUTER_BOUND ( 'NONE', #12367, .T. ) ;
#12006 = PLANE ( 'NONE',  #10993 ) ;
#12007 = DIRECTION ( 'NONE',  ( 0.0000000000000000000, 1.000000000000000000, 0.0000000000000000000 ) ) ;
#12008 = CARTESIAN_POINT ( 'NONE',  ( 0.5439116535429402433, 0.1000000000000000056, 0.0000000000000000000 ) ) ;
#12009 = LINE ( 'NONE', #8045, #10773 ) ;
#12010 = VERTEX_POINT ( 'NONE', #2421 ) ;
#12011 =( GEOMETRIC_REPRESENTATION_CONTEXT ( 3 ) GLOBAL_UNCERTAINTY_ASSIGNED_CONTEXT ( ( #8396 ) ) GLOBAL_UNIT_ASSIGNED_CONTEXT ( ( #4016, #10923, #5032 ) ) REPRESENTATION_CONTEXT ( 'NONE', 'WORKASPACE' ) );
#12012 = ORIENTED_EDGE ( 'NONE', *, *, #10758, .T. ) ;
#12013 = ADVANCED_FACE ( 'NONE', ( #334 ), #6408, .T. ) ;
#12014 = DIRECTION ( 'NONE',  ( 0.0000000000000000000, 1.000000000000000000, 0.0000000000000000000 ) ) ;
#12015 = DIRECTION ( 'NONE',  ( -0.0000000000000000000, 0.0000000000000000000, 1.000000000000000000 ) ) ;
#12016 = SURFACE_STYLE_FILL_AREA ( #5445 ) ;
#12017 = DIRECTION ( 'NONE',  ( 1.000000000000000000, -0.0000000000000000000, 0.0000000000000000000 ) ) ;
#12018 = UNCERTAINTY_MEASURE_WITH_UNIT (LENGTH_MEASURE( 1.000000000000000082E-05 ), #10578, 'distance_accuracy_value', 'NONE');
#12019 = DIRECTION ( 'NONE',  ( 0.0000000000000000000, 0.0000000000000000000, 1.000000000000000000 ) ) ;
#12020 = CLOSED_SHELL ( 'NONE', ( #584, #9740, #1887, #177, #11279, #10706, #11661, #7779, #6191, #4200, #8204, #2351, #6674, #6568 ) ) ;
#12021 = CARTESIAN_POINT ( 'NONE',  ( 0.0000000000000000000, -0.05000000000000000278, 0.1031605786060936225 ) ) ;
#12022 = ORIENTED_EDGE ( 'NONE', *, *, #10916, .F. ) ;
#12023 = ORIENTED_EDGE ( 'NONE', *, *, #8050, .F. ) ;
#12024 = VECTOR ( 'NONE', #10118, 1000.000000000000000 ) ;
#12025 = VERTEX_POINT ( 'NONE', #6441 ) ;
#12026 = AXIS2_PLACEMENT_3D ( 'NONE', #10110, #4223, #11111 ) ;
#12027 = FILL_AREA_STYLE ('',( #4131 ) ) ;
#12028 =( GEOMETRIC_REPRESENTATION_CONTEXT ( 3 ) GLOBAL_UNCERTAINTY_ASSIGNED_CONTEXT ( ( #1330 ) ) GLOBAL_UNIT_ASSIGNED_CONTEXT ( ( #4225, #11113, #5213 ) ) REPRESENTATION_CONTEXT ( 'NONE', 'WORKASPACE' ) );
#12029 = ORIENTED_EDGE ( 'NONE', *, *, #11157, .F. ) ;
#12030 = CARTESIAN_POINT ( 'NONE',  ( -0.4849999999999994316, -0.05000000000000000278, -1.649999999999998579 ) ) ;
#12031 = SURFACE_STYLE_FILL_AREA ( #8280 ) ;
#12032 = CARTESIAN_POINT ( 'NONE',  ( 1.291219160478732420, 0.7999999999999999334, 1.191219160478732997 ) ) ;
#12033 = LINE ( 'NONE', #7578, #1199 ) ;
#12034 = EDGE_LOOP ( 'NONE', ( #5593, #3911, #11273, #9445 ) ) ;
#12035 = ORIENTED_EDGE ( 'NONE', *, *, #2555, .T. ) ;
#12036 = LINE ( 'NONE', #4329, #10949 ) ;
#12037 = CARTESIAN_POINT ( 'NONE',  ( -1.197916575926319283, -0.05000000000000000278, -0.2000076143446563315 ) ) ;
#12038 = VECTOR ( 'NONE', #9005, 1000.000000000000000 ) ;
#12039 = PRESENTATION_STYLE_ASSIGNMENT (( #3570 ) ) ;
#12041 = DIRECTION ( 'NONE',  ( 0.0000000000000000000, 1.000000000000000000, 0.0000000000000000000 ) ) ;
#12040 = LINE ( 'NONE', #8568, #3215 ) ;
#12042 = VERTEX_POINT ( 'NONE', #12371 ) ;
#12043 = DIRECTION ( 'NONE',  ( 1.000000000000000000, -0.0000000000000000000, 0.0000000000000000000 ) ) ;
#12044 = FACE_OUTER_BOUND ( 'NONE', #406, .T. ) ;
#12045 = COLOUR_RGB ( '',1.000000000000000000, 1.000000000000000000, 1.000000000000000000 ) ;
#12046 = ORIENTED_EDGE ( 'NONE', *, *, #2053, .T. ) ;
#12047 = LINE ( 'NONE', #1292, #11733 ) ;
#12048 = AXIS2_PLACEMENT_3D ( 'NONE', #10430, #11426, #3561 ) ;
#12049 = EDGE_CURVE ( 'NONE', #4589, #5013, #9634, .T. ) ;
#12050 = EDGE_CURVE ( 'NONE', #2208, #274, #7019, .T. ) ;
#12051 = VECTOR ( 'NONE', #12553, 1000.000000000000000 ) ;
#12052 = ORIENTED_EDGE ( 'NONE', *, *, #5242, .T. ) ;
#12053 = PRESENTATION_LAYER_ASSIGNMENT (  '', '', ( #12701 ) ) ;
#12054 = DIRECTION ( 'NONE',  ( 1.000000000000000000, -0.0000000000000000000, 0.0000000000000000000 ) ) ;
#12055 = EDGE_CURVE ( 'NONE', #5413, #1049, #4415, .T. ) ;
#12056 = FILL_AREA_STYLE_COLOUR ( '', #6270 ) ;
#12057 = LINE ( 'NONE', #4972, #4195 ) ;
#12058 = VERTEX_POINT ( 'NONE', #8430 ) ;
#12059 = SURFACE_STYLE_USAGE ( .BOTH. , #3144 ) ;
#12060 = LINE ( 'NONE', #4571, #1856 ) ;
#12061 = DIRECTION ( 'NONE',  ( 0.0000000000000000000, 1.000000000000000000, -0.0000000000000000000 ) ) ;
#12062 = EDGE_LOOP ( 'NONE', ( #10157, #1830, #8469, #10494 ) ) ;
#12063 = MECHANICAL_DESIGN_GEOMETRIC_PRESENTATION_REPRESENTATION (  '', ( #10733 ), #12716 ) ;
#12064 = FILL_AREA_STYLE ('',( #1455 ) ) ;
#12065 = PRESENTATION_LAYER_ASSIGNMENT (  '', '', ( #11404 ) ) ;
#12066 = AXIS2_PLACEMENT_3D ( 'NONE', #970, #5450, #1178 ) ;
#12067 =( NAMED_UNIT ( * ) SI_UNIT ( $, .STERADIAN. ) SOLID_ANGLE_UNIT ( ) );
#12068 = EDGE_CURVE ( 'NONE', #2887, #1758, #1748, .T. ) ;
#12069 = MECHANICAL_DESIGN_GEOMETRIC_PRESENTATION_REPRESENTATION (  '', ( #10075 ), #12725 ) ;
#12070 = SURFACE_STYLE_USAGE ( .BOTH. , #5186 ) ;
#12071 = EDGE_CURVE ( 'NONE', #8745, #1993, #4083, .T. ) ;
#12072 = FILL_AREA_STYLE_COLOUR ( '', #12513 ) ;
#12073 = ORIENTED_EDGE ( 'NONE', *, *, #5635, .F. ) ;
#12074 = LINE ( 'NONE', #9918, #1569 ) ;
#12075 = VECTOR ( 'NONE', #5595, 1000.000000000000000 ) ;
#12076 = FACE_OUTER_BOUND ( 'NONE', #12445, .T. ) ;
#12077 = LINE ( 'NONE', #2743, #5457 ) ;
#12078 =( NAMED_UNIT ( * ) SI_UNIT ( $, .STERADIAN. ) SOLID_ANGLE_UNIT ( ) );
#12079 = SURFACE_STYLE_FILL_AREA ( #11742 ) ;
#12080 = DIRECTION ( 'NONE',  ( 0.0000000000000000000, 0.0000000000000000000, -1.000000000000000000 ) ) ;
#12081 = DIRECTION ( 'NONE',  ( 0.0000000000000000000, 0.0000000000000000000, -1.000000000000000000 ) ) ;
#12082 = STYLED_ITEM ( 'NONE', ( #192 ), #2037 ) ;
#12083 = DIRECTION ( 'NONE',  ( 0.0000000000000000000, 0.0000000000000000000, 1.000000000000000000 ) ) ;
#12084 = EDGE_CURVE ( 'NONE', #1837, #6690, #9325, .T. ) ;
#12085 = CARTESIAN_POINT ( 'NONE',  ( -1.134999999999999787, -0.05000000000000000278, 0.2369407634194544698 ) ) ;
#12086 = LINE ( 'NONE', #11861, #4559 ) ;
#12087 = PRESENTATION_LAYER_ASSIGNMENT (  '', '', ( #12746 ) ) ;
#12088 = LINE ( 'NONE', #10559, #9467 ) ;
#12089 = UNCERTAINTY_MEASURE_WITH_UNIT (LENGTH_MEASURE( 1.000000000000000082E-05 ), #8804, 'distance_accuracy_value', 'NONE');
#12090 = CARTESIAN_POINT ( 'NONE',  ( -1.134999999999999787, 0.1000000000000000056, -1.649999999999998579 ) ) ;
#12091 = CARTESIAN_POINT ( 'NONE',  ( 1.291219160478732642, 0.6999999999999999556, -1.191219160478733219 ) ) ;
#12092 = VECTOR ( 'NONE', #9694, 1000.000000000000000 ) ;
#12093 = VERTEX_POINT ( 'NONE', #9465 ) ;
#12094 = ORIENTED_EDGE ( 'NONE', *, *, #8673, .F. ) ;
#12095 = CARTESIAN_POINT ( 'NONE',  ( -0.8189977282522473701, -0.05000000000000000278, 0.0000000000000000000 ) ) ;
#12096 = DIRECTION ( 'NONE',  ( 0.0000000000000000000, 0.0000000000000000000, 1.000000000000000000 ) ) ;
#12097 = ORIENTED_EDGE ( 'NONE', *, *, #6507, .T. ) ;
#12098 = AXIS2_PLACEMENT_3D ( 'NONE', #9272, #3344, #10270 ) ;
#12099 = EDGE_CURVE ( 'NONE', #256, #11812, #6395, .T. ) ;
#12100 = FILL_AREA_STYLE ('',( #7640 ) ) ;
#12101 =( GEOMETRIC_REPRESENTATION_CONTEXT ( 3 ) GLOBAL_UNCERTAINTY_ASSIGNED_CONTEXT ( ( #4120 ) ) GLOBAL_UNIT_ASSIGNED_CONTEXT ( ( #9036, #3109, #10025 ) ) REPRESENTATION_CONTEXT ( 'NONE', 'WORKASPACE' ) );
#12102 = SURFACE_STYLE_USAGE ( .BOTH. , #5211 ) ;
#12103 =( NAMED_UNIT ( * ) PLANE_ANGLE_UNIT ( ) SI_UNIT ( $, .RADIAN. ) );
#12104 = PRESENTATION_STYLE_ASSIGNMENT (( #2145 ) ) ;
#12105 =( NAMED_UNIT ( * ) SI_UNIT ( $, .STERADIAN. ) SOLID_ANGLE_UNIT ( ) );
#12106 = VERTEX_POINT ( 'NONE', #764 ) ;
#12107 = DIRECTION ( 'NONE',  ( 0.0000000000000000000, 1.000000000000000000, 0.0000000000000000000 ) ) ;
#12108 = ORIENTED_EDGE ( 'NONE', *, *, #3533, .F. ) ;
#12109 = UNCERTAINTY_MEASURE_WITH_UNIT (LENGTH_MEASURE( 1.000000000000000082E-05 ), #4872, 'distance_accuracy_value', 'NONE');
#12110 = PLANE ( 'NONE',  #5554 ) ;
#12111 = SURFACE_STYLE_USAGE ( .BOTH. , #2265 ) ;
#12112 = ORIENTED_EDGE ( 'NONE', *, *, #5515, .F. ) ;
#12113 =( LENGTH_UNIT ( ) NAMED_UNIT ( * ) SI_UNIT ( .MILLI., .METRE. ) );
#12114 = DIRECTION ( 'NONE',  ( 0.0000000000000000000, -1.000000000000000000, 0.0000000000000000000 ) ) ;
#12115 = DIRECTION ( 'NONE',  ( 1.000000000000000000, -0.0000000000000000000, 0.0000000000000000000 ) ) ;
#12116 = VECTOR ( 'NONE', #8596, 1000.000000000000000 ) ;
#12117 = CARTESIAN_POINT ( 'NONE',  ( 1.540045451220497963, 0.0000000000000000000, -0.1083811245156857395 ) ) ;
#12118 = EDGE_LOOP ( 'NONE', ( #4061, #7022, #3242, #3940 ) ) ;
#12119 = MECHANICAL_DESIGN_GEOMETRIC_PRESENTATION_REPRESENTATION (  '', ( #10125 ), #596 ) ;
#12120 = STYLED_ITEM ( 'NONE', ( #372 ), #5785 ) ;
#12121 =( NAMED_UNIT ( * ) SI_UNIT ( $, .STERADIAN. ) SOLID_ANGLE_UNIT ( ) );
#12123 = EDGE_CURVE ( 'NONE', #1202, #11019, #9015, .T. ) ;
#12122 = FILL_AREA_STYLE ('',( #3217 ) ) ;
#12124 = DIRECTION ( 'NONE',  ( 0.0000000000000000000, 0.0000000000000000000, -1.000000000000000000 ) ) ;
#12125 = EDGE_CURVE ( 'NONE', #10521, #1288, #3763, .T. ) ;
#12126 = SURFACE_SIDE_STYLE ('',( #6802 ) ) ;
#12127 = DIRECTION ( 'NONE',  ( -1.000000000000000000, 0.0000000000000000000, 0.0000000000000000000 ) ) ;
#12128 = ORIENTED_EDGE ( 'NONE', *, *, #9393, .T. ) ;
#12129 = AXIS2_PLACEMENT_3D ( 'NONE', #11532, #6661, #11623 ) ;
#12130 = LINE ( 'NONE', #4971, #1930 ) ;
#12131 = FILL_AREA_STYLE ('',( #193 ) ) ;
#12132 = COLOUR_RGB ( '',1.000000000000000000, 1.000000000000000000, 1.000000000000000000 ) ;
#12133 = CARTESIAN_POINT ( 'NONE',  ( -1.134999999999999787, 0.1000000000000000056, -1.199999999999999289 ) ) ;
#12134 = PRESENTATION_LAYER_ASSIGNMENT (  '', '', ( #10819 ) ) ;
#12135 = LINE ( 'NONE', #7951, #1629 ) ;
#12136 = CARTESIAN_POINT ( 'NONE',  ( -1.134999999999999787, 0.1000000000000000056, -1.277681107331943622 ) ) ;
#12137 = FILL_AREA_STYLE_COLOUR ( '', #8959 ) ;
#12138 =( NAMED_UNIT ( * ) SI_UNIT ( $, .STERADIAN. ) SOLID_ANGLE_UNIT ( ) );
#12139 = VERTEX_POINT ( 'NONE', #4782 ) ;
#12140 =( GEOMETRIC_REPRESENTATION_CONTEXT ( 3 ) GLOBAL_UNCERTAINTY_ASSIGNED_CONTEXT ( ( #1407 ) ) GLOBAL_UNIT_ASSIGNED_CONTEXT ( ( #10999, #10165, #10077 ) ) REPRESENTATION_CONTEXT ( 'NONE', 'WORKASPACE' ) );
#12141 = ORIENTED_EDGE ( 'NONE', *, *, #2280, .T. ) ;
#12142 = FACE_OUTER_BOUND ( 'NONE', #12235, .T. ) ;
#12143 = STYLED_ITEM ( 'NONE', ( #11560 ), #7343 ) ;
#12144 = CARTESIAN_POINT ( 'NONE',  ( -0.1689977282522470148, 0.0000000000000000000, -1.416874574924349872 ) ) ;
#12145 =( NAMED_UNIT ( * ) SI_UNIT ( $, .STERADIAN. ) SOLID_ANGLE_UNIT ( ) );
#12146 = DIRECTION ( 'NONE',  ( 0.0000000000000000000, 0.0000000000000000000, -1.000000000000000000 ) ) ;
#12147 = CARTESIAN_POINT ( 'NONE',  ( -0.1060883464570583357, 0.0000000000000000000, -0.0000000000000000000 ) ) ;
#12148 = DIRECTION ( 'NONE',  ( 0.0000000000000000000, 0.1908089953765452762, -0.9816271834476639757 ) ) ;
#12149 = AXIS2_PLACEMENT_3D ( 'NONE', #9368, #3188, #9122 ) ;
#12150 = CARTESIAN_POINT ( 'NONE',  ( 1.507075080061872185, 0.1000000000000000056, -0.1031605786060936225 ) ) ;
#12151 =( GEOMETRIC_REPRESENTATION_CONTEXT ( 3 ) GLOBAL_UNCERTAINTY_ASSIGNED_CONTEXT ( ( #5855 ) ) GLOBAL_UNIT_ASSIGNED_CONTEXT ( ( #8361, #2432, #9344 ) ) REPRESENTATION_CONTEXT ( 'NONE', 'WORKASPACE' ) );
#12152 = STYLED_ITEM ( 'NONE', ( #6814 ), #3692 ) ;
#12153 = CARTESIAN_POINT ( 'NONE',  ( 0.0000000000000000000, 0.1000000000000000056, -1.277681107331943622 ) ) ;
#12154 = LINE ( 'NONE', #2108, #5745 ) ;
#12155 = DIRECTION ( 'NONE',  ( 0.0000000000000000000, 1.000000000000000000, 0.0000000000000000000 ) ) ;
#12156 = CARTESIAN_POINT ( 'NONE',  ( 0.4810022717477533405, -0.05000000000000000278, -1.277681107331943622 ) ) ;
#12157 = DIRECTION ( 'NONE',  ( 0.0000000000000000000, 0.0000000000000000000, -1.000000000000000000 ) ) ;
#12158 = COLOUR_RGB ( '',1.000000000000000000, 1.000000000000000000, 1.000000000000000000 ) ;
#12159 = PRODUCT_CONTEXT ( 'NONE', #7204, 'mechanical' ) ;
#12160 = EDGE_LOOP ( 'NONE', ( #3589, #10709, #5517, #1391 ) ) ;
#12161 = CARTESIAN_POINT ( 'NONE',  ( -0.7660883464570584778, -0.05000000000000000278, 1.276162611327208651 ) ) ;
#12162 = SURFACE_SIDE_STYLE ('',( #2747 ) ) ;
#12163 = PRESENTATION_LAYER_ASSIGNMENT (  '', '', ( #10859 ) ) ;
#12164 = CARTESIAN_POINT ( 'NONE',  ( 0.5087622389318458005, 0.0000000000000000000, -1.416874574924349872 ) ) ;
#12165 = VECTOR ( 'NONE', #3782, 1000.000000000000000 ) ;
#12166 = UNCERTAINTY_MEASURE_WITH_UNIT (LENGTH_MEASURE( 1.000000000000000082E-05 ), #5349, 'distance_accuracy_value', 'NONE');
#12167 = DIRECTION ( 'NONE',  ( 0.0000000000000000000, 0.0000000000000000000, 1.000000000000000000 ) ) ;
#12168 = LINE ( 'NONE', #10482, #11854 ) ;
#12169 = FACE_OUTER_BOUND ( 'NONE', #119, .T. ) ;
#12170 = ORIENTED_EDGE ( 'NONE', *, *, #445, .F. ) ;
#12171 = VECTOR ( 'NONE', #1532, 1000.000000000000000 ) ;
#12172 = ORIENTED_EDGE ( 'NONE', *, *, #11451, .F. ) ;
#12173 = VERTEX_POINT ( 'NONE', #6698 ) ;
#12174 = VECTOR ( 'NONE', #5979, 1000.000000000000000 ) ;
#12175 = VERTEX_POINT ( 'NONE', #9676 ) ;
#12176 = VECTOR ( 'NONE', #4755, 1000.000000000000000 ) ;
#12177 = STYLED_ITEM ( 'NONE', ( #523 ), #10754 ) ;
#12178 = EDGE_CURVE ( 'NONE', #8512, #10681, #8715, .T. ) ;
#12179 = CARTESIAN_POINT ( 'NONE',  ( 0.0000000000000000000, -0.05000000000000000278, -1.649999999999998579 ) ) ;
#12180 = EDGE_CURVE ( 'NONE', #7237, #6762, #799, .T. ) ;
#12181 = ORIENTED_EDGE ( 'NONE', *, *, #5514, .F. ) ;
#12182 = CARTESIAN_POINT ( 'NONE',  ( 0.5087622389318458005, 0.1000000000000000056, -1.416874574924349872 ) ) ;
#12183 = DIRECTION ( 'NONE',  ( 0.0000000000000000000, 1.000000000000000000, 0.0000000000000000000 ) ) ;
#12184 = UNCERTAINTY_MEASURE_WITH_UNIT (LENGTH_MEASURE( 1.000000000000000082E-05 ), #7670, 'distance_accuracy_value', 'NONE');
#12185 = CARTESIAN_POINT ( 'NONE',  ( 1.540045451220498407, 0.1000000000000000056, 0.07500000000000017764 ) ) ;
#12186 = VERTEX_POINT ( 'NONE', #10713 ) ;
#12187 = VECTOR ( 'NONE', #244, 1000.000000000000000 ) ;
#12188 = AXIS2_PLACEMENT_3D ( 'NONE', #1361, #4343, #5367 ) ;
#12189 = VERTEX_POINT ( 'NONE', #11696 ) ;
#12190 = VECTOR ( 'NONE', #10562, 1000.000000000000000 ) ;
#12191 = PRESENTATION_STYLE_ASSIGNMENT (( #1224 ) ) ;
#12192 = ORIENTED_EDGE ( 'NONE', *, *, #23, .T. ) ;
#12193 = ORIENTED_EDGE ( 'NONE', *, *, #11211, .F. ) ;
#12194 = CARTESIAN_POINT ( 'NONE',  ( 0.1650000000000009237, 0.1000000000000000056, -1.199999999999999289 ) ) ;
#12195 = CARTESIAN_POINT ( 'NONE',  ( 0.8189977282522473701, -0.05000000000000000278, -1.199999999999999289 ) ) ;
#12196 = CARTESIAN_POINT ( 'NONE',  ( -0.1549999999999993883, 0.1000000000000000056, 1.375493264616636679 ) ) ;
#12197 = PLANE ( 'NONE',  #4196 ) ;
#12198 = PRESENTATION_STYLE_ASSIGNMENT (( #4495 ) ) ;
#12199 = VECTOR ( 'NONE', #3877, 1000.000000000000000 ) ;
#12200 = AXIS2_PLACEMENT_3D ( 'NONE', #10862, #4957, #11834 ) ;
#12201 =( NAMED_UNIT ( * ) SI_UNIT ( $, .STERADIAN. ) SOLID_ANGLE_UNIT ( ) );
#12202 = DIRECTION ( 'NONE',  ( 0.0000000000000000000, 0.0000000000000000000, -1.000000000000000000 ) ) ;
#12203 = LINE ( 'NONE', #11293, #2007 ) ;
#12204 = PRESENTATION_STYLE_ASSIGNMENT (( #12262 ) ) ;
#12205 = STYLED_ITEM ( 'NONE', ( #9852 ), #5235 ) ;
#12206 = ORIENTED_EDGE ( 'NONE', *, *, #2219, .T. ) ;
#12207 = FILL_AREA_STYLE_COLOUR ( '', #249 ) ;
#12208 = CARTESIAN_POINT ( 'NONE',  ( -1.257124604555293956, 0.1000000000000000056, -0.1031605786060936225 ) ) ;
#12209 = LINE ( 'NONE', #277, #6638 ) ;
#12210 = ADVANCED_FACE ( 'NONE', ( #8408 ), #12691, .T. ) ;
#12211 = FILL_AREA_STYLE ('',( #1306 ) ) ;
#12212 = DIRECTION ( 'NONE',  ( 0.0000000000000000000, 1.000000000000000000, -0.0000000000000000000 ) ) ;
#12213 = CARTESIAN_POINT ( 'NONE',  ( 0.7590647362923303998, 0.1000000000000000056, 1.375493264616636457 ) ) ;
#12214 = COLOUR_RGB ( '',0.2509803921568627416, 0.2509803921568627416, 0.2509803921568627416 ) ;
#12216 = ADVANCED_FACE ( 'NONE', ( #12713 ), #8730, .T. ) ;
#12215 = CARTESIAN_POINT ( 'NONE',  ( -0.4949999999999992184, -0.05000000000000000278, 0.0000000000000000000 ) ) ;
#12218 = ORIENTED_EDGE ( 'NONE', *, *, #3993, .T. ) ;
#12217 = SURFACE_STYLE_USAGE ( .BOTH. , #5333 ) ;
#12219 =( NAMED_UNIT ( * ) PLANE_ANGLE_UNIT ( ) SI_UNIT ( $, .RADIAN. ) );
#12220 =( GEOMETRIC_REPRESENTATION_CONTEXT ( 3 ) GLOBAL_UNCERTAINTY_ASSIGNED_CONTEXT ( ( #7985 ) ) GLOBAL_UNIT_ASSIGNED_CONTEXT ( ( #5767, #8705, #10471 ) ) REPRESENTATION_CONTEXT ( 'NONE', 'WORKASPACE' ) );
#12221 = FACE_OUTER_BOUND ( 'NONE', #8562, .T. ) ;
#12222 = ORIENTED_EDGE ( 'NONE', *, *, #10011, .T. ) ;
#12223 = ORIENTED_EDGE ( 'NONE', *, *, #2609, .F. ) ;
#12224 = EDGE_CURVE ( 'NONE', #12797, #759, #9158, .T. ) ;
#12225 = EDGE_CURVE ( 'NONE', #8940, #2830, #3917, .T. ) ;
#12226 = LINE ( 'NONE', #2253, #4678 ) ;
#12227 = STYLED_ITEM ( 'NONE', ( #7902 ), #6965 ) ;
#12228 = DIRECTION ( 'NONE',  ( -1.000000000000000000, 0.0000000000000000000, -0.0000000000000000000 ) ) ;
#12229 = VECTOR ( 'NONE', #7201, 1000.000000000000000 ) ;
#12230 = VECTOR ( 'NONE', #12599, 1000.000000000000000 ) ;
#12231 = DIRECTION ( 'NONE',  ( 0.0000000000000000000, -1.000000000000000000, 0.0000000000000000000 ) ) ;
#12232 = CARTESIAN_POINT ( 'NONE',  ( -0.8189977282522473701, 0.1000000000000000056, -1.277681107331943622 ) ) ;
#12233 =( LENGTH_UNIT ( ) NAMED_UNIT ( * ) SI_UNIT ( .MILLI., .METRE. ) );
#12234 = CARTESIAN_POINT ( 'NONE',  ( 0.1650000000000009237, 0.1000000000000000056, -1.416874574924349872 ) ) ;
#12235 = EDGE_LOOP ( 'NONE', ( #3695, #6232, #6971, #9125 ) ) ;
#12236 = LINE ( 'NONE', #4720, #2042 ) ;
#12237 = SURFACE_SIDE_STYLE ('',( #3986 ) ) ;
#12238 =( NAMED_UNIT ( * ) PLANE_ANGLE_UNIT ( ) SI_UNIT ( $, .RADIAN. ) );
#12239 =( NAMED_UNIT ( * ) PLANE_ANGLE_UNIT ( ) SI_UNIT ( $, .RADIAN. ) );
#12240 = VECTOR ( 'NONE', #785, 1000.000000000000000 ) ;
#12241 = DIRECTION ( 'NONE',  ( 0.0000000000000000000, 0.0000000000000000000, 1.000000000000000000 ) ) ;
#12242 = STYLED_ITEM ( 'NONE', ( #6317 ), #1109 ) ;
#12243 = PRESENTATION_LAYER_ASSIGNMENT (  '', '', ( #10914 ) ) ;
#12244 = MECHANICAL_DESIGN_GEOMETRIC_PRESENTATION_REPRESENTATION (  '', ( #10915 ), #41 ) ;
#12245 = DIRECTION ( 'NONE',  ( 0.0000000000000000000, 0.0000000000000000000, 1.000000000000000000 ) ) ;
#12246 = EDGE_CURVE ( 'NONE', #12025, #8512, #1278, .T. ) ;
#12247 = ORIENTED_EDGE ( 'NONE', *, *, #527, .F. ) ;
#12248 = FILL_AREA_STYLE ('',( #3337 ) ) ;
#12249 =( NAMED_UNIT ( * ) SI_UNIT ( $, .STERADIAN. ) SOLID_ANGLE_UNIT ( ) );
#12250 = EDGE_CURVE ( 'NONE', #8745, #7402, #6539, .T. ) ;
#12251 = CIRCLE ( 'NONE', #2779, 0.03338112451568553407 ) ;
#12252 = AXIS2_PLACEMENT_3D ( 'NONE', #932, #7864, #1935 ) ;
#12253 = FILL_AREA_STYLE ('',( #12697 ) ) ;
#12254 = DIRECTION ( 'NONE',  ( -1.000000000000000000, 0.0000000000000000000, 0.0000000000000000000 ) ) ;
#12255 = CARTESIAN_POINT ( 'NONE',  ( -1.171933149074798175, 0.1000000000000000056, 0.2000076143446563315 ) ) ;
#12256 = LINE ( 'NONE', #7669, #783 ) ;
#12257 = EDGE_LOOP ( 'NONE', ( #3999, #885, #5701, #1527 ) ) ;
#12258 = ORIENTED_EDGE ( 'NONE', *, *, #2957, .F. ) ;
#12259 = FILL_AREA_STYLE ('',( #4417 ) ) ;
#12260 = FILL_AREA_STYLE ('',( #5283 ) ) ;
#12261 = CARTESIAN_POINT ( 'NONE',  ( -1.134999999999999787, 0.1000000000000000056, -1.199999999999999289 ) ) ;
#12262 = SURFACE_STYLE_USAGE ( .BOTH. , #5370 ) ;
#12263 = DIRECTION ( 'NONE',  ( 0.0000000000000000000, 0.0000000000000000000, -1.000000000000000000 ) ) ;
#12264 = SURFACE_STYLE_FILL_AREA ( #4291 ) ;
#12265 = UNCERTAINTY_MEASURE_WITH_UNIT (LENGTH_MEASURE( 1.000000000000000082E-05 ), #5583, 'distance_accuracy_value', 'NONE');
#12266 = DIRECTION ( 'NONE',  ( 0.0000000000000000000, 0.0000000000000000000, 1.000000000000000000 ) ) ;
#12267 = EDGE_CURVE ( 'NONE', #1881, #11956, #8863, .T. ) ;
#12268 = VERTEX_POINT ( 'NONE', #5934 ) ;
#12269 = CARTESIAN_POINT ( 'NONE',  ( -0.7660883464570584778, -0.05000000000000000278, 0.0000000000000000000 ) ) ;
#12270 = CARTESIAN_POINT ( 'NONE',  ( -1.134999999999998010, 0.1000000000000000056, -0.3161628721251190655 ) ) ;
#12271 = ADVANCED_FACE ( 'NONE', ( #6237 ), #2370, .F. ) ;
#12272 = PRESENTATION_LAYER_ASSIGNMENT (  '', '', ( #10940 ) ) ;
#12273 = CARTESIAN_POINT ( 'NONE',  ( 0.0000000000000000000, -0.05000000000000000278, 0.0000000000000000000 ) ) ;
#12274 = DIRECTION ( 'NONE',  ( 0.0000000000000000000, 1.000000000000000000, 0.0000000000000000000 ) ) ;
#12275 =( NAMED_UNIT ( * ) PLANE_ANGLE_UNIT ( ) SI_UNIT ( $, .RADIAN. ) );
#12276 = DIRECTION ( 'NONE',  ( 0.0000000000000000000, 0.0000000000000000000, -1.000000000000000000 ) ) ;
#12277 = CARTESIAN_POINT ( 'NONE',  ( -1.162759967184092247, 0.1000000000000000056, -1.416874574924349872 ) ) ;
#12278 = PLANE ( 'NONE',  #9398 ) ;
#12279 = ORIENTED_EDGE ( 'NONE', *, *, #11330, .F. ) ;
#12280 = EDGE_LOOP ( 'NONE', ( #7004, #1099, #2967, #6532 ) ) ;
#12281 = UNCERTAINTY_MEASURE_WITH_UNIT (LENGTH_MEASURE( 1.000000000000000082E-05 ), #125, 'distance_accuracy_value', 'NONE');
#12282 = ADVANCED_FACE ( 'NONE', ( #5929 ), #2048, .T. ) ;
#12283 = AXIS2_PLACEMENT_3D ( 'NONE', #8788, #2847, #9775 ) ;
#12284 = DIRECTION ( 'NONE',  ( -1.000000000000000000, 0.0000000000000000000, -2.189696164768673130E-14 ) ) ;
#12285 =( GEOMETRIC_REPRESENTATION_CONTEXT ( 3 ) GLOBAL_UNCERTAINTY_ASSIGNED_CONTEXT ( ( #361 ) ) GLOBAL_UNIT_ASSIGNED_CONTEXT ( ( #8840, #2904, #9810 ) ) REPRESENTATION_CONTEXT ( 'NONE', 'WORKASPACE' ) );
#12286 = DIRECTION ( 'NONE',  ( 0.0000000000000000000, 1.000000000000000000, 0.0000000000000000000 ) ) ;
#12287 =( LENGTH_UNIT ( ) NAMED_UNIT ( * ) SI_UNIT ( .MILLI., .METRE. ) );
#12288 = CARTESIAN_POINT ( 'NONE',  ( -0.1689977282522470148, 0.1000000000000000056, -1.199999999999999289 ) ) ;
#12289 = VECTOR ( 'NONE', #9139, 1000.000000000000000 ) ;
#12290 = ORIENTED_EDGE ( 'NONE', *, *, #11765, .F. ) ;
#12291 = DIRECTION ( 'NONE',  ( 0.0000000000000000000, 0.0000000000000000000, 1.000000000000000000 ) ) ;
#12292 = DIRECTION ( 'NONE',  ( 0.0000000000000000000, -1.000000000000000000, 0.0000000000000000000 ) ) ;
#12293 = LINE ( 'NONE', #4282, #9657 ) ;
#12294 = LINE ( 'NONE', #7707, #7045 ) ;
#12295 = CIRCLE ( 'NONE', #7459, 0.1000000000000000472 ) ;
#12296 = STYLED_ITEM ( 'NONE', ( #7454 ), #10656 ) ;
#12297 = STYLED_ITEM ( 'NONE', ( #7807 ), #5996 ) ;
#12298 = EDGE_CURVE ( 'NONE', #9785, #10824, #4073, .T. ) ;
#12299 = ORIENTED_EDGE ( 'NONE', *, *, #726, .T. ) ;
#12300 = DIRECTION ( 'NONE',  ( 0.0000000000000000000, -1.000000000000000000, 0.0000000000000000000 ) ) ;
#12301 = EDGE_CURVE ( 'NONE', #8699, #8107, #6682, .T. ) ;
#12302 = DIRECTION ( 'NONE',  ( 0.0000000000000000000, 0.0000000000000000000, 1.000000000000000000 ) ) ;
#12303 = DIRECTION ( 'NONE',  ( 0.0000000000000000000, -1.000000000000000000, 0.0000000000000000000 ) ) ;
#12304 = LINE ( 'NONE', #12185, #9667 ) ;
#12305 =( GEOMETRIC_REPRESENTATION_CONTEXT ( 3 ) GLOBAL_UNCERTAINTY_ASSIGNED_CONTEXT ( ( #7524 ) ) GLOBAL_UNIT_ASSIGNED_CONTEXT ( ( #10100, #4216, #11104 ) ) REPRESENTATION_CONTEXT ( 'NONE', 'WORKASPACE' ) );
#12306 = CARTESIAN_POINT ( 'NONE',  ( 0.0000000000000000000, 0.1499999999999999944, -1.500000000000000000 ) ) ;
#12307 = ORIENTED_EDGE ( 'NONE', *, *, #1459, .F. ) ;
#12308 =( NAMED_UNIT ( * ) SI_UNIT ( $, .STERADIAN. ) SOLID_ANGLE_UNIT ( ) );
#12309 = DIRECTION ( 'NONE',  ( -0.0000000000000000000, 0.0000000000000000000, -1.000000000000000000 ) ) ;
#12310 = SURFACE_STYLE_FILL_AREA ( #2718 ) ;
#12311 = DIRECTION ( 'NONE',  ( -1.000000000000000000, 0.0000000000000000000, 0.0000000000000000000 ) ) ;
#12312 = DIRECTION ( 'NONE',  ( 0.0000000000000000000, 0.0000000000000000000, -1.000000000000000000 ) ) ;
#12313 =( LENGTH_UNIT ( ) NAMED_UNIT ( * ) SI_UNIT ( .MILLI., .METRE. ) );
#12314 = SURFACE_STYLE_FILL_AREA ( #5972 ) ;
#12315 =( NAMED_UNIT ( * ) PLANE_ANGLE_UNIT ( ) SI_UNIT ( $, .RADIAN. ) );
#12316 = DIRECTION ( 'NONE',  ( 0.0000000000000000000, 1.000000000000000000, 0.0000000000000000000 ) ) ;
#12317 =( GEOMETRIC_REPRESENTATION_CONTEXT ( 3 ) GLOBAL_UNCERTAINTY_ASSIGNED_CONTEXT ( ( #2060 ) ) GLOBAL_UNIT_ASSIGNED_CONTEXT ( ( #2908, #9814, #3914 ) ) REPRESENTATION_CONTEXT ( 'NONE', 'WORKASPACE' ) );
#12318 = MECHANICAL_DESIGN_GEOMETRIC_PRESENTATION_REPRESENTATION (  '', ( #10328 ), #113 ) ;
#12319 = ORIENTED_EDGE ( 'NONE', *, *, #5895, .T. ) ;
#12320 = EDGE_CURVE ( 'NONE', #2275, #12042, #1436, .T. ) ;
#12321 = STYLED_ITEM ( 'NONE', ( #109 ), #7736 ) ;
#12322 = FILL_AREA_STYLE_COLOUR ( '', #1020 ) ;
#12323 = FACE_OUTER_BOUND ( 'NONE', #4516, .T. ) ;
#12324 = DIRECTION ( 'NONE',  ( 0.0000000000000000000, 1.000000000000000000, 0.0000000000000000000 ) ) ;
#12325 = EDGE_CURVE ( 'NONE', #11618, #1665, #9316, .T. ) ;
#12326 = CARTESIAN_POINT ( 'NONE',  ( -0.5693055000161476586, -0.05000000000000000278, 1.249999999999999112 ) ) ;
#12327 = LINE ( 'NONE', #12544, #4471 ) ;
#12328 = ORIENTED_EDGE ( 'NONE', *, *, #968, .T. ) ;
#12329 = ORIENTED_EDGE ( 'NONE', *, *, #11330, .T. ) ;
#12330 = DIRECTION ( 'NONE',  ( 1.000000000000000000, -0.0000000000000000000, -0.0000000000000000000 ) ) ;
#12331 = CARTESIAN_POINT ( 'NONE',  ( -1.599999999999999645, 0.0000000000000000000, 0.07500000000000017764 ) ) ;
#12332 = VECTOR ( 'NONE', #10003, 1000.000000000000000 ) ;
#12333 = ORIENTED_EDGE ( 'NONE', *, *, #5135, .T. ) ;
#12334 = VECTOR ( 'NONE', #2919, 1000.000000000000000 ) ;
#12335 = STYLED_ITEM ( 'NONE', ( #9366 ), #1833 ) ;
#12336 = CYLINDRICAL_SURFACE ( 'NONE', #10608, 0.09130182425276713032 ) ;
#12337 = UNCERTAINTY_MEASURE_WITH_UNIT (LENGTH_MEASURE( 1.000000000000000082E-05 ), #7566, 'distance_accuracy_value', 'NONE');
#12338 = MECHANICAL_DESIGN_GEOMETRIC_PRESENTATION_REPRESENTATION (  '', ( #10351 ), #130 ) ;
#12339 = DIRECTION ( 'NONE',  ( 1.000000000000000000, 0.0000000000000000000, -0.0000000000000000000 ) ) ;
#12340 = ADVANCED_FACE ( 'NONE', ( #3750 ), #3097, .T. ) ;
#12341 = EDGE_CURVE ( 'NONE', #8940, #10247, #150, .T. ) ;
#12342 = VERTEX_POINT ( 'NONE', #4161 ) ;
#12343 = FILL_AREA_STYLE ('',( #11339 ) ) ;
#12344 = ORIENTED_EDGE ( 'NONE', *, *, #4843, .F. ) ;
#12345 = CARTESIAN_POINT ( 'NONE',  ( 0.0000000000000000000, 0.1000000000000000056, -0.2000076143446563315 ) ) ;
#12346 = SURFACE_SIDE_STYLE ('',( #12016 ) ) ;
#12347 = ORIENTED_EDGE ( 'NONE', *, *, #2698, .T. ) ;
#12348 = AXIS2_PLACEMENT_3D ( 'NONE', #939, #7877, #1947 ) ;
#12349 = DIRECTION ( 'NONE',  ( 0.0000000000000000000, 0.0000000000000000000, 1.000000000000000000 ) ) ;
#12350 = VERTEX_POINT ( 'NONE', #2123 ) ;
#12351 = ORIENTED_EDGE ( 'NONE', *, *, #7497, .T. ) ;
#12352 = EDGE_LOOP ( 'NONE', ( #2339, #2643, #12360, #6314 ) ) ;
#12353 = UNCERTAINTY_MEASURE_WITH_UNIT (LENGTH_MEASURE( 1.000000000000000082E-05 ), #1827, 'distance_accuracy_value', 'NONE');
#12354 = CARTESIAN_POINT ( 'NONE',  ( 0.1160883464570598989, 0.1000000000000000056, 0.0000000000000000000 ) ) ;
#12355 = ORIENTED_EDGE ( 'NONE', *, *, #7554, .T. ) ;
#12356 = VECTOR ( 'NONE', #4006, 1000.000000000000000 ) ;
#12357 = VERTEX_POINT ( 'NONE', #6135 ) ;
#12358 = VECTOR ( 'NONE', #4511, 1000.000000000000000 ) ;
#12359 = VECTOR ( 'NONE', #1500, 1000.000000000000000 ) ;
#12360 = ORIENTED_EDGE ( 'NONE', *, *, #510, .F. ) ;
#12361 = AXIS2_PLACEMENT_3D ( 'NONE', #7991, #2072, #8971 ) ;
#12362 = EDGE_CURVE ( 'NONE', #8932, #10388, #2805, .T. ) ;
#12363 =( GEOMETRIC_REPRESENTATION_CONTEXT ( 3 ) GLOBAL_UNCERTAINTY_ASSIGNED_CONTEXT ( ( #12353 ) ) GLOBAL_UNIT_ASSIGNED_CONTEXT ( ( #1827, #8743, #2807 ) ) REPRESENTATION_CONTEXT ( 'NONE', 'WORKASPACE' ) );
#12364 = DIRECTION ( 'NONE',  ( -0.0000000000000000000, 0.0000000000000000000, -1.000000000000000000 ) ) ;
#12365 = DIRECTION ( 'NONE',  ( 1.000000000000000000, -0.0000000000000000000, 0.0000000000000000000 ) ) ;
#12366 = EDGE_LOOP ( 'NONE', ( #1386, #934, #904, #617 ) ) ;
#12367 = EDGE_LOOP ( 'NONE', ( #1373, #3417, #11225, #10801 ) ) ;
#12368 = PRESENTATION_STYLE_ASSIGNMENT (( #740 ) ) ;
#12369 = VERTEX_POINT ( 'NONE', #10058 ) ;
#12370 = COLOUR_RGB ( '',1.000000000000000000, 1.000000000000000000, 1.000000000000000000 ) ;
#12371 = CARTESIAN_POINT ( 'NONE',  ( 0.7912377610681550211, 0.0000000000000000000, -1.277681107331943622 ) ) ;
#12372 = ORIENTED_EDGE ( 'NONE', *, *, #4629, .T. ) ;
#12373 = LINE ( 'NONE', #6250, #4814 ) ;
#12375 = ORIENTED_EDGE ( 'NONE', *, *, #5577, .F. ) ;
#12374 =( NAMED_UNIT ( * ) SI_UNIT ( $, .STERADIAN. ) SOLID_ANGLE_UNIT ( ) );
#12376 =( LENGTH_UNIT ( ) NAMED_UNIT ( * ) SI_UNIT ( .MILLI., .METRE. ) );
#12377 = COLOUR_RGB ( '',0.2509803921568627416, 0.2509803921568627416, 0.2509803921568627416 ) ;
#12378 = COLOUR_RGB ( '',1.000000000000000000, 1.000000000000000000, 1.000000000000000000 ) ;
#12379 =( GEOMETRIC_REPRESENTATION_CONTEXT ( 3 ) GLOBAL_UNCERTAINTY_ASSIGNED_CONTEXT ( ( #12567 ) ) GLOBAL_UNIT_ASSIGNED_CONTEXT ( ( #3362, #10282, #4398 ) ) REPRESENTATION_CONTEXT ( 'NONE', 'WORKASPACE' ) );
#12380 = LINE ( 'NONE', #10870, #7127 ) ;
#12381 = DIRECTION ( 'NONE',  ( 1.000000000000000000, 0.0000000000000000000, 0.0000000000000000000 ) ) ;
#12382 = AXIS2_PLACEMENT_3D ( 'NONE', #237, #7192, #1259 ) ;
#12383 = EDGE_CURVE ( 'NONE', #12106, #3094, #7769, .T. ) ;
#12384 = PRESENTATION_STYLE_ASSIGNMENT (( #3410 ) ) ;
#12385 = CARTESIAN_POINT ( 'NONE',  ( 0.1650000000000009237, 0.1000000000000000056, 1.500000000000000000 ) ) ;
#12386 = ORIENTED_EDGE ( 'NONE', *, *, #2668, .T. ) ;
#12387 = FACE_OUTER_BOUND ( 'NONE', #7018, .T. ) ;
#12388 = VERTEX_POINT ( 'NONE', #11054 ) ;
#12389 = PRESENTATION_STYLE_ASSIGNMENT (( #5053 ) ) ;
#12390 = ORIENTED_EDGE ( 'NONE', *, *, #8742, .F. ) ;
#12391 = DIRECTION ( 'NONE',  ( -1.000000000000000000, 0.0000000000000000000, 0.0000000000000000000 ) ) ;
#12392 = CARTESIAN_POINT ( 'NONE',  ( 1.257124604555293956, -0.05000000000000000278, -0.1031605786060936225 ) ) ;
#12393 = VECTOR ( 'NONE', #3324, 1000.000000000000000 ) ;
#12394 = DIRECTION ( 'NONE',  ( -1.000000000000000000, 0.0000000000000000000, 0.0000000000000000000 ) ) ;
#12395 = DIRECTION ( 'NONE',  ( 0.0000000000000000000, 1.000000000000000000, -0.0000000000000000000 ) ) ;
#12396 = ADVANCED_FACE ( 'NONE', ( #2508 ), #5204, .T. ) ;
#12397 = AXIS2_PLACEMENT_3D ( 'NONE', #1873, #2729, #4099 ) ;
#12398 = VERTEX_POINT ( 'NONE', #12090 ) ;
#12399 = AXIS2_PLACEMENT_3D ( 'NONE', #11314, #10498, #10451 ) ;
#12400 =( NAMED_UNIT ( * ) SI_UNIT ( $, .STERADIAN. ) SOLID_ANGLE_UNIT ( ) );
#12401 = EDGE_CURVE ( 'NONE', #6427, #5656, #1587, .T. ) ;
#12402 = LINE ( 'NONE', #5930, #9451 ) ;
#12403 = MECHANICAL_DESIGN_GEOMETRIC_PRESENTATION_REPRESENTATION (  '', ( #11061 ), #182 ) ;
#12404 =( LENGTH_UNIT ( ) NAMED_UNIT ( * ) SI_UNIT ( .MILLI., .METRE. ) );
#12405 = VECTOR ( 'NONE', #12167, 1000.000000000000000 ) ;
#12406 =( NAMED_UNIT ( * ) SI_UNIT ( $, .STERADIAN. ) SOLID_ANGLE_UNIT ( ) );
#12408 = EDGE_LOOP ( 'NONE', ( #11968, #6554, #8124, #1933 ) ) ;
#12407 = PLANE ( 'NONE',  #3869 ) ;
#12409 = DIRECTION ( 'NONE',  ( 1.000000000000000000, -0.0000000000000000000, 0.0000000000000000000 ) ) ;
#12410 = CARTESIAN_POINT ( 'NONE',  ( 0.8189977282522473701, 0.1000000000000000056, -1.416874574924349872 ) ) ;
#12411 = SURFACE_STYLE_USAGE ( .BOTH. , #5506 ) ;
#12412 = VECTOR ( 'NONE', #12785, 1000.000000000000000 ) ;
#12413 = STYLED_ITEM ( 'NONE', ( #9063 ), #1312 ) ;
#12414 =( GEOMETRIC_REPRESENTATION_CONTEXT ( 3 ) GLOBAL_UNCERTAINTY_ASSIGNED_CONTEXT ( ( #2602 ) ) GLOBAL_UNIT_ASSIGNED_CONTEXT ( ( #3255, #10164, #4272 ) ) REPRESENTATION_CONTEXT ( 'NONE', 'WORKASPACE' ) );
#12415 = STYLED_ITEM ( 'NONE', ( #1248 ), #3454 ) ;
#12416 = ORIENTED_EDGE ( 'NONE', *, *, #7854, .T. ) ;
#12417 = EDGE_CURVE ( 'NONE', #5541, #11019, #4228, .T. ) ;
#12418 = ORIENTED_EDGE ( 'NONE', *, *, #1824, .F. ) ;
#12419 = VERTEX_POINT ( 'NONE', #5256 ) ;
#12420 = CARTESIAN_POINT ( 'NONE',  ( -1.540045451220497963, 0.1000000000000000056, -0.1083811245156857395 ) ) ;
#12421 = STYLED_ITEM ( 'NONE', ( #7692 ), #8181 ) ;
#12422 = ORIENTED_EDGE ( 'NONE', *, *, #11451, .T. ) ;
#12423 = UNCERTAINTY_MEASURE_WITH_UNIT (LENGTH_MEASURE( 1.000000000000000082E-05 ), #2318, 'distance_accuracy_value', 'NONE');
#12424 = CARTESIAN_POINT ( 'NONE',  ( 0.0000000000000000000, 0.0000000000000000000, -1.500000000000000000 ) ) ;
#12425 = EDGE_LOOP ( 'NONE', ( #2766, #2461, #2170, #1703 ) ) ;
#12426 = SURFACE_SIDE_STYLE ('',( #8158 ) ) ;
#12427 = SURFACE_STYLE_USAGE ( .BOTH. , #5522 ) ;
#12428 = CARTESIAN_POINT ( 'NONE',  ( -1.197916575926319283, 0.1000000000000000056, 0.2000076143446563315 ) ) ;
#12429 = PLANE ( 'NONE',  #7443 ) ;
#12430 = MECHANICAL_DESIGN_GEOMETRIC_PRESENTATION_REPRESENTATION (  '', ( #11097 ), #216 ) ;
#12431 = EDGE_CURVE ( 'NONE', #12452, #1788, #3908, .T. ) ;
#12432 =( NAMED_UNIT ( * ) SI_UNIT ( $, .STERADIAN. ) SOLID_ANGLE_UNIT ( ) );
#12433 = EDGE_CURVE ( 'NONE', #8577, #1677, #6525, .T. ) ;
#12434 = CARTESIAN_POINT ( 'NONE',  ( 1.197916575926319283, 0.1000000000000000056, 0.2000076143446563315 ) ) ;
#12435 =( NAMED_UNIT ( * ) PLANE_ANGLE_UNIT ( ) SI_UNIT ( $, .RADIAN. ) );
#12436 = ORIENTED_EDGE ( 'NONE', *, *, #268, .T. ) ;
#12437 = EDGE_LOOP ( 'NONE', ( #9645, #11987, #9359, #10294 ) ) ;
#12438 = SURFACE_STYLE_FILL_AREA ( #12253 ) ;
#12439 = STYLED_ITEM ( 'NONE', ( #1365 ), #9104 ) ;
#12440 = FILL_AREA_STYLE ('',( #8465 ) ) ;
#12441 = SURFACE_STYLE_USAGE ( .BOTH. , #576 ) ;
#12442 = FILL_AREA_STYLE_COLOUR ( '', #6977 ) ;
#12443 = EDGE_LOOP ( 'NONE', ( #7365, #10272, #5543, #253, #4806, #11688, #6540, #7484 ) ) ;
#12444 = DIRECTION ( 'NONE',  ( 0.0000000000000000000, -1.000000000000000000, 0.0000000000000000000 ) ) ;
#12445 = EDGE_LOOP ( 'NONE', ( #1678, #2009, #2294, #2742 ) ) ;
#12446 =( NAMED_UNIT ( * ) SI_UNIT ( $, .STERADIAN. ) SOLID_ANGLE_UNIT ( ) );
#12447 = MECHANICAL_DESIGN_GEOMETRIC_PRESENTATION_REPRESENTATION (  '', ( #9788 ), #242 ) ;
#12448 = ADVANCED_FACE ( 'NONE', ( #6848 ), #1320, .T. ) ;
#12449 = STYLED_ITEM ( 'NONE', ( #6022 ), #5109 ) ;
#12450 = SURFACE_SIDE_STYLE ('',( #99 ) ) ;
#12451 = SURFACE_SIDE_STYLE ('',( #9829 ) ) ;
#12452 = VERTEX_POINT ( 'NONE', #12136 ) ;
#12453 = CARTESIAN_POINT ( 'NONE',  ( -1.503448366991380070, 0.1322596897459550613, 1.305285648646613783 ) ) ;
#12454 = CARTESIAN_POINT ( 'NONE',  ( 0.0000000000000000000, 0.1000000000000000056, -0.3999999999999976907 ) ) ;
#12455 = LINE ( 'NONE', #8200, #10130 ) ;
#12456 = LINE ( 'NONE', #12689, #7209 ) ;
#12457 = DIRECTION ( 'NONE',  ( -1.000000000000000000, 0.0000000000000000000, 0.0000000000000000000 ) ) ;
#12458 = LINE ( 'NONE', #12008, #4909 ) ;
#12459 = ADVANCED_FACE ( 'NONE', ( #2664 ), #1377, .F. ) ;
#12460 = CARTESIAN_POINT ( 'NONE',  ( 0.1650000000000009237, 0.0000000000000000000, -1.416874574924349872 ) ) ;
#12461 = DIRECTION ( 'NONE',  ( 0.0000000000000000000, 0.0000000000000000000, -1.000000000000000000 ) ) ;
#12462 = EDGE_LOOP ( 'NONE', ( #5757, #4901, #12638, #7965 ) ) ;
#12463 = DIRECTION ( 'NONE',  ( 1.000000000000000000, -0.0000000000000000000, 0.0000000000000000000 ) ) ;
#12465 = EDGE_CURVE ( 'NONE', #1788, #3094, #4396, .T. ) ;
#12464 = DIRECTION ( 'NONE',  ( 0.0000000000000000000, 0.0000000000000000000, 1.000000000000000000 ) ) ;
#12466 = FILL_AREA_STYLE_COLOUR ( '', #2130 ) ;
#12467 = EDGE_CURVE ( 'NONE', #2593, #761, #6996, .T. ) ;
#12468 = LINE ( 'NONE', #8747, #7218 ) ;
#12469 = VECTOR ( 'NONE', #1573, 1000.000000000000000 ) ;
#12470 = AXIS2_PLACEMENT_3D ( 'NONE', #9630, #3712, #10616 ) ;
#12471 = CARTESIAN_POINT ( 'NONE',  ( 0.7399140984642225138, 0.1000000000000000056, 1.276162611327208873 ) ) ;
#12472 =( LENGTH_UNIT ( ) NAMED_UNIT ( * ) SI_UNIT ( .MILLI., .METRE. ) );
#12473 = ORIENTED_EDGE ( 'NONE', *, *, #9429, .F. ) ;
#12474 = PRESENTATION_STYLE_ASSIGNMENT (( #8331 ) ) ;
#12475 = DIRECTION ( 'NONE',  ( 0.0000000000000000000, 0.0000000000000000000, 1.000000000000000000 ) ) ;
#12476 = AXIS2_PLACEMENT_3D ( 'NONE', #5026, #6818, #12651 ) ;
#12477 = STYLED_ITEM ( 'NONE', ( #2924 ), #9874 ) ;
#12478 = PRESENTATION_LAYER_ASSIGNMENT (  '', '', ( #11155 ) ) ;
#12479 = ORIENTED_EDGE ( 'NONE', *, *, #7630, .T. ) ;
#12480 = EDGE_CURVE ( 'NONE', #11202, #759, #9618, .T. ) ;
#12481 = VERTEX_POINT ( 'NONE', #1427 ) ;
#12482 = PRESENTATION_STYLE_ASSIGNMENT (( #2056 ) ) ;
#12483 = ORIENTED_EDGE ( 'NONE', *, *, #7098, .T. ) ;
#12484 = VECTOR ( 'NONE', #7006, 1000.000000000000000 ) ;
#12485 = CARTESIAN_POINT ( 'NONE',  ( 0.1090647362923319458, -0.05000000000000000278, 1.375493264616636457 ) ) ;
#12486 = ORIENTED_EDGE ( 'NONE', *, *, #9530, .T. ) ;
#12487 =( NAMED_UNIT ( * ) PLANE_ANGLE_UNIT ( ) SI_UNIT ( $, .RADIAN. ) );
#12488 = DIRECTION ( 'NONE',  ( -1.000000000000000000, 0.0000000000000000000, 0.0000000000000000000 ) ) ;
#12489 = EDGE_CURVE ( 'NONE', #2715, #11877, #1724, .T. ) ;
#12490 = UNCERTAINTY_MEASURE_WITH_UNIT (LENGTH_MEASURE( 1.000000000000000082E-05 ), #2034, 'distance_accuracy_value', 'NONE');
#12491 = CARTESIAN_POINT ( 'NONE',  ( 0.0000000000000000000, 0.0000000000000000000, 1.249999999999999112 ) ) ;
#12492 = ORIENTED_EDGE ( 'NONE', *, *, #10409, .T. ) ;
#12493 = COLOUR_RGB ( '',1.000000000000000000, 1.000000000000000000, 1.000000000000000000 ) ;
#12494 = ORIENTED_EDGE ( 'NONE', *, *, #11392, .F. ) ;
#12495 = DIRECTION ( 'NONE',  ( 0.0000000000000000000, 1.000000000000000000, 0.0000000000000000000 ) ) ;
#12496 = DIRECTION ( 'NONE',  ( 0.0000000000000000000, 0.0000000000000000000, 1.000000000000000000 ) ) ;
#12497 = ORIENTED_EDGE ( 'NONE', *, *, #12467, .F. ) ;
#12498 = LINE ( 'NONE', #4675, #12190 ) ;
#12499 = LINE ( 'NONE', #6660, #4951 ) ;
#12500 = SURFACE_STYLE_FILL_AREA ( #2752 ) ;
#12501 = ORIENTED_EDGE ( 'NONE', *, *, #12549, .F. ) ;
#12502 = DIRECTION ( 'NONE',  ( 0.0000000000000000000, 0.0000000000000000000, 1.000000000000000000 ) ) ;
#12503 = ORIENTED_EDGE ( 'NONE', *, *, #343, .F. ) ;
#12504 = SURFACE_STYLE_FILL_AREA ( #8114 ) ;
#12505 = SURFACE_STYLE_USAGE ( .BOTH. , #5608 ) ;
#12506 = EDGE_CURVE ( 'NONE', #7032, #4704, #6672, .T. ) ;
#12507 = SURFACE_STYLE_USAGE ( .BOTH. , #5609 ) ;
#12508 = VERTEX_POINT ( 'NONE', #5585 ) ;
#12509 = SURFACE_STYLE_FILL_AREA ( #11416 ) ;
#12510 = UNCERTAINTY_MEASURE_WITH_UNIT (LENGTH_MEASURE( 1.000000000000000082E-05 ), #8815, 'distance_accuracy_value', 'NONE');
#12511 = DIRECTION ( 'NONE',  ( 0.0000000000000000000, 0.0000000000000000000, 1.000000000000000000 ) ) ;
#12512 =( NAMED_UNIT ( * ) SI_UNIT ( $, .STERADIAN. ) SOLID_ANGLE_UNIT ( ) );
#12513 = COLOUR_RGB ( '',1.000000000000000000, 1.000000000000000000, 1.000000000000000000 ) ;
#12514 = VECTOR ( 'NONE', #2858, 1000.000000000000000 ) ;
#12515 = CARTESIAN_POINT ( 'NONE',  ( -1.134999999999999787, 0.1000000000000000056, 1.500000000000000000 ) ) ;
#12516 =( GEOMETRIC_REPRESENTATION_CONTEXT ( 3 ) GLOBAL_UNCERTAINTY_ASSIGNED_CONTEXT ( ( #5163 ) ) GLOBAL_UNIT_ASSIGNED_CONTEXT ( ( #8467, #2540, #9458 ) ) REPRESENTATION_CONTEXT ( 'NONE', 'WORKASPACE' ) );
#12517 = DIRECTION ( 'NONE',  ( 0.0000000000000000000, 1.000000000000000000, -0.0000000000000000000 ) ) ;
#12518 = ORIENTED_EDGE ( 'NONE', *, *, #3175, .T. ) ;
#12519 = ORIENTED_EDGE ( 'NONE', *, *, #2180, .T. ) ;
#12520 = SURFACE_STYLE_FILL_AREA ( #8602 ) ;
#12521 = CARTESIAN_POINT ( 'NONE',  ( 1.507075080061872185, 0.0000000000000000000, -0.1031605786060936225 ) ) ;
#12522 = LINE ( 'NONE', #9116, #2015 ) ;
#12523 = SURFACE_STYLE_USAGE ( .BOTH. , #10225 ) ;
#12524 = ORIENTED_EDGE ( 'NONE', *, *, #11986, .T. ) ;
#12525 = DIRECTION ( 'NONE',  ( 0.0000000000000000000, 0.0000000000000000000, -1.000000000000000000 ) ) ;
#12526 = CARTESIAN_POINT ( 'NONE',  ( -1.134999999999998010, -0.05000000000000000278, -0.3161628721251190655 ) ) ;
#12527 = AXIS2_PLACEMENT_3D ( 'NONE', #506, #7463, #11431 ) ;
#12528 = ORIENTED_EDGE ( 'NONE', *, *, #10054, .F. ) ;
#12529 = PRESENTATION_LAYER_ASSIGNMENT (  '', '', ( #11191 ) ) ;
#12530 = FILL_AREA_STYLE_COLOUR ( '', #6465 ) ;
#12531 = ORIENTED_EDGE ( 'NONE', *, *, #685, .T. ) ;
#12532 = EDGE_LOOP ( 'NONE', ( #7234, #6922, #703, #10479 ) ) ;
#12533 = FILL_AREA_STYLE_COLOUR ( '', #3412 ) ;
#12534 = SURFACE_STYLE_FILL_AREA ( #2840 ) ;
#12535 = CARTESIAN_POINT ( 'NONE',  ( -1.135000000000004894, 0.1000000000000000056, -2.485305147012454610E-14 ) ) ;
#12536 =( LENGTH_UNIT ( ) NAMED_UNIT ( * ) SI_UNIT ( .MILLI., .METRE. ) );
#12537 = CARTESIAN_POINT ( 'NONE',  ( 1.257124604555293956, 0.1000000000000000056, 0.1031605786060936225 ) ) ;
#12538 = ORIENTED_EDGE ( 'NONE', *, *, #8555, .T. ) ;
#12539 = VECTOR ( 'NONE', #7412, 1000.000000000000000 ) ;
#12540 = DIRECTION ( 'NONE',  ( -1.000000000000000000, 0.0000000000000000000, 0.0000000000000000000 ) ) ;
#12541 = FILL_AREA_STYLE_COLOUR ( '', #6316 ) ;
#12542 = PRESENTATION_LAYER_ASSIGNMENT (  '', '', ( #11206 ) ) ;
#12543 = CARTESIAN_POINT ( 'NONE',  ( -0.1060883464570583357, -0.05000000000000000278, 1.276162611327208651 ) ) ;
#12544 = CARTESIAN_POINT ( 'NONE',  ( 0.0000000000000000000, 0.1000000000000000056, -1.416874574924349872 ) ) ;
#12545 = MECHANICAL_DESIGN_GEOMETRIC_PRESENTATION_REPRESENTATION (  '', ( #11207 ), #341 ) ;
#12546 = EDGE_CURVE ( 'NONE', #5013, #2141, #4058, .T. ) ;
#12547 = VECTOR ( 'NONE', #7997, 1000.000000000000000 ) ;
#12548 = SURFACE_SIDE_STYLE ('',( #11747 ) ) ;
#12549 = EDGE_CURVE ( 'NONE', #2905, #8100, #11614, .T. ) ;
#12550 = LINE ( 'NONE', #3031, #7610 ) ;
#12551 = FACE_OUTER_BOUND ( 'NONE', #7339, .T. ) ;
#12552 = AXIS2_PLACEMENT_3D ( 'NONE', #12778, #12829, #3983 ) ;
#12553 = DIRECTION ( 'NONE',  ( 0.0000000000000000000, -1.000000000000000000, 0.0000000000000000000 ) ) ;
#12554 =( NAMED_UNIT ( * ) SI_UNIT ( $, .STERADIAN. ) SOLID_ANGLE_UNIT ( ) );
#12555 = SURFACE_STYLE_FILL_AREA ( #124 ) ;
#12556 = PLANE ( 'NONE',  #12066 ) ;
#12557 = VECTOR ( 'NONE', #1982, 1000.000000000000000 ) ;
#12558 =( LENGTH_UNIT ( ) NAMED_UNIT ( * ) SI_UNIT ( .MILLI., .METRE. ) );
#12559 = VERTEX_POINT ( 'NONE', #9536 ) ;
#12560 = PRESENTATION_STYLE_ASSIGNMENT (( #1657 ) ) ;
#12561 = SURFACE_STYLE_USAGE ( .BOTH. , #2995 ) ;
#12562 =( GEOMETRIC_REPRESENTATION_CONTEXT ( 3 ) GLOBAL_UNCERTAINTY_ASSIGNED_CONTEXT ( ( #7336 ) ) GLOBAL_UNIT_ASSIGNED_CONTEXT ( ( #1314, #1244, #1139 ) ) REPRESENTATION_CONTEXT ( 'NONE', 'WORKASPACE' ) );
#12563 = SURFACE_STYLE_USAGE ( .BOTH. , #12596 ) ;
#12564 = ORIENTED_EDGE ( 'NONE', *, *, #2203, .F. ) ;
#12565 = CARTESIAN_POINT ( 'NONE',  ( 0.0000000000000000000, 0.1000000000000000056, -0.2000076143446563315 ) ) ;
#12566 = AXIS2_PLACEMENT_3D ( 'NONE', #1950, #8866, #2934 ) ;
#12567 = UNCERTAINTY_MEASURE_WITH_UNIT (LENGTH_MEASURE( 1.000000000000000082E-05 ), #3362, 'distance_accuracy_value', 'NONE');
#12568 = VERTEX_POINT ( 'NONE', #12526 ) ;
#12569 =( NAMED_UNIT ( * ) SI_UNIT ( $, .STERADIAN. ) SOLID_ANGLE_UNIT ( ) );
#12570 = VECTOR ( 'NONE', #648, 1000.000000000000000 ) ;
#12571 = CIRCLE ( 'NONE', #7943, 0.03338112451568553407 ) ;
#12572 = FILL_AREA_STYLE ('',( #8598 ) ) ;
#12573 = ORIENTED_EDGE ( 'NONE', *, *, #3132, .F. ) ;
#12574 =( NAMED_UNIT ( * ) PLANE_ANGLE_UNIT ( ) SI_UNIT ( $, .RADIAN. ) );
#12575 = ADVANCED_FACE ( 'NONE', ( #1088 ), #10538, .T. ) ;
#12576 = STYLED_ITEM ( 'NONE', ( #12474 ), #1762 ) ;
#12577 =( GEOMETRIC_REPRESENTATION_CONTEXT ( 3 ) GLOBAL_UNCERTAINTY_ASSIGNED_CONTEXT ( ( #6327 ) ) GLOBAL_UNIT_ASSIGNED_CONTEXT ( ( #867, #4190, #742 ) ) REPRESENTATION_CONTEXT ( 'NONE', 'WORKASPACE' ) );
#12578 = CARTESIAN_POINT ( 'NONE',  ( 1.599999999999999645, 0.1000000000000000056, 0.07500000000000017764 ) ) ;
#12579 = UNCERTAINTY_MEASURE_WITH_UNIT (LENGTH_MEASURE( 1.000000000000000082E-05 ), #11722, 'distance_accuracy_value', 'NONE');
#12580 = VERTEX_POINT ( 'NONE', #1679 ) ;
#12581 =( NAMED_UNIT ( * ) SI_UNIT ( $, .STERADIAN. ) SOLID_ANGLE_UNIT ( ) );
#12582 = CARTESIAN_POINT ( 'NONE',  ( 1.257124604555293734, -0.05000000000000000278, 0.1623686072350682963 ) ) ;
#12583 = CARTESIAN_POINT ( 'NONE',  ( -1.650000000000000355, -0.05000000000000000278, -0.07500000000000017764 ) ) ;
#12584 = CIRCLE ( 'NONE', #1780, 0.09130182425276713032 ) ;
#12585 = SURFACE_STYLE_USAGE ( .BOTH. , #5689 ) ;
#12586 = VERTEX_POINT ( 'NONE', #1716 ) ;
#12588 = ADVANCED_FACE ( 'NONE', ( #5157 ), #2707, .T. ) ;
#12587 = DIRECTION ( 'NONE',  ( 0.0000000000000000000, 1.000000000000000000, 0.0000000000000000000 ) ) ;
#12589 = DIRECTION ( 'NONE',  ( -0.9816271834476636426, -0.1908089953765462476, 0.0000000000000000000 ) ) ;
#12590 = AXIS2_PLACEMENT_3D ( 'NONE', #11105, #5210, #12096 ) ;
#12591 = EDGE_CURVE ( 'NONE', #3100, #5820, #9452, .T. ) ;
#12592 = FILL_AREA_STYLE ('',( #3697 ) ) ;
#12593 = LINE ( 'NONE', #12156, #7337 ) ;
#12594 = ORIENTED_EDGE ( 'NONE', *, *, #11851, .T. ) ;
#12595 = CIRCLE ( 'NONE', #7643, 0.1000000000000000472 ) ;
#12596 = SURFACE_SIDE_STYLE ('',( #2046 ) ) ;
#12597 = VECTOR ( 'NONE', #7221, 1000.000000000000000 ) ;
#12598 = FILL_AREA_STYLE ('',( #10613 ) ) ;
#12599 = DIRECTION ( 'NONE',  ( 0.0000000000000000000, -1.000000000000000000, 0.0000000000000000000 ) ) ;
#12600 = CARTESIAN_POINT ( 'NONE',  ( -1.507075080061872185, -0.05000000000000000278, -0.1031605786060936225 ) ) ;
#12601 = ORIENTED_EDGE ( 'NONE', *, *, #6281, .T. ) ;
#12602 = SURFACE_STYLE_USAGE ( .BOTH. , #8286 ) ;
#12603 = PRESENTATION_LAYER_ASSIGNMENT (  '', '', ( #11289 ) ) ;
#12604 = PLANE ( 'NONE',  #3339 ) ;
#12605 = CARTESIAN_POINT ( 'NONE',  ( -1.499999999999999778, 0.1499999999999999944, 1.399999999999999911 ) ) ;
#12606 = FACE_OUTER_BOUND ( 'NONE', #7686, .T. ) ;
#12607 = DIRECTION ( 'NONE',  ( 0.0000000000000000000, 0.0000000000000000000, 1.000000000000000000 ) ) ;
#12608 = DIRECTION ( 'NONE',  ( 1.000000000000000000, 0.0000000000000000000, 0.0000000000000000000 ) ) ;
#12609 = PRESENTATION_STYLE_ASSIGNMENT (( #6239 ) ) ;
#12610 = ORIENTED_EDGE ( 'NONE', *, *, #2667, .F. ) ;
#12611 = CARTESIAN_POINT ( 'NONE',  ( 0.1650000000000009237, 0.1000000000000000056, 1.649999999999999467 ) ) ;
#12612 = DIRECTION ( 'NONE',  ( 1.000000000000000000, -0.0000000000000000000, 0.0000000000000000000 ) ) ;
#12613 = FILL_AREA_STYLE ('',( #10223 ) ) ;
#12614 = STYLED_ITEM ( 'NONE', ( #8419 ), #456 ) ;
#12615 = DIRECTION ( 'NONE',  ( 0.0000000000000000000, 0.0000000000000000000, 1.000000000000000000 ) ) ;
#12616 = CARTESIAN_POINT ( 'NONE',  ( 1.650000000000000355, -0.05000000000000000278, 0.0000000000000000000 ) ) ;
#12617 = CIRCLE ( 'NONE', #5166, 0.03338112451568553407 ) ;
#12618 = VECTOR ( 'NONE', #8093, 1000.000000000000000 ) ;
#12619 = MECHANICAL_DESIGN_GEOMETRIC_PRESENTATION_REPRESENTATION (  '', ( #10641 ), #444 ) ;
#12620 = CARTESIAN_POINT ( 'NONE',  ( -1.042656287931754022, 0.1000000000000000056, -0.3999999999999976907 ) ) ;
#12621 = ORIENTED_EDGE ( 'NONE', *, *, #3936, .F. ) ;
#12622 = VERTEX_POINT ( 'NONE', #8681 ) ;
#12623 = EDGE_LOOP ( 'NONE', ( #5097, #12022, #85, #2457 ) ) ;
#12624 = EDGE_CURVE ( 'NONE', #9321, #2519, #4220, .T. ) ;
#12625 = COLOUR_RGB ( '',1.000000000000000000, 1.000000000000000000, 1.000000000000000000 ) ;
#12626 = EDGE_LOOP ( 'NONE', ( #9024, #9448, #5531, #5295 ) ) ;
#12627 = CARTESIAN_POINT ( 'NONE',  ( 0.0000000000000000000, 0.1000000000000000056, 0.0000000000000000000 ) ) ;
#12628 = LINE ( 'NONE', #4021, #12332 ) ;
#12629 =( GEOMETRIC_REPRESENTATION_CONTEXT ( 3 ) GLOBAL_UNCERTAINTY_ASSIGNED_CONTEXT ( ( #11003 ) ) GLOBAL_UNIT_ASSIGNED_CONTEXT ( ( #262, #7210, #1277 ) ) REPRESENTATION_CONTEXT ( 'NONE', 'WORKASPACE' ) );
#12630 = CYLINDRICAL_SURFACE ( 'NONE', #7994, 0.03693314907479819387 ) ;
#12631 =( NAMED_UNIT ( * ) PLANE_ANGLE_UNIT ( ) SI_UNIT ( $, .RADIAN. ) );
#12632 = FILL_AREA_STYLE ('',( #5 ) ) ;
#12633 = VERTEX_POINT ( 'NONE', #11647 ) ;
#12634 = PRESENTATION_STYLE_ASSIGNMENT (( #4375 ) ) ;
#12635 = ORIENTED_EDGE ( 'NONE', *, *, #8332, .T. ) ;
#12636 = CYLINDRICAL_SURFACE ( 'NONE', #11024, 0.02617424799283601944 ) ;
#12637 = ORIENTED_EDGE ( 'NONE', *, *, #8217, .T. ) ;
#12638 = ORIENTED_EDGE ( 'NONE', *, *, #8328, .T. ) ;
#12639 = DIRECTION ( 'NONE',  ( -1.000000000000000000, 0.0000000000000000000, 0.0000000000000000000 ) ) ;
#12640 = PRESENTATION_LAYER_ASSIGNMENT (  '', '', ( #11325 ) ) ;
#12641 = UNCERTAINTY_MEASURE_WITH_UNIT (LENGTH_MEASURE( 1.000000000000000082E-05 ), #4532, 'distance_accuracy_value', 'NONE');
#12642 = DIRECTION ( 'NONE',  ( -1.000000000000000000, 0.0000000000000000000, -0.0000000000000000000 ) ) ;
#12643 =( GEOMETRIC_REPRESENTATION_CONTEXT ( 3 ) GLOBAL_UNCERTAINTY_ASSIGNED_CONTEXT ( ( #6246 ) ) GLOBAL_UNIT_ASSIGNED_CONTEXT ( ( #10877, #4979, #11852 ) ) REPRESENTATION_CONTEXT ( 'NONE', 'WORKASPACE' ) );
#12644 = STYLED_ITEM ( 'NONE', ( #10679 ), #3377 ) ;
#12645 = PRESENTATION_STYLE_ASSIGNMENT (( #4100 ) ) ;
#12646 = EDGE_CURVE ( 'NONE', #5174, #2506, #12077, .T. ) ;
#12647 = VERTEX_POINT ( 'NONE', #9624 ) ;
#12648 = ORIENTED_EDGE ( 'NONE', *, *, #3916, .T. ) ;
#12649 = LINE ( 'NONE', #2991, #5113 ) ;
#12650 = ADVANCED_FACE ( 'NONE', ( #11769 ), #2783, .T. ) ;
#12651 = DIRECTION ( 'NONE',  ( 0.0000000000000000000, 0.0000000000000000000, -1.000000000000000000 ) ) ;
#12652 = VECTOR ( 'NONE', #2594, 1000.000000000000000 ) ;
#12654 = ORIENTED_EDGE ( 'NONE', *, *, #599, .F. ) ;
#12653 = SURFACE_SIDE_STYLE ('',( #10174 ) ) ;
#12655 = PRESENTATION_LAYER_ASSIGNMENT (  '', '', ( #11333 ) ) ;
#12656 = PRESENTATION_LAYER_ASSIGNMENT (  '', '', ( #11334 ) ) ;
#12657 = CARTESIAN_POINT ( 'NONE',  ( 0.4949999999999992184, 0.1000000000000000056, 1.375493264616636679 ) ) ;
#12658 = CARTESIAN_POINT ( 'NONE',  ( 0.1650000000000009237, 0.0000000000000000000, -0.0000000000000000000 ) ) ;
#12659 = ORIENTED_EDGE ( 'NONE', *, *, #4317, .T. ) ;
#12660 = DIRECTION ( 'NONE',  ( -1.000000000000000000, 0.0000000000000000000, 0.0000000000000000000 ) ) ;
#12661 = UNCERTAINTY_MEASURE_WITH_UNIT (LENGTH_MEASURE( 1.000000000000000082E-05 ), #593, 'distance_accuracy_value', 'NONE');
#12662 = CARTESIAN_POINT ( 'NONE',  ( -0.7912377610681550211, -0.05000000000000000278, -1.416874574924349872 ) ) ;
#12663 = SURFACE_STYLE_FILL_AREA ( #12592 ) ;
#12664 = DIRECTION ( 'NONE',  ( -0.0000000000000000000, 0.0000000000000000000, 1.000000000000000000 ) ) ;
#12665 = ORIENTED_EDGE ( 'NONE', *, *, #3640, .F. ) ;
#12666 = ORIENTED_EDGE ( 'NONE', *, *, #976, .T. ) ;
#12667 = ORIENTED_EDGE ( 'NONE', *, *, #8924, .T. ) ;
#12668 =( GEOMETRIC_REPRESENTATION_CONTEXT ( 3 ) GLOBAL_UNCERTAINTY_ASSIGNED_CONTEXT ( ( #7998 ) ) GLOBAL_UNIT_ASSIGNED_CONTEXT ( ( #10468, #4591, #11466 ) ) REPRESENTATION_CONTEXT ( 'NONE', 'WORKASPACE' ) );
#12669 = EDGE_CURVE ( 'NONE', #11645, #5302, #6681, .T. ) ;
#12670 = DIRECTION ( 'NONE',  ( -1.000000000000000000, 0.0000000000000000000, 0.0000000000000000000 ) ) ;
#12671 = EDGE_CURVE ( 'NONE', #3185, #82, #11626, .T. ) ;
#12672 =( NAMED_UNIT ( * ) PLANE_ANGLE_UNIT ( ) SI_UNIT ( $, .RADIAN. ) );
#12673 = VECTOR ( 'NONE', #3981, 1000.000000000000000 ) ;
#12674 = FILL_AREA_STYLE_COLOUR ( '', #7905 ) ;
#12675 =( NAMED_UNIT ( * ) SI_UNIT ( $, .STERADIAN. ) SOLID_ANGLE_UNIT ( ) );
#12676 = CARTESIAN_POINT ( 'NONE',  ( 0.0000000000000000000, 0.1000000000000000056, -1.199999999999999289 ) ) ;
#12677 = LINE ( 'NONE', #1366, #4823 ) ;
#12678 = ORIENTED_EDGE ( 'NONE', *, *, #1493, .F. ) ;
#12679 = VERTEX_POINT ( 'NONE', #10741 ) ;
#12680 = FILL_AREA_STYLE_COLOUR ( '', #8295 ) ;
#12681 = PLANE ( 'NONE',  #7349 ) ;
#12682 = STYLED_ITEM ( 'NONE', ( #8724 ), #11856 ) ;
#12683 = PRESENTATION_LAYER_ASSIGNMENT (  '', '', ( #495 ) ) ;
#12684 = FILL_AREA_STYLE ('',( #8721 ) ) ;
#12685 = ORIENTED_EDGE ( 'NONE', *, *, #3104, .F. ) ;
#12686 = ORIENTED_EDGE ( 'NONE', *, *, #12180, .T. ) ;
#12687 = SURFACE_STYLE_USAGE ( .BOTH. , #5801 ) ;
#12688 = LINE ( 'NONE', #8978, #12405 ) ;
#12689 = CARTESIAN_POINT ( 'NONE',  ( -1.389381878823499283, 0.7190808995376545276, 1.399999999999999911 ) ) ;
#12690 = CYLINDRICAL_SURFACE ( 'NONE', #12129, 0.02617424799283601944 ) ;
#12691 = PLANE ( 'NONE',  #8889 ) ;
#12692 = CARTESIAN_POINT ( 'NONE',  ( 1.257124604555293734, 0.1000000000000000056, -0.1623686072350682963 ) ) ;
#12693 = ADVANCED_FACE ( 'NONE', ( #6384 ), #1845, .T. ) ;
#12694 = CARTESIAN_POINT ( 'NONE',  ( -0.5509352637076680992, 0.1000000000000000056, 1.375493264616636457 ) ) ;
#12695 = MECHANICAL_DESIGN_GEOMETRIC_PRESENTATION_REPRESENTATION (  '', ( #11381 ), #508 ) ;
#12696 = EDGE_CURVE ( 'NONE', #3520, #378, #8085, .T. ) ;
#12697 = FILL_AREA_STYLE_COLOUR ( '', #3174 ) ;
#12698 = EDGE_CURVE ( 'NONE', #2441, #11358, #5467, .T. ) ;
#12699 = PRESENTATION_STYLE_ASSIGNMENT (( #1247 ) ) ;
#12700 = LINE ( 'NONE', #2423, #12412 ) ;
#12701 = STYLED_ITEM ( 'NONE', ( #5452 ), #6674 ) ;
#12702 = ADVANCED_FACE ( 'NONE', ( #479 ), #930, .T. ) ;
#12703 = SURFACE_STYLE_USAGE ( .BOTH. , #5811 ) ;
#12704 = EDGE_CURVE ( 'NONE', #5195, #12369, #12086, .T. ) ;
#12705 = PLANE ( 'NONE',  #4845 ) ;
#12706 = ORIENTED_EDGE ( 'NONE', *, *, #1699, .F. ) ;
#12707 = CARTESIAN_POINT ( 'NONE',  ( -1.162759967184092247, 0.1000000000000000056, -1.277681107331943622 ) ) ;
#12708 = DIRECTION ( 'NONE',  ( 0.0000000000000000000, -1.000000000000000000, 0.0000000000000000000 ) ) ;
#12709 = PLANE ( 'NONE',  #5074 ) ;
#12711 = ADVANCED_FACE ( 'NONE', ( #7156 ), #6, .T. ) ;
#12710 =( NAMED_UNIT ( * ) SI_UNIT ( $, .STERADIAN. ) SOLID_ANGLE_UNIT ( ) );
#12712 = EDGE_LOOP ( 'NONE', ( #9799, #6882, #10579, #8415 ) ) ;
#12713 = FACE_OUTER_BOUND ( 'NONE', #3409, .T. ) ;
#12714 = UNCERTAINTY_MEASURE_WITH_UNIT (LENGTH_MEASURE( 1.000000000000000082E-05 ), #1016, 'distance_accuracy_value', 'NONE');
#12715 = DIRECTION ( 'NONE',  ( 0.0000000000000000000, 0.0000000000000000000, -1.000000000000000000 ) ) ;
#12716 =( GEOMETRIC_REPRESENTATION_CONTEXT ( 3 ) GLOBAL_UNCERTAINTY_ASSIGNED_CONTEXT ( ( #7119 ) ) GLOBAL_UNIT_ASSIGNED_CONTEXT ( ( #6653, #12574, #5666 ) ) REPRESENTATION_CONTEXT ( 'NONE', 'WORKASPACE' ) );
#12717 = DIRECTION ( 'NONE',  ( 0.0000000000000000000, 0.0000000000000000000, 1.000000000000000000 ) ) ;
#12718 = MECHANICAL_DESIGN_GEOMETRIC_PRESENTATION_REPRESENTATION (  '', ( #11404 ), #525 ) ;
#12719 = STYLED_ITEM ( 'NONE', ( #6838 ), #2841 ) ;
#12720 = PLANE ( 'NONE',  #11984 ) ;
#12721 = ORIENTED_EDGE ( 'NONE', *, *, #6763, .F. ) ;
#12722 = EDGE_CURVE ( 'NONE', #3664, #6417, #8543, .T. ) ;
#12723 = VERTEX_POINT ( 'NONE', #12761 ) ;
#12724 = DIRECTION ( 'NONE',  ( -1.000000000000000000, 0.0000000000000000000, 0.0000000000000000000 ) ) ;
#12725 =( GEOMETRIC_REPRESENTATION_CONTEXT ( 3 ) GLOBAL_UNCERTAINTY_ASSIGNED_CONTEXT ( ( #12641 ) ) GLOBAL_UNIT_ASSIGNED_CONTEXT ( ( #4532, #11400, #5497 ) ) REPRESENTATION_CONTEXT ( 'NONE', 'WORKASPACE' ) );
#12726 = CARTESIAN_POINT ( 'NONE',  ( 0.1372400328159084637, 0.1000000000000000056, -1.416874574924349872 ) ) ;
#12727 = EDGE_CURVE ( 'NONE', #12797, #987, #3279, .T. ) ;
#12729 = ADVANCED_FACE ( 'NONE', ( #11159 ), #3035, .T. ) ;
#12728 = CARTESIAN_POINT ( 'NONE',  ( -1.507075080061872185, 0.1000000000000000056, -0.1031605786060936225 ) ) ;
#12730 = ORIENTED_EDGE ( 'NONE', *, *, #3903, .F. ) ;
#12731 = DIRECTION ( 'NONE',  ( 0.0000000000000000000, 0.0000000000000000000, 1.000000000000000000 ) ) ;
#12732 = PRESENTATION_STYLE_ASSIGNMENT (( #3290 ) ) ;
#12733 = SURFACE_STYLE_USAGE ( .BOTH. , #558 ) ;
#12734 = UNCERTAINTY_MEASURE_WITH_UNIT (LENGTH_MEASURE( 1.000000000000000082E-05 ), #305, 'distance_accuracy_value', 'NONE');
#12735 = ORIENTED_EDGE ( 'NONE', *, *, #1223, .T. ) ;
#12736 = ORIENTED_EDGE ( 'NONE', *, *, #4389, .T. ) ;
#12737 = DIRECTION ( 'NONE',  ( 0.0000000000000000000, 0.0000000000000000000, -1.000000000000000000 ) ) ;
#12738 = AXIS2_PLACEMENT_3D ( 'NONE', #1938, #1894, #1604 ) ;
#12739 = FILL_AREA_STYLE ('',( #2836 ) ) ;
#12740 = PRESENTATION_STYLE_ASSIGNMENT (( #431 ) ) ;
#12741 = ORIENTED_EDGE ( 'NONE', *, *, #3820, .T. ) ;
#12742 = DIRECTION ( 'NONE',  ( 1.000000000000000000, -0.0000000000000000000, 0.0000000000000000000 ) ) ;
#12743 = EDGE_CURVE ( 'NONE', #5900, #4764, #2350, .T. ) ;
#12744 = CARTESIAN_POINT ( 'NONE',  ( -0.1060883464570583357, -0.05000000000000000278, 0.0000000000000000000 ) ) ;
#12745 = ORIENTED_EDGE ( 'NONE', *, *, #1069, .T. ) ;
#12746 = STYLED_ITEM ( 'NONE', ( #3727 ), #8638 ) ;
#12747 = FILL_AREA_STYLE_COLOUR ( '', #254 ) ;
#12748 = FACE_OUTER_BOUND ( 'NONE', #8119, .T. ) ;
#12749 = DIRECTION ( 'NONE',  ( 1.000000000000000000, 0.0000000000000000000, 0.0000000000000000000 ) ) ;
#12750 = VECTOR ( 'NONE', #1582, 1000.000000000000000 ) ;
#12751 = SURFACE_STYLE_USAGE ( .BOTH. , #11767 ) ;
#12752 = DIRECTION ( 'NONE',  ( 0.0000000000000000000, 1.000000000000000000, 0.0000000000000000000 ) ) ;
#12753 = ADVANCED_FACE ( 'NONE', ( #9920 ), #1085, .T. ) ;
#12754 = VECTOR ( 'NONE', #840, 1000.000000000000000 ) ;
#12755 = PRESENTATION_LAYER_ASSIGNMENT (  '', '', ( #11450 ) ) ;
#12756 = EDGE_CURVE ( 'NONE', #10020, #7267, #11613, .T. ) ;
#12757 = DIRECTION ( 'NONE',  ( 0.0000000000000000000, 1.000000000000000000, 0.0000000000000000000 ) ) ;
#12758 = CARTESIAN_POINT ( 'NONE',  ( -0.4849999999999994316, -0.05000000000000000278, 0.0000000000000000000 ) ) ;
#12759 = CARTESIAN_POINT ( 'NONE',  ( 0.0000000000000000000, -0.05000000000000000278, -1.416874574924349872 ) ) ;
#12760 = ORIENTED_EDGE ( 'NONE', *, *, #5777, .T. ) ;
#12761 = CARTESIAN_POINT ( 'NONE',  ( -1.134999999999999787, 0.0000000000000000000, 1.500000000000000000 ) ) ;
#12762 = VECTOR ( 'NONE', #8021, 1000.000000000000000 ) ;
#12763 =( NAMED_UNIT ( * ) PLANE_ANGLE_UNIT ( ) SI_UNIT ( $, .RADIAN. ) );
#12764 = LINE ( 'NONE', #10426, #5224 ) ;
#12765 = SURFACE_STYLE_USAGE ( .BOTH. , #879 ) ;
#12766 = VECTOR ( 'NONE', #2801, 1000.000000000000000 ) ;
#12767 = AXIS2_PLACEMENT_3D ( 'NONE', #2598, #9516, #3597 ) ;
#12768 = VECTOR ( 'NONE', #4818, 1000.000000000000000 ) ;
#12769 = EDGE_CURVE ( 'NONE', #7032, #302, #8991, .T. ) ;
#12770 = EDGE_CURVE ( 'NONE', #11882, #8942, #11308, .T. ) ;
#12771 = CARTESIAN_POINT ( 'NONE',  ( 0.8149999999999995026, 0.1000000000000000056, 1.375493264616636679 ) ) ;
#12772 = CARTESIAN_POINT ( 'NONE',  ( 0.0000000000000000000, -0.05000000000000000278, 1.649999999999999467 ) ) ;
#12773 = MECHANICAL_DESIGN_GEOMETRIC_PRESENTATION_REPRESENTATION (  '', ( #11471 ), #606 ) ;
#12774 = CARTESIAN_POINT ( 'NONE',  ( 0.5693055000161476586, 0.1000000000000000056, 1.249999999999999112 ) ) ;
#12775 = ORIENTED_EDGE ( 'NONE', *, *, #5169, .T. ) ;
#12776 =( LENGTH_UNIT ( ) NAMED_UNIT ( * ) SI_UNIT ( .MILLI., .METRE. ) );
#12777 = ORIENTED_EDGE ( 'NONE', *, *, #7535, .T. ) ;
#12778 = CARTESIAN_POINT ( 'NONE',  ( 1.455814029726843373, 0.1499999999999999944, -1.355814029726843728 ) ) ;
#12779 = ORIENTED_EDGE ( 'NONE', *, *, #4582, .F. ) ;
#12780 = VECTOR ( 'NONE', #983, 1000.000000000000000 ) ;
#12781 = VECTOR ( 'NONE', #2080, 1000.000000000000000 ) ;
#12782 = EDGE_LOOP ( 'NONE', ( #1191, #1816, #9199, #9254 ) ) ;
#12783 = MECHANICAL_DESIGN_GEOMETRIC_PRESENTATION_REPRESENTATION (  '', ( #10819 ), #616 ) ;
#12784 = COLOUR_RGB ( '',0.2509803921568627416, 0.2509803921568627416, 0.2509803921568627416 ) ;
#12785 = DIRECTION ( 'NONE',  ( 1.000000000000000000, -0.0000000000000000000, 0.0000000000000000000 ) ) ;
#12786 = COLOUR_RGB ( '',1.000000000000000000, 1.000000000000000000, 1.000000000000000000 ) ;
#12787 = SURFACE_SIDE_STYLE ('',( #8427 ) ) ;
#12788 = CARTESIAN_POINT ( 'NONE',  ( -0.7406944999838511734, 0.1000000000000000056, 1.249999999999999112 ) ) ;
#12789 = COLOUR_RGB ( '',1.000000000000000000, 1.000000000000000000, 1.000000000000000000 ) ;
#12790 = ORIENTED_EDGE ( 'NONE', *, *, #2250, .F. ) ;
#12791 = CARTESIAN_POINT ( 'NONE',  ( -0.4849999999999994316, 0.1000000000000000056, -1.199999999999999289 ) ) ;
#12792 = LINE ( 'NONE', #3718, #7557 ) ;
#12793 = ORIENTED_EDGE ( 'NONE', *, *, #6394, .T. ) ;
#12794 = DIRECTION ( 'NONE',  ( 0.0000000000000000000, 1.000000000000000000, 0.0000000000000000000 ) ) ;
#12795 = CARTESIAN_POINT ( 'NONE',  ( -1.134999999999999787, -0.05000000000000000278, -1.416874574924349872 ) ) ;
#12796 = ORIENTED_EDGE ( 'NONE', *, *, #9389, .T. ) ;
#12797 = VERTEX_POINT ( 'NONE', #10085 ) ;
#12798 = ORIENTED_EDGE ( 'NONE', *, *, #6522, .F. ) ;
#12799 = AXIS2_PLACEMENT_3D ( 'NONE', #11621, #5720, #12608 ) ;
#12800 = CARTESIAN_POINT ( 'NONE',  ( 1.134999999999999787, 0.1000000000000000056, 0.0000000000000000000 ) ) ;
#12801 = EDGE_LOOP ( 'NONE', ( #7077, #9988, #8929, #10162, #11411, #5830, #5814, #5779, #5479, #5253, #5052, #4912 ) ) ;
#12802 = LINE ( 'NONE', #11046, #7570 ) ;
#12803 = CARTESIAN_POINT ( 'NONE',  ( -0.4849999999999994316, 0.1000000000000000056, -1.199999999999999289 ) ) ;
#12804 = UNCERTAINTY_MEASURE_WITH_UNIT (LENGTH_MEASURE( 1.000000000000000082E-05 ), #4768, 'distance_accuracy_value', 'NONE');
#12805 = VERTEX_POINT ( 'NONE', #11041 ) ;
#12806 = CARTESIAN_POINT ( 'NONE',  ( 0.0000000000000000000, -0.05000000000000000278, -1.416874574924349872 ) ) ;
#12807 = SURFACE_STYLE_USAGE ( .BOTH. , #5917 ) ;
#12808 = VERTEX_POINT ( 'NONE', #3162 ) ;
#12809 = SURFACE_STYLE_USAGE ( .BOTH. , #5918 ) ;
#12810 = VERTEX_POINT ( 'NONE', #12037 ) ;
#12811 =( NAMED_UNIT ( * ) PLANE_ANGLE_UNIT ( ) SI_UNIT ( $, .RADIAN. ) );
#12812 = PRESENTATION_LAYER_ASSIGNMENT (  '', '', ( #11495 ) ) ;
#12813 = CARTESIAN_POINT ( 'NONE',  ( -0.4949999999999992184, 0.1000000000000000056, 1.375493264616636679 ) ) ;
#12814 = DIRECTION ( 'NONE',  ( 1.000000000000000000, 0.0000000000000000000, -0.0000000000000000000 ) ) ;
#12815 = AXIS2_PLACEMENT_3D ( 'NONE', #4849, #4762, #4725 ) ;
#12816 = VECTOR ( 'NONE', #6825, 1000.000000000000000 ) ;
#12817 = FACE_OUTER_BOUND ( 'NONE', #410, .T. ) ;
#12818 = VECTOR ( 'NONE', #10117, 1000.000000000000000 ) ;
#12819 = MECHANICAL_DESIGN_GEOMETRIC_PRESENTATION_REPRESENTATION (  '', ( #10859 ), #642 ) ;
#12820 = VERTEX_POINT ( 'NONE', #11083 ) ;
#12821 = DIRECTION ( 'NONE',  ( 0.0000000000000000000, 0.0000000000000000000, -1.000000000000000000 ) ) ;
#12822 = VECTOR ( 'NONE', #4017, 1000.000000000000000 ) ;
#12823 = FILL_AREA_STYLE_COLOUR ( '', #5660 ) ;
#12824 = SURFACE_STYLE_FILL_AREA ( #7798 ) ;
#12825 = ORIENTED_EDGE ( 'NONE', *, *, #2698, .F. ) ;
#12826 = DIRECTION ( 'NONE',  ( 0.0000000000000000000, 1.000000000000000000, 0.0000000000000000000 ) ) ;
#12827 = CARTESIAN_POINT ( 'NONE',  ( -1.134999999999999787, 0.0000000000000000000, 0.0000000000000000000 ) ) ;
#12828 = CIRCLE ( 'NONE', #3287, 0.03693314907479819387 ) ;
#12829 = DIRECTION ( 'NONE',  ( -0.0000000000000000000, -1.000000000000000000, -0.0000000000000000000 ) ) ;
#12830 = CARTESIAN_POINT ( 'NONE',  ( 0.0000000000000000000, -0.05000000000000000278, -1.277681107331943622 ) ) ;
#12831 = DIRECTION ( 'NONE',  ( 0.0000000000000000000, 0.0000000000000000000, 1.000000000000000000 ) ) ;
#12832 = AXIS2_PLACEMENT_3D ( 'NONE', #4080, #10983, #5080 ) ;
#12833 = EDGE_CURVE ( 'NONE', #25, #4235, #11005, .T. ) ;
#12834 = VECTOR ( 'NONE', #7907, 1000.000000000000000 ) ;
#12835 = DIRECTION ( 'NONE',  ( -1.000000000000000000, -0.0000000000000000000, 0.0000000000000000000 ) ) ;
#12836 = EDGE_CURVE ( 'NONE', #1951, #2441, #3737, .T. ) ;
#12837 = CARTESIAN_POINT ( 'NONE',  ( 0.0000000000000000000, 0.1000000000000000056, -0.2000076143446563315 ) ) ;
#12838 = DIRECTION ( 'NONE',  ( 0.0000000000000000000, -1.000000000000000000, 0.0000000000000000000 ) ) ;
#12839 = CARTESIAN_POINT ( 'NONE',  ( 0.8189977282522473701, -0.05000000000000000278, -1.649999999999998579 ) ) ;
#12840 = VERTEX_POINT ( 'NONE', #2196 ) ;
#12841 =( NAMED_UNIT ( * ) SI_UNIT ( $, .STERADIAN. ) SOLID_ANGLE_UNIT ( ) );
#12842 = CARTESIAN_POINT ( 'NONE',  ( -0.1412377610681545548, -0.05000000000000000278, -1.416874574924349872 ) ) ;
#12843 = PLANE ( 'NONE',  #5464 ) ;
#12844 = PRESENTATION_LAYER_ASSIGNMENT (  '', '', ( #10875 ) ) ;
#12845 = LINE ( 'NONE', #8080, #12547 ) ;
#12846 = CARTESIAN_POINT ( 'NONE',  ( 0.0000000000000000000, 0.1000000000000000056, -1.416874574924349872 ) ) ;
#12847 = CIRCLE ( 'NONE', #6689, 0.03338112451568553407 ) ;
#12848 = SURFACE_STYLE_FILL_AREA ( #6925 ) ;
ENDSEC;
END-ISO-10303-21;
